点位编号,点位名称,日期,记录编号,品种集合,生育期标签,生育期编码,灰斑病发病株率,灰斑病病情指数,大斑病发病株率,大斑病病情指数,白斑病发病株率,白斑病病情指数,累计偏移天数,偏移记录数,同日重复组编号,原始_10m风速均值,原始_10m风速最大值,原始_10m风速最小值,原始_24小时最大降水量,原始_24小时最小降水量,原始_24小时降水量之和,原始_相对湿度均值,原始_相对湿度最大值,原始_相对湿度最小值,原始_2m气温均值(℃),原始_2m气温最大值(℃),原始_2m气温最小值(℃),原始_土壤湿度,原始_地表温度均值(℃),原始_地表温度最大值(℃),原始_地表温度最小值(℃),原始_地面气压均值(kPa),原始_地面气压最大值(kPa),原始_地面气压最小值(kPa),原始_短波辐射均值,原始_短波辐射最大值,原始_短波辐射最小值,原始_0-10cm土壤相对湿度,原始_5cm土壤温度(℃),有效积温_GDD,累计降水_7d(mm),累计降水_14d(mm),rain_21d_sum,rain_28d_sum,连续降雨天数,降雨间歇长度(天),平均气温℃_7d,平均气温℃_14d,平均气温℃_21d,temp_28d_mean,24h温差℃,平均相对湿度_7d,平均相对湿度_14d,平均相对湿度_21d,rh_28d_mean,湿度日较差,平均土壤相对湿度_7d,平均土壤相对湿度_14d,平均土壤相对湿度_21d,soil_rel_humidity_28d_mean,平均短波辐射_7d,radiation_28d_mean,平均风速_7d,wind_28d_mean,是否弱风日,弱风日连续天数,寡照连续天数,站点低温阈值(℃),站点高温阈值(℃),连续高温天数,连续低温天数,连续适温天数,连续高湿天数,连续较高湿度天数,7天内高湿天数,high_humidity_28d_count,7天内强降雨次数,heavy_rain_28d_count,连续强降雨次数,7天最大单日降雨_mm,max_single_day_rain_28d,连续高温高湿天数,连续适温高湿天数,连续弱风高湿天数
1,周公山镇余家村,2025-05-22,2,同玉609,V14,14.0,0.0,0.0,0.0,0.0,0.0,0.0,0,0,1,1.013643503189087,2.577009677886963,0.14351041615009308,2.310421943664551,0.0,8.507671356201172,73.97625732421875,100.0,39.95880889892578,24.164270401000977,31.484500885009766,18.438129425048828,0.2519056499004364,26.798179626464844,39.86983871459961,19.138879776000977,92.07282257080078,92.39193725585938,91.80377197265625,219.39564514160156,960.579833984375,0.0,69.56998443603516,26.361099243164062,549.6355590820312,10.356950759887695,10.356950759887695,101.08833312988281,108.66989135742188,1.0,0.0,23.28255271911621,22.04647445678711,21.859121322631836,21.011178970336914,13.046371459960938,66.91002655029297,63.07343673706055,65.70762634277344,67.66999816894531,60.04119110107422,69.29768371582031,71.64600372314453,74.02861785888672,73.58457946777344,200.74435424804688,207.234619140625,0.7267998456954956,0.7224143743515015,1.0,61.0,0.0,18.0,28.0,0.0,0.0,0.0,0.0,0.0,0.0,0.0,0.0,1.0,0.0,8.507671356201172,78.33484649658203,0.0,0.0,0.0
1,周公山镇余家村,2025-05-29,3,同玉609,VT,15.0,0.0,0.0,0.0,0.0,0.0,0.0,0,0,1,0.4688264727592468,0.8161299228668213,0.1006467193365097,0.5139073133468628,0.0,1.4012200832366943,83.75395202636719,100.0,62.80634689331055,20.710500717163086,24.441669464111328,18.218650817871094,0.29357293248176575,21.145349502563477,26.028600692749023,17.455320358276367,91.86174774169922,92.35169219970703,91.5122299194336,102.24974060058594,374.04595947265625,0.0,81.07743835449219,21.16415023803711,624.54052734375,46.31840133666992,56.675350189208984,56.675350189208984,147.40673828125,1.0,0.0,20.700702667236328,21.991628646850586,21.597885131835938,21.569515228271484,6.223018646240234,77.71646881103516,72.31324768066406,67.95443725585938,68.70983123779297,37.19365310668945,78.18912506103516,73.74340057373047,73.82704162597656,75.06874084472656,157.2462921142578,202.55433654785156,0.717934787273407,0.7327381372451782,1.0,68.0,0.0,18.0,28.0,0.0,0.0,0.0,0.0,1.0,1.0,1.0,0.0,1.0,0.0,23.934799194335938,78.33484649658203,0.0,0.0,0.0
1,周公山镇余家村,2025-06-12,4,同玉609,R1,16.0,0.0,0.0,0.0,0.0,0.0,0.0,0,0,1,0.532727062702179,1.1564078330993652,0.10354961454868317,0.0,0.0,0.0,52.17378616333008,100.0,29.365346908569336,27.571130752563477,35.36539840698242,21.11263084411621,0.22364869713783264,30.88426971435547,43.376060485839844,21.370899200439453,91.79290771484375,92.06253051757812,91.60957336425781,334.3163146972656,1035.4381103515625,0.0,61.76612854003906,30.065330505371094,807.5729370117188,0.0,14.814596176147461,61.13300323486328,71.48995208740234,0.0,8.0,25.836374282836914,23.073745727539062,22.282733917236328,22.532686233520508,14.252767562866211,57.04853057861328,66.8536605834961,70.47460174560547,69.58345794677734,70.63465118408203,69.4998779296875,75.11346435546875,76.13868713378906,74.4284439086914,251.49374389648438,185.61549377441406,0.7418761253356934,0.7253231406211853,1.0,82.0,0.0,18.0,28.0,0.0,0.0,5.0,0.0,0.0,0.0,2.0,0.0,0.0,0.0,0.0,23.934799194335938,0.0,0.0,0.0
1,周公山镇余家村,2025-06-19,5,同玉609,R1,16.0,0.0,0.0,0.0,0.0,0.0,0.0,0,0,1,1.0696213245391846,1.8157360553741455,0.2910350263118744,0.0,0.0,0.0,68.90709686279297,86.4957504272461,47.338253021240234,25.51569938659668,29.9755802154541,22.643600463867188,0.22780117392539978,26.418180465698242,33.01900100708008,21.83694076538086,91.54694366455078,91.62244415283203,91.47750091552734,135.17788696289062,527.1301879882812,0.0,62.91293716430664,26.320280075073242,922.5980834960938,5.995892524719238,5.995892524719238,20.810489654541016,67.12889099121094,0.0,2.0,26.43216896057129,26.134267807006836,24.193218231201172,23.320087432861328,7.331979751586914,65.82123565673828,61.43488311767578,66.509521484375,69.3112564086914,39.15749740600586,62.61189651489258,66.05589294433594,70.94627380371094,72.7569808959961,204.0802459716797,186.44947814941406,0.6851546168327332,0.7149118185043335,1.0,89.0,0.0,18.0,28.0,0.0,0.0,1.0,0.0,0.0,0.0,2.0,0.0,0.0,0.0,4.566403388977051,23.934799194335938,0.0,0.0,0.0
1,周公山镇余家村,2025-06-26,6,同玉609,R2,17.0,0.0,0.0,0.0,0.0,0.0,0.0,0,0,1,0.4810916483402252,0.8140638470649719,0.21817617118358612,0.0,0.0,0.0,76.61940002441406,100.0,54.6536979675293,24.899900436401367,28.63405990600586,21.15605926513672,0.30083388090133667,25.407800674438477,30.257469177246094,21.216100692749023,91.84200286865234,92.05618286132812,91.62362670898438,183.3902130126953,543.3817138671875,0.0,83.08273315429688,24.966459274291992,1013.766357421875,90.33051300048828,96.32640075683594,96.32640075683594,111.14099884033203,0.0,2.0,23.024023056030273,24.72809410095215,25.097518920898438,23.900920867919922,7.478000640869141,79.9670639038086,72.89414978027344,67.61227416992188,69.87390899658203,45.3463020324707,78.98796844482422,70.79994201660156,70.36658477783203,72.95669555664062,148.96951293945312,184.38027954101562,0.5479517579078674,0.6724161505699158,1.0,96.0,0.0,18.0,28.0,0.0,0.0,0.0,0.0,0.0,2.0,3.0,2.0,2.0,0.0,40.998138427734375,40.998138427734375,0.0,0.0,0.0
1,周公山镇余家村,2025-07-03,7,同玉609,R2,17.0,0.0,0.0,0.0,0.0,0.0,0.0,0,0,1,0.3588118553161621,0.6710200309753418,0.011937998235225677,3.456174612045288,0.0,9.656295776367188,93.44947814941406,100.0,78.18370819091797,22.827939987182617,24.488100051879883,21.48278045654297,0.3206319808959961,23.49272918701172,26.225549697875977,21.342599868774414,91.52925872802734,91.6178207397461,91.39282989501953,74.72805786132812,253.51864624023438,0.0,88.55046081542969,23.683040618896484,1114.4915771484375,110.95246887207031,201.28298950195312,207.27886962890625,207.27886962890625,3.0,0.0,24.389345169067383,23.70668601989746,24.61517906188965,24.920475006103516,3.005319595336914,83.87493896484375,81.92100524902344,76.55440521240234,71.67794036865234,21.81629180908203,86.92813873291016,82.95805358886719,76.17598724365234,74.50696563720703,166.14266967773438,192.67153930664062,0.495561420917511,0.6176360249519348,1.0,103.0,2.0,18.0,28.0,0.0,0.0,0.0,2.0,0.0,3.0,5.0,1.0,3.0,0.0,83.80626678466797,83.80626678466797,0.0,0.0,2.0
1,周公山镇余家村,2025-07-10,8,同玉609,R3,18.0,0.0,0.0,0.0,0.0,0.0,0.0,0,0,1,0.6324793696403503,1.2406278848648071,0.11095742136240005,0.6421425938606262,0.0,0.6421425938606262,77.95682525634766,100.0,49.813968658447266,27.571739196777344,33.339839935302734,22.64006996154785,0.3064841330051422,28.810020446777344,36.032649993896484,23.314420700073242,91.66073608398438,91.85771179199219,91.5575180053711,309.08148193359375,982.9551391601562,0.0,84.64318084716797,27.954599380493164,1199.441650390625,165.89405822753906,267.19024658203125,357.520751953125,363.5166320800781,9.0,0.0,23.96827507019043,24.32680892944336,23.921871185302734,24.622852325439453,10.699769973754883,85.41255187988281,83.44159698486328,81.91616821289062,77.29481506347656,50.186031341552734,90.36577606201172,88.25640106201172,84.20645904541016,78.76686096191406,154.3045196533203,177.64524841308594,0.5772076845169067,0.5826801657676697,1.0,109.0,0.0,18.0,28.0,0.0,0.0,1.0,0.0,0.0,2.0,6.0,1.0,4.0,0.0,146.4057159423828,146.4057159423828,0.0,0.0,0.0
1,周公山镇余家村,2025-07-17,9,同玉609,R4,19.0,0.0,0.0,0.0,0.0,0.0,0.0,0,0,1,1.3922805786132812,2.613521099090576,0.33722424507141113,0.0,0.0,0.0,72.5512924194336,97.40689086914062,50.69978332519531,27.752399444580078,32.645599365234375,23.961240768432617,0.27450284361839294,29.177600860595703,35.59376907348633,23.887300491333008,87.07523345947266,87.22762298583984,86.9009017944336,241.87448120117188,755.555419921875,0.0,75.81075286865234,28.615400314331055,1324.8604736328125,8.08220386505127,173.9762725830078,275.2724304199219,365.6029357910156,0.0,2.0,27.916963577270508,25.942623138427734,25.523527145385742,24.920642852783203,8.684358596801758,76.8587646484375,81.13566589355469,81.24732971191406,80.65181732177734,46.70710754394531,81.76026153564453,86.06303405761719,86.09102630615234,83.59490966796875,259.21502685546875,184.31687927246094,0.8443552851676941,0.6416550874710083,1.0,116.0,0.0,18.0,28.0,0.0,0.0,2.0,0.0,0.0,0.0,6.0,0.0,4.0,0.0,4.143139839172363,146.4057159423828,0.0,0.0,0.0
2,蒙顶山茶南部加工园,2025-05-21,10,同玉609,V14,14.0,0.0,0.0,0.0,0.0,0.0,0.0,0,0,1,0.7083575129508972,1.614790916442871,0.09015421569347382,1.0913851261138916,0.0,1.4713242053985596,76.98077392578125,96.45599365234375,56.66990661621094,24.332000732421875,28.852750778198242,21.187040328979492,0.2855321764945984,25.352319717407227,32.32789993286133,20.931299209594727,93.5086669921875,93.71732330322266,93.24651336669922,123.75965881347656,542.2412109375,0.0,77.46798706054688,25.31730079650879,573.8934326171875,3.9741780757904053,3.9741780757904053,67.14032745361328,73.42677307128906,2.0,0.0,23.636449813842773,22.602521896362305,22.49721336364746,21.485055923461914,7.66571044921875,68.60482788085938,65.19091796875,67.70210266113281,70.10353088378906,39.78608703613281,77.53501892089844,79.47176361083984,80.94889068603516,81.5773696899414,203.71543884277344,218.35507202148438,0.46403104066848755,0.5935296416282654,1.0,61.0,0.0,18.0,28.0,0.0,0.0,0.0,0.0,0.0,0.0,0.0,0.0,1.0,0.0,2.5028538703918457,56.35072326660156,0.0,0.0,0.0
2,蒙顶山茶南部加工园,2025-05-28,11,同玉609,VT,15.0,0.0,0.0,0.0,0.0,0.0,0.0,0,0,1,0.39439311623573303,1.3031539916992188,0.05047185719013214,0.0,0.0,0.0,78.34150695800781,100.0,55.45075225830078,22.088600158691406,26.989429473876953,18.359500885009766,0.316019207239151,23.49217987060547,31.19853973388672,18.650779724121094,94.15262603759766,94.40917205810547,93.99024963378906,216.0075225830078,755.6876831054688,0.0,85.73944091796875,23.036300659179688,658.0293579101562,35.75146484375,39.72563934326172,39.72563934326172,102.89178466796875,0.0,1.0,22.01942253112793,22.827938079833984,22.40815544128418,22.377761840820312,8.629928588867188,77.52266693115234,73.06375885009766,69.301513671875,70.1572494506836,44.54924774169922,81.1719741821289,79.35350036621094,80.03849029541016,81.00465393066406,187.6597137451172,223.0465087890625,0.6826015710830688,0.6220389008522034,1.0,68.0,0.0,18.0,28.0,0.0,0.0,0.0,0.0,0.0,1.0,1.0,0.0,1.0,0.0,17.720352172851562,56.35072326660156,0.0,0.0,0.0
2,蒙顶山茶南部加工园,2025-06-05,12,同玉609,VT,15.0,0.0,0.0,0.0,0.0,0.0,0.0,0,0,1,0.4756886661052704,0.9720599055290222,0.10671587288379669,0.0,0.0,0.0,70.658447265625,95.2255859375,53.204044342041016,23.944480895996094,27.91805076599121,20.24544906616211,0.3021174371242523,24.536279678344727,30.242799758911133,19.821250915527344,93.637451171875,93.8968276977539,93.47283935546875,171.9796905517578,614.364501953125,0.0,81.96774291992188,24.085350036621094,748.854736328125,15.698539733886719,47.454734802246094,57.081295013427734,57.081295013427734,0.0,1.0,21.290531158447266,21.436269760131836,22.28920555114746,22.09781265258789,7.672601699829102,79.17243194580078,78.85407257080078,75.91119384765625,72.24451446533203,42.021541595458984,85.79905700683594,83.99177551269531,81.76214599609375,81.41839599609375,132.83412170410156,188.02674865722656,0.5492867231369019,0.5720686316490173,1.0,76.0,0.0,18.0,28.0,0.0,0.0,0.0,0.0,0.0,3.0,4.0,0.0,0.0,0.0,13.891814231872559,17.720352172851562,0.0,0.0,0.0
2,蒙顶山茶南部加工园,2025-06-11,13,同玉609,R1,16.0,0.0,0.0,0.0,0.0,0.0,0.0,0,0,1,0.4591415524482727,1.2913844585418701,0.051152244210243225,0.0,0.0,0.0,53.0624885559082,100.0,29.80571937561035,27.61642074584961,35.91270065307617,20.302099227905273,0.264263391494751,30.40715980529785,42.39373016357422,20.879329681396484,93.84058380126953,94.15117645263672,93.64930725097656,356.99560546875,1082.0882568359375,0.0,71.6975326538086,29.563499450683594,847.3229370117188,0.0,17.35565757751465,53.10711669921875,57.081298828125,0.0,7.0,26.058958053588867,23.52097511291504,23.020456314086914,23.174453735351562,15.610601425170898,62.07831573486328,71.59989166259766,73.57415008544922,72.33182525634766,70.19428253173828,77.75489044189453,81.94608306884766,81.68804931640625,80.64978790283203,238.35984802246094,189.40432739257812,0.5403470396995544,0.5537735819816589,1.0,82.0,0.0,18.0,28.0,0.0,0.0,4.0,0.0,0.0,0.0,4.0,0.0,0.0,0.0,0.0,17.720352172851562,0.0,0.0,0.0
2,蒙顶山茶南部加工园,2025-06-18,14,同玉609,R1,16.0,0.0,0.0,0.0,0.0,0.0,0.0,0,0,1,0.6836082339286804,1.1676074266433716,0.14595741033554077,0.0,0.0,0.0,86.56180572509766,99.3796157836914,70.60169982910156,25.04323959350586,26.7768497467041,23.910419464111328,0.24572744965553284,26.634450912475586,31.05940055847168,23.490230560302734,93.15048217773438,93.27118682861328,93.0653076171875,89.0143814086914,337.3660888671875,0.0,66.66852569580078,26.98543930053711,970.77783203125,2.667236089706421,2.667236089706421,20.02289390563965,55.77435302734375,0.0,1.0,27.636409759521484,26.847684860229492,24.892784118652344,24.174442291259766,2.8664302825927734,63.27684783935547,62.67758560180664,68.82554626464844,70.99982452392578,28.777915954589844,67.91178131103516,72.83333587646484,77.26798248291016,78.24398040771484,254.509765625,202.1029052734375,0.5254665613174438,0.569132387638092,1.0,89.0,1.0,18.0,28.0,0.0,0.0,1.0,0.0,1.0,0.0,4.0,0.0,0.0,0.0,2.3727874755859375,17.720352172851562,0.0,0.0,0.0
2,蒙顶山茶南部加工园,2025-06-25,15,同玉609,R2,17.0,0.0,0.0,0.0,0.0,0.0,0.0,0,0,1,0.3844280540943146,0.7287276983261108,0.0754062682390213,0.0,0.0,0.0,79.65489196777344,100.0,56.681236267089844,23.62652015686035,28.236080169677734,19.759599685668945,0.34753283858299255,24.67983055114746,30.51491928100586,20.58163070678711,93.82176971435547,93.9668197631836,93.6905517578125,211.29428100585938,702.6192626953125,0.0,94.28943634033203,24.399839401245117,1068.906982421875,120.94793701171875,123.61517333984375,123.61517333984375,140.9708251953125,0.0,1.0,24.018430709838867,25.82741928100586,25.904598236083984,24.6741943359375,8.476480484008789,81.23870086669922,72.25777435302734,68.86461639404297,71.9288330078125,43.318763732910156,78.95189666748047,73.43183898925781,74.87285614013672,77.68896484375,153.9969940185547,193.68724060058594,0.5217059254646301,0.5289084315299988,1.0,96.0,0.0,18.0,28.0,0.0,0.0,0.0,0.0,0.0,2.0,5.0,3.0,3.0,0.0,46.540985107421875,46.540985107421875,0.0,0.0,0.0
2,蒙顶山茶南部加工园,2025-07-02,16,同玉609,R2,17.0,0.0,0.0,0.0,0.0,0.0,0.0,0,0,1,0.24928385019302368,0.6343986392021179,0.08278957009315491,3.3235208988189697,0.0,6.4495530128479,92.35318756103516,100.0,74.5522689819336,24.2526798248291,26.50027084350586,22.85287094116211,0.37681710720062256,25.168100357055664,27.652860641479492,23.093870162963867,93.5068588256836,93.6519775390625,93.33294677734375,106.23856353759766,329.067626953125,0.0,102.16561126708984,25.36090087890625,1177.7313232421875,164.42385864257812,285.3717956542969,288.0390319824219,288.0390319824219,2.0,0.0,25.54636001586914,24.78239631652832,25.733732223510742,25.815038681030273,3.64739990234375,82.63264465332031,81.9356689453125,75.716064453125,72.30662536621094,25.447731018066406,95.49600982666016,87.22396087646484,80.78656768798828,80.02864074707031,202.6354217529297,212.3755340576172,0.48651066422462463,0.5185075402259827,1.0,103.0,0.0,18.0,28.0,0.0,0.0,0.0,1.0,0.0,2.0,4.0,3.0,6.0,0.0,92.7669448852539,92.7669448852539,0.0,0.0,1.0
2,蒙顶山茶南部加工园,2025-07-09,17,同玉609,R3,18.0,0.0,0.0,0.0,0.0,0.0,0.0,0,0,1,0.5586179494857788,1.316401481628418,0.07818977534770966,0.0,0.0,0.0,79.14645385742188,100.0,51.033138275146484,28.201440811157227,33.93785858154297,23.31329917907715,0.35249775648117065,29.188800811767578,36.70323944091797,23.948659896850586,93.56301879882812,93.75309753417969,93.4285888671875,312.3927001953125,1047.01611328125,0.0,95.636474609375,28.361900329589844,1281.2696533203125,78.45777130126953,242.88165283203125,363.82952880859375,366.4967956542969,0.0,1.0,24.791196823120117,25.168779373168945,24.785329818725586,25.498096466064453,10.62455940246582,87.30879974365234,84.97071838378906,83.72672271728516,78.61425018310547,48.966861724853516,100.06134796142578,97.77867889404297,91.50308990478516,85.6052474975586,166.12657165527344,194.31716918945312,0.5046631097793579,0.50958651304245,1.0,110.0,0.0,18.0,28.0,1.0,0.0,0.0,0.0,0.0,3.0,7.0,1.0,7.0,0.0,55.230289459228516,92.7669448852539,0.0,0.0,0.0
2,蒙顶山茶南部加工园,2025-07-16,18,同玉609,R4,19.0,0.0,0.0,0.0,0.0,0.0,0.0,0,0,1,0.7844889760017395,2.0917017459869385,0.14953643083572388,0.0,0.0,0.0,69.58917236328125,100.0,45.53480529785156,31.925399780273438,38.18016815185547,26.59847068786621,0.3154047727584839,32.771629333496094,41.373321533203125,26.8487491607666,93.46978759765625,93.69682312011719,93.23809814453125,258.1226806640625,838.813720703125,0.0,85.57274627685547,31.89381980895996,1395.681640625,26.072317123413086,110.97964477539062,268.9539489746094,389.9018859863281,0.0,2.0,28.94474220275879,26.58591651916504,26.209579467773438,25.71238899230957,11.581697463989258,78.84844970703125,84.02195739746094,82.95417022705078,82.77198791503906,54.46519470214844,93.88809967041016,97.44109344482422,96.41767883300781,91.06477355957031,277.24993896484375,192.02442932128906,0.5531716346740723,0.520976722240448,1.0,116.0,0.0,18.0,28.0,4.0,0.0,0.0,0.0,0.0,0.0,7.0,0.0,7.0,0.0,13.649925231933594,92.7669448852539,0.0,0.0,0.0
3,宝兴-1,2025-08-01,19,翔玉168,V10,10.0,0.0,0.0,0.0,0.0,0.0,0.0,-365,1,1,0.8254604935646057,0.8254604935646057,0.8254604935646057,0.0,0.0,0.0,83.82418060302734,100.0,45.671627044677734,24.693349838256836,32.042301177978516,19.671300888061523,0.2944614887237549,25.725460052490234,34.268821716308594,19.139699935913086,81.33162689208984,81.54419708251953,81.08647918701172,319.2144775390625,1014.65869140625,0.0,70.98705291748047,25.300559997558594,662.5997924804688,16.987552642822266,37.71726989746094,38.03395462036133,105.80551147460938,0.0,2.0,22.977794647216797,22.632213592529297,22.977066040039062,22.547592163085938,12.371000289916992,82.97721099853516,79.53290557861328,80.02677154541016,82.2741470336914,54.328372955322266,76.35425567626953,74.24323272705078,74.56245422363281,78.41529083251953,297.2733459472656,259.2758483886719,0.9434893727302551,0.6593051552772522,1.0,60.0,0.0,18.0,28.0,0.0,0.0,0.0,0.0,5.0,0.0,4.0,0.0,1.0,0.0,11.743139266967773,50.268463134765625,0.0,0.0,0.0
3,宝兴-2,2025-08-01,29,白K888,V10,10.0,0.0,0.0,0.0,0.0,0.0,0.0,-365,1,2,0.8254604935646057,0.8254604935646057,0.8254604935646057,0.0,0.0,0.0,83.82418060302734,100.0,45.671627044677734,24.693349838256836,32.042301177978516,19.671300888061523,0.2944614887237549,25.725460052490234,34.268821716308594,19.139699935913086,81.33162689208984,81.54419708251953,81.08647918701172,319.2144775390625,1014.65869140625,0.0,70.98705291748047,25.300559997558594,662.5997924804688,16.987552642822266,37.71726989746094,38.03395462036133,105.80551147460938,0.0,2.0,22.977794647216797,22.632213592529297,22.977066040039062,22.547592163085938,12.371000289916992,82.97721099853516,79.53290557861328,80.02677154541016,82.2741470336914,54.328372955322266,76.35425567626953,74.24323272705078,74.56245422363281,78.41529083251953,297.2733459472656,259.2758483886719,0.9434893727302551,0.6593051552772522,1.0,60.0,0.0,18.0,28.0,0.0,0.0,0.0,0.0,5.0,0.0,4.0,0.0,1.0,0.0,11.743139266967773,50.268463134765625,0.0,0.0,0.0
3,宝兴-2,2025-08-01,38,内玉9018,V10,10.0,0.0,0.0,0.0,0.0,0.0,0.0,-365,1,3,0.8254604935646057,0.8254604935646057,0.8254604935646057,0.0,0.0,0.0,83.82418060302734,100.0,45.671627044677734,24.693349838256836,32.042301177978516,19.671300888061523,0.2944614887237549,25.725460052490234,34.268821716308594,19.139699935913086,81.33162689208984,81.54419708251953,81.08647918701172,319.2144775390625,1014.65869140625,0.0,70.98705291748047,25.300559997558594,662.5997924804688,16.987552642822266,37.71726989746094,38.03395462036133,105.80551147460938,0.0,2.0,22.977794647216797,22.632213592529297,22.977066040039062,22.547592163085938,12.371000289916992,82.97721099853516,79.53290557861328,80.02677154541016,82.2741470336914,54.328372955322266,76.35425567626953,74.24323272705078,74.56245422363281,78.41529083251953,297.2733459472656,259.2758483886719,0.9434893727302551,0.6593051552772522,1.0,60.0,0.0,18.0,28.0,0.0,0.0,0.0,0.0,5.0,0.0,4.0,0.0,1.0,0.0,11.743139266967773,50.268463134765625,0.0,0.0,0.0
3,宝兴-2,2025-08-01,47,郑单958,V12,12.0,0.0,0.0,0.0,0.0,0.0,0.0,-365,1,4,0.8254604935646057,0.8254604935646057,0.8254604935646057,0.0,0.0,0.0,83.82418060302734,100.0,45.671627044677734,24.693349838256836,32.042301177978516,19.671300888061523,0.2944614887237549,25.725460052490234,34.268821716308594,19.139699935913086,81.33162689208984,81.54419708251953,81.08647918701172,319.2144775390625,1014.65869140625,0.0,70.98705291748047,25.300559997558594,662.5997924804688,16.987552642822266,37.71726989746094,38.03395462036133,105.80551147460938,0.0,2.0,22.977794647216797,22.632213592529297,22.977066040039062,22.547592163085938,12.371000289916992,82.97721099853516,79.53290557861328,80.02677154541016,82.2741470336914,54.328372955322266,76.35425567626953,74.24323272705078,74.56245422363281,78.41529083251953,297.2733459472656,259.2758483886719,0.9434893727302551,0.6593051552772522,1.0,60.0,0.0,18.0,28.0,0.0,0.0,0.0,0.0,5.0,0.0,4.0,0.0,1.0,0.0,11.743139266967773,50.268463134765625,0.0,0.0,0.0
3,宝兴-1,2025-08-08,20,翔玉168,V12,12.0,0.0,0.0,0.0,0.0,0.0,0.0,-365,1,1,0.4834851324558258,1.228834867477417,0.15841223299503326,0.47133758664131165,0.0,1.2899011373519897,86.66775512695312,100.0,51.525611877441406,24.57308006286621,30.599760055541992,20.441280364990234,0.2682735025882721,24.99720001220703,32.964378356933594,20.151729583740234,81.62220764160156,81.84880828857422,81.46981048583984,230.4994354248047,990.4444580078125,0.0,64.6738052368164,24.635770797729492,762.6947021484375,9.787245750427246,26.774797439575195,47.504520416259766,47.82120132446289,4.0,0.0,24.29926872253418,23.638534545898438,23.18790054321289,23.307619094848633,10.158479690551758,86.80027770996094,84.88873291015625,81.95536041259766,81.72015380859375,48.474388122558594,66.44458770751953,71.39942932128906,71.64369201660156,72.5329818725586,227.4440155029297,256.4361877441406,0.4031621515750885,0.6627557873725891,1.0,67.0,0.0,18.0,28.0,0.0,0.0,0.0,0.0,1.0,2.0,3.0,0.0,0.0,0.0,6.332868576049805,13.609657287597656,0.0,0.0,0.0
3,宝兴-2,2025-08-08,30,白K888,V12,12.0,0.0,0.0,0.0,0.0,0.0,0.0,-365,1,2,0.4834851324558258,1.228834867477417,0.15841223299503326,0.47133758664131165,0.0,1.2899011373519897,86.66775512695312,100.0,51.525611877441406,24.57308006286621,30.599760055541992,20.441280364990234,0.2682735025882721,24.99720001220703,32.964378356933594,20.151729583740234,81.62220764160156,81.84880828857422,81.46981048583984,230.4994354248047,990.4444580078125,0.0,64.6738052368164,24.635770797729492,762.6947021484375,9.787245750427246,26.774797439575195,47.504520416259766,47.82120132446289,4.0,0.0,24.29926872253418,23.638534545898438,23.18790054321289,23.307619094848633,10.158479690551758,86.80027770996094,84.88873291015625,81.95536041259766,81.72015380859375,48.474388122558594,66.44458770751953,71.39942932128906,71.64369201660156,72.5329818725586,227.4440155029297,256.4361877441406,0.4031621515750885,0.6627557873725891,1.0,67.0,0.0,18.0,28.0,0.0,0.0,0.0,0.0,1.0,2.0,3.0,0.0,0.0,0.0,6.332868576049805,13.609657287597656,0.0,0.0,0.0
3,宝兴-2,2025-08-08,39,内玉9018,V12,12.0,0.0,0.0,0.0,0.0,0.0,0.0,-365,1,3,0.4834851324558258,1.228834867477417,0.15841223299503326,0.47133758664131165,0.0,1.2899011373519897,86.66775512695312,100.0,51.525611877441406,24.57308006286621,30.599760055541992,20.441280364990234,0.2682735025882721,24.99720001220703,32.964378356933594,20.151729583740234,81.62220764160156,81.84880828857422,81.46981048583984,230.4994354248047,990.4444580078125,0.0,64.6738052368164,24.635770797729492,762.6947021484375,9.787245750427246,26.774797439575195,47.504520416259766,47.82120132446289,4.0,0.0,24.29926872253418,23.638534545898438,23.18790054321289,23.307619094848633,10.158479690551758,86.80027770996094,84.88873291015625,81.95536041259766,81.72015380859375,48.474388122558594,66.44458770751953,71.39942932128906,71.64369201660156,72.5329818725586,227.4440155029297,256.4361877441406,0.4031621515750885,0.6627557873725891,1.0,67.0,0.0,18.0,28.0,0.0,0.0,0.0,0.0,1.0,2.0,3.0,0.0,0.0,0.0,6.332868576049805,13.609657287597656,0.0,0.0,0.0
3,宝兴-2,2025-08-08,48,郑单958,V14,14.0,0.0,0.0,0.0,0.0,0.0,0.0,-365,1,4,0.4834851324558258,1.228834867477417,0.15841223299503326,0.47133758664131165,0.0,1.2899011373519897,86.66775512695312,100.0,51.525611877441406,24.57308006286621,30.599760055541992,20.441280364990234,0.2682735025882721,24.99720001220703,32.964378356933594,20.151729583740234,81.62220764160156,81.84880828857422,81.46981048583984,230.4994354248047,990.4444580078125,0.0,64.6738052368164,24.635770797729492,762.6947021484375,9.787245750427246,26.774797439575195,47.504520416259766,47.82120132446289,4.0,0.0,24.29926872253418,23.638534545898438,23.18790054321289,23.307619094848633,10.158479690551758,86.80027770996094,84.88873291015625,81.95536041259766,81.72015380859375,48.474388122558594,66.44458770751953,71.39942932128906,71.64369201660156,72.5329818725586,227.4440155029297,256.4361877441406,0.4031621515750885,0.6627557873725891,1.0,67.0,0.0,18.0,28.0,0.0,0.0,0.0,0.0,1.0,2.0,3.0,0.0,0.0,0.0,6.332868576049805,13.609657287597656,0.0,0.0,0.0
3,宝兴-1,2025-08-15,21,翔玉168,V14,14.0,0.0,0.0,0.0,0.0,0.0,0.0,-365,1,1,0.27223941683769226,0.27223941683769226,0.27223941683769226,0.7061614394187927,0.0,1.8749656677246094,86.54859924316406,100.0,43.306209564208984,22.956300735473633,31.274499893188477,18.06777000427246,0.312240868806839,23.313400268554688,35.08531951904297,17.208759307861328,81.7579574584961,81.89904022216797,81.56456756591797,326.17828369140625,1055.3714599609375,0.0,75.27320098876953,22.98287010192871,846.7353515625,44.75067901611328,54.537925720214844,71.52548217773438,92.25520324707031,1.0,0.0,22.005802154541016,23.15254020690918,23.09429168701172,22.89237403869629,13.206729888916016,88.0326919555664,87.41648864746094,85.93672180175781,83.47469329833984,56.693790435791016,80.34539031982422,73.3949966430664,74.38140869140625,73.8191146850586,212.56179809570312,241.11105346679688,0.2768552005290985,0.6000438332557678,1.0,74.0,0.0,18.0,28.0,0.0,0.0,0.0,0.0,5.0,2.0,4.0,1.0,1.0,0.0,31.94119644165039,31.94119644165039,0.0,0.0,0.0
3,宝兴-2,2025-08-15,31,白K888,V14,14.0,0.0,0.0,0.0,0.0,0.0,0.0,-365,1,2,0.27223941683769226,0.27223941683769226,0.27223941683769226,0.7061614394187927,0.0,1.8749656677246094,86.54859924316406,100.0,43.306209564208984,22.956300735473633,31.274499893188477,18.06777000427246,0.312240868806839,23.313400268554688,35.08531951904297,17.208759307861328,81.7579574584961,81.89904022216797,81.56456756591797,326.17828369140625,1055.3714599609375,0.0,75.27320098876953,22.98287010192871,846.7353515625,44.75067901611328,54.537925720214844,71.52548217773438,92.25520324707031,1.0,0.0,22.005802154541016,23.15254020690918,23.09429168701172,22.89237403869629,13.206729888916016,88.0326919555664,87.41648864746094,85.93672180175781,83.47469329833984,56.693790435791016,80.34539031982422,73.3949966430664,74.38140869140625,73.8191146850586,212.56179809570312,241.11105346679688,0.2768552005290985,0.6000438332557678,1.0,74.0,0.0,18.0,28.0,0.0,0.0,0.0,0.0,5.0,2.0,4.0,1.0,1.0,0.0,31.94119644165039,31.94119644165039,0.0,0.0,0.0
3,宝兴-2,2025-08-15,40,内玉9018,V14,14.0,0.0,0.0,0.0,0.0,0.0,0.0,-365,1,3,0.27223941683769226,0.27223941683769226,0.27223941683769226,0.7061614394187927,0.0,1.8749656677246094,86.54859924316406,100.0,43.306209564208984,22.956300735473633,31.274499893188477,18.06777000427246,0.312240868806839,23.313400268554688,35.08531951904297,17.208759307861328,81.7579574584961,81.89904022216797,81.56456756591797,326.17828369140625,1055.3714599609375,0.0,75.27320098876953,22.98287010192871,846.7353515625,44.75067901611328,54.537925720214844,71.52548217773438,92.25520324707031,1.0,0.0,22.005802154541016,23.15254020690918,23.09429168701172,22.89237403869629,13.206729888916016,88.0326919555664,87.41648864746094,85.93672180175781,83.47469329833984,56.693790435791016,80.34539031982422,73.3949966430664,74.38140869140625,73.8191146850586,212.56179809570312,241.11105346679688,0.2768552005290985,0.6000438332557678,1.0,74.0,0.0,18.0,28.0,0.0,0.0,0.0,0.0,5.0,2.0,4.0,1.0,1.0,0.0,31.94119644165039,31.94119644165039,0.0,0.0,0.0
3,宝兴-2,2025-08-15,49,郑单958,VT,15.0,0.0,0.0,0.0,0.0,0.0,0.0,-365,1,4,0.27223941683769226,0.27223941683769226,0.27223941683769226,0.7061614394187927,0.0,1.8749656677246094,86.54859924316406,100.0,43.306209564208984,22.956300735473633,31.274499893188477,18.06777000427246,0.312240868806839,23.313400268554688,35.08531951904297,17.208759307861328,81.7579574584961,81.89904022216797,81.56456756591797,326.17828369140625,1055.3714599609375,0.0,75.27320098876953,22.98287010192871,846.7353515625,44.75067901611328,54.537925720214844,71.52548217773438,92.25520324707031,1.0,0.0,22.005802154541016,23.15254020690918,23.09429168701172,22.89237403869629,13.206729888916016,88.0326919555664,87.41648864746094,85.93672180175781,83.47469329833984,56.693790435791016,80.34539031982422,73.3949966430664,74.38140869140625,73.8191146850586,212.56179809570312,241.11105346679688,0.2768552005290985,0.6000438332557678,1.0,74.0,0.0,18.0,28.0,0.0,0.0,0.0,0.0,5.0,2.0,4.0,1.0,1.0,0.0,31.94119644165039,31.94119644165039,0.0,0.0,0.0
3,宝兴-1,2025-08-25,22,翔玉168,VT,15.0,4.0,0.4444444444444444,0.0,0.0,0.0,0.0,-365,1,1,0.7828554511070251,1.5600610971450806,0.13358640670776367,4.586023330688477,0.0,8.45287799835205,86.2226791381836,100.0,60.301658630371094,20.808439254760742,25.373380661010742,18.26889991760254,0.34790685772895813,21.4572696685791,26.314699172973633,17.981740951538086,84.82807922363281,84.92967224121094,84.75701141357422,151.20541381835938,603.5485229492188,0.0,83.87134552001953,21.422359466552734,961.0175170898438,31.856517791748047,62.428558349609375,114.82524871826172,127.7367172241211,1.0,0.0,21.222536087036133,21.717235565185547,22.193317413330078,22.64456558227539,7.104480743408203,82.71990966796875,84.81895446777344,86.29893493652344,86.05596160888672,39.698341369628906,85.25890350341797,82.3121109008789,79.07567596435547,77.37998962402344,186.60523986816406,226.5077667236328,0.6498320698738098,0.48965221643447876,1.0,84.0,0.0,18.0,28.0,0.0,0.0,0.0,0.0,1.0,0.0,5.0,0.0,1.0,0.0,12.60641098022461,31.94119644165039,0.0,0.0,0.0
3,宝兴-2,2025-08-25,32,白K888,VT,15.0,0.0,0.0,0.0,0.0,0.0,0.0,-365,1,2,0.7828554511070251,1.5600610971450806,0.13358640670776367,4.586023330688477,0.0,8.45287799835205,86.2226791381836,100.0,60.301658630371094,20.808439254760742,25.373380661010742,18.26889991760254,0.34790685772895813,21.4572696685791,26.314699172973633,17.981740951538086,84.82807922363281,84.92967224121094,84.75701141357422,151.20541381835938,603.5485229492188,0.0,83.87134552001953,21.422359466552734,961.0175170898438,31.856517791748047,62.428558349609375,114.82524871826172,127.7367172241211,1.0,0.0,21.222536087036133,21.717235565185547,22.193317413330078,22.64456558227539,7.104480743408203,82.71990966796875,84.81895446777344,86.29893493652344,86.05596160888672,39.698341369628906,85.25890350341797,82.3121109008789,79.07567596435547,77.37998962402344,186.60523986816406,226.5077667236328,0.6498320698738098,0.48965221643447876,1.0,84.0,0.0,18.0,28.0,0.0,0.0,0.0,0.0,1.0,0.0,5.0,0.0,1.0,0.0,12.60641098022461,31.94119644165039,0.0,0.0,0.0
3,宝兴-2,2025-08-25,41,内玉9018,VT,15.0,10.0,1.1111111111111112,0.0,0.0,0.0,0.0,-365,1,3,0.7828554511070251,1.5600610971450806,0.13358640670776367,4.586023330688477,0.0,8.45287799835205,86.2226791381836,100.0,60.301658630371094,20.808439254760742,25.373380661010742,18.26889991760254,0.34790685772895813,21.4572696685791,26.314699172973633,17.981740951538086,84.82807922363281,84.92967224121094,84.75701141357422,151.20541381835938,603.5485229492188,0.0,83.87134552001953,21.422359466552734,961.0175170898438,31.856517791748047,62.428558349609375,114.82524871826172,127.7367172241211,1.0,0.0,21.222536087036133,21.717235565185547,22.193317413330078,22.64456558227539,7.104480743408203,82.71990966796875,84.81895446777344,86.29893493652344,86.05596160888672,39.698341369628906,85.25890350341797,82.3121109008789,79.07567596435547,77.37998962402344,186.60523986816406,226.5077667236328,0.6498320698738098,0.48965221643447876,1.0,84.0,0.0,18.0,28.0,0.0,0.0,0.0,0.0,1.0,0.0,5.0,0.0,1.0,0.0,12.60641098022461,31.94119644165039,0.0,0.0,0.0
3,宝兴-2,2025-08-25,50,郑单958,R1,16.0,0.0,0.0,0.0,0.0,0.0,0.0,-365,1,4,0.7828554511070251,1.5600610971450806,0.13358640670776367,4.586023330688477,0.0,8.45287799835205,86.2226791381836,100.0,60.301658630371094,20.808439254760742,25.373380661010742,18.26889991760254,0.34790685772895813,21.4572696685791,26.314699172973633,17.981740951538086,84.82807922363281,84.92967224121094,84.75701141357422,151.20541381835938,603.5485229492188,0.0,83.87134552001953,21.422359466552734,961.0175170898438,31.856517791748047,62.428558349609375,114.82524871826172,127.7367172241211,1.0,0.0,21.222536087036133,21.717235565185547,22.193317413330078,22.64456558227539,7.104480743408203,82.71990966796875,84.81895446777344,86.29893493652344,86.05596160888672,39.698341369628906,85.25890350341797,82.3121109008789,79.07567596435547,77.37998962402344,186.60523986816406,226.5077667236328,0.6498320698738098,0.48965221643447876,1.0,84.0,0.0,18.0,28.0,0.0,0.0,0.0,0.0,1.0,0.0,5.0,0.0,1.0,0.0,12.60641098022461,31.94119644165039,0.0,0.0,0.0
3,宝兴-1,2025-09-04,23,翔玉168,R1,16.0,24.0,2.8888888888888893,0.0,0.0,1.0,0.1111111111111111,-365,1,1,0.7403608560562134,1.9420415163040161,0.060731906443834305,0.25225216150283813,0.0,0.25225216150283813,81.89234161376953,100.0,51.7965202331543,20.950899124145508,27.383359909057617,17.5433292388916,0.35036084055900574,21.26042938232422,28.623249053955078,17.304349899291992,84.49115753173828,84.64344024658203,84.26194763183594,168.30845642089844,633.875244140625,0.0,84.46293640136719,20.946199417114258,1045.712890625,9.948732376098633,145.45668029785156,194.9436798095703,239.10931396484375,1.0,0.0,18.28543472290039,19.19790267944336,20.092090606689453,20.62826156616211,9.840030670166016,85.62187957763672,86.32623291015625,86.45569610595703,86.85420227050781,48.2034797668457,88.7077865600586,88.87864685058594,86.59061431884766,84.6507568359375,164.18310546875,185.98509216308594,0.5925679206848145,0.4901515543460846,1.0,94.0,0.0,18.0,28.0,0.0,0.0,0.0,0.0,3.0,2.0,7.0,0.0,3.0,0.0,7.691068172454834,66.72351837158203,0.0,0.0,0.0
3,宝兴-2,2025-09-04,33,白K888,R1,16.0,22.5,2.5,0.0,0.0,0.0,0.0,-365,1,2,0.7403608560562134,1.9420415163040161,0.060731906443834305,0.25225216150283813,0.0,0.25225216150283813,81.89234161376953,100.0,51.7965202331543,20.950899124145508,27.383359909057617,17.5433292388916,0.35036084055900574,21.26042938232422,28.623249053955078,17.304349899291992,84.49115753173828,84.64344024658203,84.26194763183594,168.30845642089844,633.875244140625,0.0,84.46293640136719,20.946199417114258,1045.712890625,9.948732376098633,145.45668029785156,194.9436798095703,239.10931396484375,1.0,0.0,18.28543472290039,19.19790267944336,20.092090606689453,20.62826156616211,9.840030670166016,85.62187957763672,86.32623291015625,86.45569610595703,86.85420227050781,48.2034797668457,88.7077865600586,88.87864685058594,86.59061431884766,84.6507568359375,164.18310546875,185.98509216308594,0.5925679206848145,0.4901515543460846,1.0,94.0,0.0,18.0,28.0,0.0,0.0,0.0,0.0,3.0,2.0,7.0,0.0,3.0,0.0,7.691068172454834,66.72351837158203,0.0,0.0,0.0
3,宝兴-2,2025-09-04,42,内玉9018,R1,16.0,50.0,5.555555555555555,0.0,0.0,0.0,0.0,-365,1,3,0.7403608560562134,1.9420415163040161,0.060731906443834305,0.25225216150283813,0.0,0.25225216150283813,81.89234161376953,100.0,51.7965202331543,20.950899124145508,27.383359909057617,17.5433292388916,0.35036084055900574,21.26042938232422,28.623249053955078,17.304349899291992,84.49115753173828,84.64344024658203,84.26194763183594,168.30845642089844,633.875244140625,0.0,84.46293640136719,20.946199417114258,1045.712890625,9.948732376098633,145.45668029785156,194.9436798095703,239.10931396484375,1.0,0.0,18.28543472290039,19.19790267944336,20.092090606689453,20.62826156616211,9.840030670166016,85.62187957763672,86.32623291015625,86.45569610595703,86.85420227050781,48.2034797668457,88.7077865600586,88.87864685058594,86.59061431884766,84.6507568359375,164.18310546875,185.98509216308594,0.5925679206848145,0.4901515543460846,1.0,94.0,0.0,18.0,28.0,0.0,0.0,0.0,0.0,3.0,2.0,7.0,0.0,3.0,0.0,7.691068172454834,66.72351837158203,0.0,0.0,0.0
3,宝兴-2,2025-09-04,51,郑单958,R2,17.0,70.0,7.777777777777778,0.0,0.0,95.0,10.555555555555555,-365,1,4,0.7403608560562134,1.9420415163040161,0.060731906443834305,0.25225216150283813,0.0,0.25225216150283813,81.89234161376953,100.0,51.7965202331543,20.950899124145508,27.383359909057617,17.5433292388916,0.35036084055900574,21.26042938232422,28.623249053955078,17.304349899291992,84.49115753173828,84.64344024658203,84.26194763183594,168.30845642089844,633.875244140625,0.0,84.46293640136719,20.946199417114258,1045.712890625,9.948732376098633,145.45668029785156,194.9436798095703,239.10931396484375,1.0,0.0,18.28543472290039,19.19790267944336,20.092090606689453,20.62826156616211,9.840030670166016,85.62187957763672,86.32623291015625,86.45569610595703,86.85420227050781,48.2034797668457,88.7077865600586,88.87864685058594,86.59061431884766,84.6507568359375,164.18310546875,185.98509216308594,0.5925679206848145,0.4901515543460846,1.0,94.0,0.0,18.0,28.0,0.0,0.0,0.0,0.0,3.0,2.0,7.0,0.0,3.0,0.0,7.691068172454834,66.72351837158203,0.0,0.0,0.0
3,宝兴-1,2025-09-11,24,翔玉168,R2,17.0,31.0,3.888888888888889,0.0,0.0,2.0,0.6666666666666666,-365,1,1,0.8134461641311646,2.984232187271118,0.15179845690727234,2.6860365867614746,0.0,4.818117618560791,86.07009887695312,100.0,56.22690963745117,19.587820053100586,25.30537986755371,16.643550872802734,0.37081485986709595,20.00472068786621,26.651330947875977,16.298030853271484,84.69734954833984,84.88096618652344,83.88349151611328,162.15745544433594,627.6813354492188,0.0,89.39387512207031,19.772899627685547,1103.4368896484375,54.690513610839844,64.63924407958984,200.14720153808594,249.63417053222656,3.0,0.0,18.24627113342285,18.265851974487305,18.880691528320312,19.630634307861328,8.661828994750977,86.81272888183594,86.2173080444336,86.48839569091797,86.54493713378906,43.77309036254883,89.22090148925781,88.96435546875,88.99273681640625,87.24817657470703,146.37303161621094,172.85499572753906,0.6128248572349548,0.566599428653717,1.0,101.0,0.0,18.0,28.0,0.0,0.0,0.0,0.0,1.0,2.0,7.0,0.0,2.0,0.0,21.731229782104492,66.72351837158203,0.0,0.0,0.0
3,宝兴-2,2025-09-11,34,白K888,R2,17.0,42.5,6.944444444444445,0.0,0.0,0.0,0.0,-365,1,2,0.8134461641311646,2.984232187271118,0.15179845690727234,2.6860365867614746,0.0,4.818117618560791,86.07009887695312,100.0,56.22690963745117,19.587820053100586,25.30537986755371,16.643550872802734,0.37081485986709595,20.00472068786621,26.651330947875977,16.298030853271484,84.69734954833984,84.88096618652344,83.88349151611328,162.15745544433594,627.6813354492188,0.0,89.39387512207031,19.772899627685547,1103.4368896484375,54.690513610839844,64.63924407958984,200.14720153808594,249.63417053222656,3.0,0.0,18.24627113342285,18.265851974487305,18.880691528320312,19.630634307861328,8.661828994750977,86.81272888183594,86.2173080444336,86.48839569091797,86.54493713378906,43.77309036254883,89.22090148925781,88.96435546875,88.99273681640625,87.24817657470703,146.37303161621094,172.85499572753906,0.6128248572349548,0.566599428653717,1.0,101.0,0.0,18.0,28.0,0.0,0.0,0.0,0.0,1.0,2.0,7.0,0.0,2.0,0.0,21.731229782104492,66.72351837158203,0.0,0.0,0.0
3,宝兴-2,2025-09-11,43,内玉9018,R2,17.0,70.0,18.88888888888889,0.0,0.0,30.0,3.3333333333333335,-365,1,3,0.8134461641311646,2.984232187271118,0.15179845690727234,2.6860365867614746,0.0,4.818117618560791,86.07009887695312,100.0,56.22690963745117,19.587820053100586,25.30537986755371,16.643550872802734,0.37081485986709595,20.00472068786621,26.651330947875977,16.298030853271484,84.69734954833984,84.88096618652344,83.88349151611328,162.15745544433594,627.6813354492188,0.0,89.39387512207031,19.772899627685547,1103.4368896484375,54.690513610839844,64.63924407958984,200.14720153808594,249.63417053222656,3.0,0.0,18.24627113342285,18.265851974487305,18.880691528320312,19.630634307861328,8.661828994750977,86.81272888183594,86.2173080444336,86.48839569091797,86.54493713378906,43.77309036254883,89.22090148925781,88.96435546875,88.99273681640625,87.24817657470703,146.37303161621094,172.85499572753906,0.6128248572349548,0.566599428653717,1.0,101.0,0.0,18.0,28.0,0.0,0.0,0.0,0.0,1.0,2.0,7.0,0.0,2.0,0.0,21.731229782104492,66.72351837158203,0.0,0.0,0.0
3,宝兴-2,2025-09-11,52,郑单958,R3,18.0,75.0,13.88888888888889,0.0,0.0,100.0,33.33333333333333,-365,1,4,0.8134461641311646,2.984232187271118,0.15179845690727234,2.6860365867614746,0.0,4.818117618560791,86.07009887695312,100.0,56.22690963745117,19.587820053100586,25.30537986755371,16.643550872802734,0.37081485986709595,20.00472068786621,26.651330947875977,16.298030853271484,84.69734954833984,84.88096618652344,83.88349151611328,162.15745544433594,627.6813354492188,0.0,89.39387512207031,19.772899627685547,1103.4368896484375,54.690513610839844,64.63924407958984,200.14720153808594,249.63417053222656,3.0,0.0,18.24627113342285,18.265851974487305,18.880691528320312,19.630634307861328,8.661828994750977,86.81272888183594,86.2173080444336,86.48839569091797,86.54493713378906,43.77309036254883,89.22090148925781,88.96435546875,88.99273681640625,87.24817657470703,146.37303161621094,172.85499572753906,0.6128248572349548,0.566599428653717,1.0,101.0,0.0,18.0,28.0,0.0,0.0,0.0,0.0,1.0,2.0,7.0,0.0,2.0,0.0,21.731229782104492,66.72351837158203,0.0,0.0,0.0
3,宝兴-1,2025-09-18,25,翔玉168,R3,18.0,42.0,8.0,0.0,0.0,23.0,3.2222222222222223,-365,1,1,0.875771701335907,2.4188430309295654,0.19374312460422516,2.3489253520965576,0.0,3.3617758750915527,86.01749420166016,100.0,52.377071380615234,18.54244041442871,25.095149993896484,15.66353988647461,0.3639369308948517,19.093700408935547,26.747459411621094,14.99666976928711,84.77398681640625,85.12145233154297,84.30695343017578,153.1670379638672,633.9085083007812,0.0,87.73578643798828,19.04412078857422,1164.572509765625,21.125732421875,75.81624603271484,85.76498413085938,221.27293395996094,4.0,0.0,18.7336483001709,18.489959716796875,18.42178726196289,18.843931198120117,9.431610107421875,88.0199966430664,87.4163589477539,86.81819915771484,86.8713150024414,47.622928619384766,87.29181671142578,88.25636291503906,88.4068374633789,88.5675048828125,153.7947235107422,154.8881072998047,0.640116810798645,0.6298799514770508,1.0,108.0,0.0,18.0,28.0,0.0,0.0,0.0,0.0,1.0,3.0,9.0,0.0,2.0,0.0,7.1686110496521,66.72351837158203,0.0,0.0,0.0
3,宝兴-2,2025-09-18,35,白K888,R3,18.0,55.0,12.777777777777777,0.0,0.0,57.5,8.61111111111111,-365,1,2,0.875771701335907,2.4188430309295654,0.19374312460422516,2.3489253520965576,0.0,3.3617758750915527,86.01749420166016,100.0,52.377071380615234,18.54244041442871,25.095149993896484,15.66353988647461,0.3639369308948517,19.093700408935547,26.747459411621094,14.99666976928711,84.77398681640625,85.12145233154297,84.30695343017578,153.1670379638672,633.9085083007812,0.0,87.73578643798828,19.04412078857422,1164.572509765625,21.125732421875,75.81624603271484,85.76498413085938,221.27293395996094,4.0,0.0,18.7336483001709,18.489959716796875,18.42178726196289,18.843931198120117,9.431610107421875,88.0199966430664,87.4163589477539,86.81819915771484,86.8713150024414,47.622928619384766,87.29181671142578,88.25636291503906,88.4068374633789,88.5675048828125,153.7947235107422,154.8881072998047,0.640116810798645,0.6298799514770508,1.0,108.0,0.0,18.0,28.0,0.0,0.0,0.0,0.0,1.0,3.0,9.0,0.0,2.0,0.0,7.1686110496521,66.72351837158203,0.0,0.0,0.0
3,宝兴-2,2025-09-18,44,内玉9018,R3,18.0,90.0,36.666666666666664,0.0,0.0,70.0,18.88888888888889,-365,1,3,0.875771701335907,2.4188430309295654,0.19374312460422516,2.3489253520965576,0.0,3.3617758750915527,86.01749420166016,100.0,52.377071380615234,18.54244041442871,25.095149993896484,15.66353988647461,0.3639369308948517,19.093700408935547,26.747459411621094,14.99666976928711,84.77398681640625,85.12145233154297,84.30695343017578,153.1670379638672,633.9085083007812,0.0,87.73578643798828,19.04412078857422,1164.572509765625,21.125732421875,75.81624603271484,85.76498413085938,221.27293395996094,4.0,0.0,18.7336483001709,18.489959716796875,18.42178726196289,18.843931198120117,9.431610107421875,88.0199966430664,87.4163589477539,86.81819915771484,86.8713150024414,47.622928619384766,87.29181671142578,88.25636291503906,88.4068374633789,88.5675048828125,153.7947235107422,154.8881072998047,0.640116810798645,0.6298799514770508,1.0,108.0,0.0,18.0,28.0,0.0,0.0,0.0,0.0,1.0,3.0,9.0,0.0,2.0,0.0,7.1686110496521,66.72351837158203,0.0,0.0,0.0
3,宝兴-2,2025-09-18,53,郑单958,R4,19.0,97.5,23.61111111111111,0.0,0.0,100.0,55.55555555555556,-365,1,4,0.875771701335907,2.4188430309295654,0.19374312460422516,2.3489253520965576,0.0,3.3617758750915527,86.01749420166016,100.0,52.377071380615234,18.54244041442871,25.095149993896484,15.66353988647461,0.3639369308948517,19.093700408935547,26.747459411621094,14.99666976928711,84.77398681640625,85.12145233154297,84.30695343017578,153.1670379638672,633.9085083007812,0.0,87.73578643798828,19.04412078857422,1164.572509765625,21.125732421875,75.81624603271484,85.76498413085938,221.27293395996094,4.0,0.0,18.7336483001709,18.489959716796875,18.42178726196289,18.843931198120117,9.431610107421875,88.0199966430664,87.4163589477539,86.81819915771484,86.8713150024414,47.622928619384766,87.29181671142578,88.25636291503906,88.4068374633789,88.5675048828125,153.7947235107422,154.8881072998047,0.640116810798645,0.6298799514770508,1.0,108.0,0.0,18.0,28.0,0.0,0.0,0.0,0.0,1.0,3.0,9.0,0.0,2.0,0.0,7.1686110496521,66.72351837158203,0.0,0.0,0.0
3,宝兴-1,2025-09-29,26,翔玉168,R4,19.0,60.0,15.777777777777777,0.0,0.0,100.0,28.888888888888893,-365,1,1,0.46483922004699707,1.281143307685852,0.04923511669039726,2.0205211639404297,0.0,10.762771606445312,86.37239074707031,100.0,63.42177963256836,16.061899185180664,19.784719467163086,13.739830017089844,0.3838902413845062,16.525480270385742,22.153400421142578,12.903129577636719,85.3744125366211,85.55769348144531,85.15955352783203,106.4402084350586,406.35382080078125,0.0,92.54600524902344,16.80392074584961,1243.180908203125,30.344396591186523,69.05852508544922,104.79690551757812,132.84033203125,2.0,0.0,17.14002227783203,17.344959259033203,17.87638282775879,18.1204776763916,6.044889450073242,83.8038558959961,85.64677429199219,86.22023010253906,85.78477478027344,36.57822036743164,86.17393493652344,86.85478973388672,87.32779693603516,87.28997039794922,150.3486785888672,149.1313018798828,0.6122465133666992,0.6265196204185486,1.0,119.0,0.0,18.0,28.0,0.0,4.0,0.0,0.0,1.0,1.0,7.0,0.0,0.0,0.0,19.58162498474121,21.731229782104492,0.0,0.0,0.0
3,宝兴-2,2025-09-29,36,白K888,R4,19.0,80.0,28.888888888888893,0.0,0.0,100.0,37.22222222222222,-365,1,2,0.46483922004699707,1.281143307685852,0.04923511669039726,2.0205211639404297,0.0,10.762771606445312,86.37239074707031,100.0,63.42177963256836,16.061899185180664,19.784719467163086,13.739830017089844,0.3838902413845062,16.525480270385742,22.153400421142578,12.903129577636719,85.3744125366211,85.55769348144531,85.15955352783203,106.4402084350586,406.35382080078125,0.0,92.54600524902344,16.80392074584961,1243.180908203125,30.344396591186523,69.05852508544922,104.79690551757812,132.84033203125,2.0,0.0,17.14002227783203,17.344959259033203,17.87638282775879,18.1204776763916,6.044889450073242,83.8038558959961,85.64677429199219,86.22023010253906,85.78477478027344,36.57822036743164,86.17393493652344,86.85478973388672,87.32779693603516,87.28997039794922,150.3486785888672,149.1313018798828,0.6122465133666992,0.6265196204185486,1.0,119.0,0.0,18.0,28.0,0.0,4.0,0.0,0.0,1.0,1.0,7.0,0.0,0.0,0.0,19.58162498474121,21.731229782104492,0.0,0.0,0.0
3,宝兴-2,2025-09-29,45,内玉9018,R4,19.0,90.0,50.0,0.0,0.0,100.0,42.22222222222222,-365,1,3,0.46483922004699707,1.281143307685852,0.04923511669039726,2.0205211639404297,0.0,10.762771606445312,86.37239074707031,100.0,63.42177963256836,16.061899185180664,19.784719467163086,13.739830017089844,0.3838902413845062,16.525480270385742,22.153400421142578,12.903129577636719,85.3744125366211,85.55769348144531,85.15955352783203,106.4402084350586,406.35382080078125,0.0,92.54600524902344,16.80392074584961,1243.180908203125,30.344396591186523,69.05852508544922,104.79690551757812,132.84033203125,2.0,0.0,17.14002227783203,17.344959259033203,17.87638282775879,18.1204776763916,6.044889450073242,83.8038558959961,85.64677429199219,86.22023010253906,85.78477478027344,36.57822036743164,86.17393493652344,86.85478973388672,87.32779693603516,87.28997039794922,150.3486785888672,149.1313018798828,0.6122465133666992,0.6265196204185486,1.0,119.0,0.0,18.0,28.0,0.0,4.0,0.0,0.0,1.0,1.0,7.0,0.0,0.0,0.0,19.58162498474121,21.731229782104492,0.0,0.0,0.0
3,宝兴-2,2025-09-29,54,郑单958,R5,20.0,100.0,41.111111111111114,0.0,0.0,100.0,80.0,-365,1,4,0.46483922004699707,1.281143307685852,0.04923511669039726,2.0205211639404297,0.0,10.762771606445312,86.37239074707031,100.0,63.42177963256836,16.061899185180664,19.784719467163086,13.739830017089844,0.3838902413845062,16.525480270385742,22.153400421142578,12.903129577636719,85.3744125366211,85.55769348144531,85.15955352783203,106.4402084350586,406.35382080078125,0.0,92.54600524902344,16.80392074584961,1243.180908203125,30.344396591186523,69.05852508544922,104.79690551757812,132.84033203125,2.0,0.0,17.14002227783203,17.344959259033203,17.87638282775879,18.1204776763916,6.044889450073242,83.8038558959961,85.64677429199219,86.22023010253906,85.78477478027344,36.57822036743164,86.17393493652344,86.85478973388672,87.32779693603516,87.28997039794922,150.3486785888672,149.1313018798828,0.6122465133666992,0.6265196204185486,1.0,119.0,0.0,18.0,28.0,0.0,4.0,0.0,0.0,1.0,1.0,7.0,0.0,0.0,0.0,19.58162498474121,21.731229782104492,0.0,0.0,0.0
3,宝兴-1,2025-10-09,27,翔玉168,R5,20.0,73.0,25.0,0.0,0.0,100.0,47.55555555555556,-365,1,1,0.5388445258140564,1.128322720527649,0.10020564496517181,0.0,0.0,0.0,83.83671569824219,100.0,59.71216583251953,19.188100814819336,23.961200714111328,16.421199798583984,0.3396485447883606,19.251279830932617,25.92639923095703,15.297080039978027,84.71880340576172,84.9309310913086,84.57705688476562,132.9937286376953,543.89453125,0.0,81.88048553466797,18.96925926208496,1319.057861328125,1.3212144374847412,31.872108459472656,57.74610137939453,78.87183380126953,0.0,2.0,17.83502197265625,17.45502281188965,17.35645294189453,17.70075035095215,7.540000915527344,86.26716613769531,86.04695129394531,85.11844635009766,85.84382629394531,40.28783416748047,83.68718719482422,85.27445983886719,85.76065826416016,86.14344024658203,108.15113067626953,135.74105834960938,0.5962312817573547,0.6116237640380859,1.0,129.0,0.0,18.0,28.0,0.0,0.0,0.0,0.0,2.0,1.0,6.0,0.0,0.0,0.0,0.5802783966064453,19.58162498474121,0.0,0.0,0.0
3,宝兴-2,2025-10-09,37,白K888,R5,20.0,90.0,43.888888888888886,0.0,0.0,100.0,57.777777777777786,-365,1,2,0.5388445258140564,1.128322720527649,0.10020564496517181,0.0,0.0,0.0,83.83671569824219,100.0,59.71216583251953,19.188100814819336,23.961200714111328,16.421199798583984,0.3396485447883606,19.251279830932617,25.92639923095703,15.297080039978027,84.71880340576172,84.9309310913086,84.57705688476562,132.9937286376953,543.89453125,0.0,81.88048553466797,18.96925926208496,1319.057861328125,1.3212144374847412,31.872108459472656,57.74610137939453,78.87183380126953,0.0,2.0,17.83502197265625,17.45502281188965,17.35645294189453,17.70075035095215,7.540000915527344,86.26716613769531,86.04695129394531,85.11844635009766,85.84382629394531,40.28783416748047,83.68718719482422,85.27445983886719,85.76065826416016,86.14344024658203,108.15113067626953,135.74105834960938,0.5962312817573547,0.6116237640380859,1.0,129.0,0.0,18.0,28.0,0.0,0.0,0.0,0.0,2.0,1.0,6.0,0.0,0.0,0.0,0.5802783966064453,19.58162498474121,0.0,0.0,0.0
3,宝兴-2,2025-10-09,46,内玉9018,R5,20.0,100.0,64.44444444444444,0.0,0.0,100.0,100.0,-365,1,3,0.5388445258140564,1.128322720527649,0.10020564496517181,0.0,0.0,0.0,83.83671569824219,100.0,59.71216583251953,19.188100814819336,23.961200714111328,16.421199798583984,0.3396485447883606,19.251279830932617,25.92639923095703,15.297080039978027,84.71880340576172,84.9309310913086,84.57705688476562,132.9937286376953,543.89453125,0.0,81.88048553466797,18.96925926208496,1319.057861328125,1.3212144374847412,31.872108459472656,57.74610137939453,78.87183380126953,0.0,2.0,17.83502197265625,17.45502281188965,17.35645294189453,17.70075035095215,7.540000915527344,86.26716613769531,86.04695129394531,85.11844635009766,85.84382629394531,40.28783416748047,83.68718719482422,85.27445983886719,85.76065826416016,86.14344024658203,108.15113067626953,135.74105834960938,0.5962312817573547,0.6116237640380859,1.0,129.0,0.0,18.0,28.0,0.0,0.0,0.0,0.0,2.0,1.0,6.0,0.0,0.0,0.0,0.5802783966064453,19.58162498474121,0.0,0.0,0.0
3,宝兴-2,2025-10-09,55,郑单958,R6,21.0,100.0,,0.0,0.0,100.0,100.0,-365,1,4,0.5388445258140564,1.128322720527649,0.10020564496517181,0.0,0.0,0.0,83.83671569824219,100.0,59.71216583251953,19.188100814819336,23.961200714111328,16.421199798583984,0.3396485447883606,19.251279830932617,25.92639923095703,15.297080039978027,84.71880340576172,84.9309310913086,84.57705688476562,132.9937286376953,543.89453125,0.0,81.88048553466797,18.96925926208496,1319.057861328125,1.3212144374847412,31.872108459472656,57.74610137939453,78.87183380126953,0.0,2.0,17.83502197265625,17.45502281188965,17.35645294189453,17.70075035095215,7.540000915527344,86.26716613769531,86.04695129394531,85.11844635009766,85.84382629394531,40.28783416748047,83.68718719482422,85.27445983886719,85.76065826416016,86.14344024658203,108.15113067626953,135.74105834960938,0.5962312817573547,0.6116237640380859,1.0,129.0,0.0,18.0,28.0,0.0,0.0,0.0,0.0,2.0,1.0,6.0,0.0,0.0,0.0,0.5802783966064453,19.58162498474121,0.0,0.0,0.0
3,宝兴-1,2025-10-20,28,翔玉168,R6,21.0,,,0.0,0.0,100.0,58.22222222222222,-365,1,1,0.6553605794906616,2.1545588970184326,0.2387729287147522,0.3185136318206787,0.0,0.7681161761283875,81.4532470703125,100.0,57.53689956665039,11.83102035522461,15.927760124206543,9.237119674682617,0.3290335536003113,11.827400207519531,18.85219955444336,7.376550197601318,85.77477264404297,86.0470962524414,85.42220306396484,93.7154769897461,435.6032409667969,0.0,79.32147979736328,12.376580238342285,1377.93212890625,1.5685946941375732,4.8184099197387695,5.765842914581299,36.11024475097656,1.0,0.0,14.54908561706543,15.95715618133545,16.416728973388672,16.597553253173828,6.690640449523926,82.3907470703125,84.31031036376953,84.80390167236328,84.55388641357422,42.46310043334961,79.252685546875,80.85008239746094,82.44644927978516,83.3783187866211,113.34576416015625,120.67071533203125,0.668948769569397,0.6063070297241211,1.0,140.0,2.0,18.0,28.0,0.0,10.0,0.0,0.0,2.0,0.0,2.0,0.0,0.0,0.0,0.7681161761283875,19.58162498474121,0.0,0.0,0.0
4,成都市新都区长龙路,2025-06-22,56,同玉609,V11,11.0,0.0,0.0,0.0,0.0,0.0,0.0,0,0,1,0.8536123633384705,1.863914132118225,0.08598363399505615,1.3762564659118652,0.0,2.400329113006592,82.32899475097656,100.0,64.17323303222656,25.623680114746094,28.804349899291992,23.47027015686035,0.2667803168296814,27.76491928100586,33.495140075683594,23.51968002319336,94.61566162109375,94.86396026611328,94.43881225585938,163.75558471679688,630.3688354492188,0.0,77.9080581665039,27.849199295043945,903.2359008789062,40.920772552490234,44.075103759765625,44.075103759765625,71.43418884277344,1.0,0.0,28.0205078125,28.364608764648438,27.5716495513916,26.182079315185547,5.334079742431641,68.23316955566406,59.726871490478516,59.90453338623047,64.32025909423828,35.82676696777344,76.17777252197266,70.41307830810547,71.91304016113281,74.04317474365234,191.05625915527344,185.97817993164062,0.8065279722213745,0.7560964822769165,1.0,61.0,0.0,18.0,28.0,0.0,0.0,1.0,0.0,1.0,0.0,1.0,0.0,0.0,0.0,22.532135009765625,22.532135009765625,0.0,0.0,0.0
4,成都市新都区长龙路,2025-06-30,57,同玉609,V12,12.0,0.0,0.0,0.0,0.0,0.0,0.0,0,0,1,0.6718544363975525,1.7375885248184204,0.11484236270189285,0.0,0.0,0.0,71.64481353759766,100.0,47.389060974121094,28.28173065185547,33.66537094116211,23.322799682617188,0.34376975893974304,29.3302001953125,35.435821533203125,24.50527000427246,94.25421905517578,94.42923736572266,94.10604095458984,306.409423828125,955.205810546875,0.0,100.39134216308594,28.53447914123535,1024.97900390625,137.84368896484375,207.8456573486328,209.8076171875,210.99998474121094,0.0,1.0,25.48128890991211,26.182401657104492,27.326730728149414,27.03512191772461,10.342571258544922,79.81809997558594,76.32905578613281,67.03736877441406,65.2933578491211,52.610939025878906,99.34427642822266,89.36299133300781,80.55059051513672,78.83661651611328,162.87399291992188,195.79505920410156,0.7175158858299255,0.7430843114852905,1.0,69.0,0.0,18.0,28.0,1.0,0.0,0.0,0.0,0.0,2.0,2.0,2.0,3.0,0.0,71.45774841308594,71.45774841308594,0.0,0.0,0.0
4,成都市新都区长龙路,2025-07-07,58,同玉609,V14,14.0,0.0,0.0,0.0,0.0,0.0,0.0,0,0,1,0.5809574723243713,2.036661148071289,0.1410524994134903,0.6938002109527588,0.0,1.4792957305908203,91.55734252929688,100.0,60.04422378540039,23.78706932067871,29.570520401000977,22.066999435424805,0.3363352417945862,24.762699127197266,30.23604965209961,22.17947006225586,94.18080139160156,94.41860961914062,94.01123046875,107.49415588378906,397.62774658203125,0.0,98.2202377319336,24.95050048828125,1135.80859375,31.296218872070312,169.13992309570312,239.14187622070312,241.10382080078125,6.0,0.0,25.832809448242188,25.65704917907715,26.065868377685547,26.953248977661133,7.503520965576172,83.0278549194336,81.42298126220703,78.56199645996094,71.03499603271484,39.95577621459961,98.06800079345703,98.70613861083984,92.26466369628906,84.92993927001953,147.3692169189453,187.5817413330078,0.8561698198318481,0.7929121851921082,1.0,76.0,0.0,18.0,28.0,0.0,0.0,0.0,1.0,0.0,2.0,4.0,0.0,3.0,0.0,11.24758243560791,71.45774841308594,0.0,0.0,1.0
4,成都市新都区长龙路,2025-07-14,59,同玉609,VT,15.0,0.0,0.0,0.0,0.0,0.0,0.0,0,0,1,0.4267670512199402,1.2815260887145996,0.005711633246392012,0.0,0.0,0.0,74.57857513427734,100.0,50.310245513916016,30.913230895996094,35.337669372558594,26.50551986694336,0.29682570695877075,32.040000915527344,38.57381820678711,26.968399047851562,94.22274780273438,94.52912902832031,94.00093841552734,243.9246063232422,732.3931274414062,0.0,86.68223571777344,31.398460388183594,1246.500244140625,5.312160491943359,35.129085540771484,202.053955078125,242.97471618652344,0.0,3.0,27.78267478942871,27.1287899017334,26.34592056274414,26.764568328857422,8.832149505615234,80.7497329711914,80.46647644042969,80.49745178222656,77.43138885498047,49.689754486083984,92.56797790527344,95.47306060791016,95.85558319091797,90.9361343383789,209.84950256347656,178.10769653320312,0.6432824730873108,0.7769021391868591,1.0,82.0,0.0,18.0,28.0,3.0,0.0,0.0,0.0,0.0,2.0,5.0,0.0,3.0,0.0,3.2545344829559326,71.45774841308594,0.0,0.0,0.0
4,成都市新都区长龙路,2025-07-21,60,同玉609,R1,16.0,0.0,0.0,0.0,0.0,0.0,0.0,0,0,1,1.1123548746109009,2.3232486248016357,0.32279840111732483,0.0,0.0,0.0,58.85580825805664,81.90362548828125,40.63359451293945,31.34532928466797,35.294029235839844,28.022600173950195,0.2966286242008209,31.40652084350586,37.48073959350586,26.992639541625977,94.95183563232422,95.1978530883789,94.77850341796875,245.80674743652344,795.3375854492188,0.0,86.62467956542969,30.90584945678711,1392.521484375,19.61048126220703,24.92264175415039,54.739566802978516,221.6644287109375,0.0,2.0,30.860164642333984,29.321420669555664,28.372581481933594,27.474485397338867,7.271429061889648,69.34678649902344,75.04826354980469,76.75990295410156,77.70977783203125,41.2700309753418,88.2894287109375,90.4286880493164,93.0785140991211,93.96405029296875,195.611083984375,179.24644470214844,1.007912039756775,0.8272481560707092,1.0,89.0,0.0,18.0,28.0,3.0,0.0,0.0,0.0,0.0,0.0,5.0,0.0,3.0,0.0,18.315797805786133,71.45774841308594,0.0,0.0,0.0
4,成都市新都区长龙路,2025-07-28,61,同玉609,R2,17.0,0.0,0.0,0.0,0.0,0.0,0.0,0,0,1,1.434756875038147,1.7857496738433838,0.08007946610450745,0.0,0.0,0.0,72.60956573486328,100.0,47.085601806640625,30.31892967224121,36.63576889038086,26.08254051208496,0.2904512584209442,32.73762893676758,39.530601501464844,26.91231918334961,94.00596618652344,94.25328826904297,93.84510803222656,262.820556640625,795.5040283203125,0.0,84.8207015991211,32.1525993347168,1526.0306396484375,20.894451141357422,40.50493240356445,45.81709289550781,75.63401794433594,0.0,3.0,29.072738647460938,29.96645164489746,29.238521575927734,28.547616958618164,10.553228378295898,77.0735092163086,73.21015167236328,75.72335052490234,76.83831787109375,52.914398193359375,87.66997528076172,87.97969818115234,89.50912475585938,91.72637939453125,188.4326171875,192.4197540283203,1.0345361232757568,0.8887215852737427,1.0,96.0,0.0,18.0,28.0,3.0,0.0,0.0,0.0,0.0,0.0,3.0,0.0,0.0,0.0,15.788000106811523,18.315797805786133,0.0,0.0,0.0
4,成都市新都区长龙路,2025-08-04,62,同玉609,R3,18.0,0.0,0.0,0.0,0.0,0.0,0.0,0,0,1,0.07489330321550369,0.07489330321550369,0.07489330321550369,0.3020292818546295,0.0,0.3020292818546295,57.44117736816406,77.92823791503906,41.15505599975586,33.57238006591797,38.28030014038086,29.34602928161621,0.253627210855484,33.623741149902344,40.942928314208984,28.862300872802734,94.08786010742188,94.28208923339844,93.90608978271484,189.55186462402344,702.7870483398438,0.0,74.06694793701172,33.334999084472656,1682.5489501953125,0.7376594543457031,21.632110595703125,41.24258804321289,46.554752349853516,1.0,0.0,32.35979080200195,30.716262817382812,30.764230728149414,30.018842697143555,8.934270858764648,62.47785186767578,69.77568054199219,69.6327133178711,72.4119644165039,36.7731819152832,78.15483856201172,82.91240692138672,84.70475006103516,86.6705551147461,252.8715362548828,211.69119262695312,0.5505325198173523,0.8090658783912659,1.0,103.0,0.0,18.0,28.0,10.0,0.0,0.0,0.0,0.0,0.0,2.0,0.0,0.0,0.0,0.4356301426887512,18.315797805786133,0.0,0.0,0.0
4,成都市新都区长龙路,2025-08-11,63,同玉609,R4,19.0,0.0,0.0,0.0,0.0,0.0,0.0,0,0,1,0.9595686197280884,0.9595686197280884,0.9595686197280884,0.0,0.0,0.0,78.55754852294922,100.0,53.864234924316406,27.037160873413086,32.27901840209961,22.894739151000977,0.33209148049354553,27.760770797729492,33.54790115356445,24.292139053344727,94.45892333984375,94.59304809570312,94.31159973144531,159.70938110351562,766.7373657226562,0.0,96.98092651367188,27.73625946044922,1812.50146484375,141.3021240234375,142.03977966308594,162.93423461914062,182.54470825195312,0.0,1.0,28.564634323120117,30.462215423583984,29.999052047729492,30.214330673217773,9.384279251098633,80.79032897949219,71.63408660888672,73.44722747802734,72.422119140625,46.135765075683594,86.81642150878906,82.48564147949219,84.2137451171875,85.232666015625,149.7663116455078,196.67039489746094,0.622261643409729,0.8038105964660645,1.0,110.0,0.0,18.0,28.0,0.0,0.0,1.0,0.0,0.0,1.0,1.0,3.0,3.0,0.0,55.83930587768555,55.83930587768555,0.0,0.0,0.0
4,成都市新都区长龙路,2025-08-18,64,同玉609,R4,19.0,0.0,0.0,0.0,0.0,0.0,0.0,0,0,1,0.9595686197280884,0.9595686197280884,0.9595686197280884,2.019056797027588,0.0,2.019056797027588,79.41920471191406,100.0,53.099151611328125,26.923240661621094,32.23619842529297,22.403600692749023,0.33614861965179443,27.89904022216797,33.38734817504883,23.767240524291992,94.72640991210938,95.0168228149414,94.55127716064453,215.29566955566406,862.6439819335938,0.0,98.16573333740234,27.848020553588867,1939.94287109375,36.8771858215332,178.17930603027344,178.91696166992188,199.81141662597656,3.0,0.0,28.205881118774414,28.385257720947266,29.710094451904297,29.550756454467773,9.832597732543945,77.74981689453125,79.27007293701172,73.67266082763672,74.52288055419922,46.900848388671875,93.76707458496094,90.29175567626953,86.24610900878906,86.6020736694336,194.0647430419922,196.2838134765625,0.9595685601234436,0.7917247414588928,1.0,117.0,0.0,18.0,28.0,0.0,0.0,3.0,0.0,0.0,0.0,1.0,1.0,4.0,0.0,25.058034896850586,55.83930587768555,0.0,0.0,0.0
4,成都市新都区长龙路,2025-08-25,65,同玉609,R4,19.0,0.0,0.0,0.0,0.0,0.0,0.0,0,0,1,0.9285804629325867,1.8224343061447144,0.3424382209777832,0.0,0.0,0.0,88.989501953125,100.0,73.92117309570312,26.122520446777344,28.6835994720459,24.250329971313477,0.3060705363750458,26.90959930419922,30.789880752563477,24.632680892944336,95.29119873046875,95.4407730102539,95.1845474243164,95.06529998779297,379.0589294433594,0.0,89.38201141357422,27.050350189208984,2061.410400390625,11.312243461608887,48.189430236816406,189.49156188964844,190.22921752929688,0.0,1.0,27.352521896362305,27.779205322265625,28.0410099029541,29.12070655822754,4.433269500732422,81.19058990478516,79.47019958496094,79.91024017333984,75.55213928222656,26.078826904296875,90.94721221923828,92.35713958740234,90.51023864746094,87.42139434814453,152.27760314941406,187.2450714111328,1.1856244802474976,0.8294969201087952,1.0,124.0,1.0,18.0,28.0,0.0,0.0,4.0,0.0,4.0,0.0,1.0,0.0,4.0,0.0,5.421335697174072,55.83930587768555,0.0,0.0,0.0
5,成都市新都区红花堰,2025-06-22,66,同玉609,V11,11.0,0.0,0.0,0.0,0.0,0.0,0.0,0,0,1,0.7544655203819275,2.095278263092041,0.08314892649650574,4.117347240447998,0.0,7.559332847595215,80.79927062988281,100.0,64.12217712402344,25.624799728393555,28.525100708007812,23.631250381469727,0.3068198561668396,27.37112045288086,33.391441345214844,23.358850479125977,94.68901824951172,94.93562316894531,94.51016998291016,192.49546813964844,704.1707153320312,0.0,87.67696380615234,27.490169525146484,914.3484497070312,47.12427520751953,50.63462829589844,50.63462829589844,78.3462142944336,1.0,0.0,28.219329833984375,28.577646255493164,27.750057220458984,26.32026481628418,4.893850326538086,65.71739196777344,57.07561111450195,57.42216110229492,62.227928161621094,35.87782287597656,79.08644104003906,68.97772979736328,71.33101654052734,74.1103286743164,199.46145629882812,189.3572235107422,0.7208967804908752,0.6631460785865784,1.0,61.0,0.0,18.0,28.0,0.0,0.0,1.0,0.0,1.0,0.0,0.0,1.0,1.0,0.0,27.210546493530273,27.210546493530273,0.0,0.0,0.0
5,成都市新都区红花堰,2025-06-30,67,同玉609,V12,12.0,0.0,0.0,0.0,0.0,0.0,0.0,0,0,1,0.6405857801437378,1.3454170227050781,0.07105306535959244,0.0,0.0,0.0,69.92512512207031,100.0,46.47157669067383,28.29207992553711,33.27949905395508,23.20330047607422,0.36293652653694153,29.124500274658203,34.665279388427734,24.432580947875977,94.32659149169922,94.49508666992188,94.16873168945312,317.2459716796875,980.9090576171875,0.0,103.712890625,28.28915023803711,1036.075439453125,119.4341812133789,193.6114959716797,196.46507263183594,197.12185668945312,0.0,1.0,25.46918296813965,26.257213592529297,27.460147857666016,27.15342903137207,10.07619857788086,78.71070861816406,74.6436996459961,64.9255599975586,63.24477005004883,53.52842330932617,103.46337890625,93.8243179321289,81.54025268554688,79.5520248413086,167.0288848876953,199.1613311767578,0.6239607930183411,0.6395734548568726,1.0,69.0,0.0,18.0,28.0,1.0,0.0,0.0,0.0,0.0,2.0,2.0,2.0,4.0,0.0,75.15718841552734,75.15718841552734,0.0,0.0,0.0
5,成都市新都区红花堰,2025-07-07,68,同玉609,V14,14.0,0.0,0.0,0.0,0.0,0.0,0.0,0,0,1,0.5637553334236145,2.2587077617645264,0.12195546180009842,0.8622815608978271,0.0,1.8136190176010132,91.40836334228516,100.0,61.00779724121094,23.66707992553711,29.1330509185791,21.96487045288086,0.3785116672515869,24.470029830932617,29.108850479125977,22.02376937866211,94.25338745117188,94.4951400756836,94.08384704589844,111.5799789428711,370.5769958496094,0.0,108.10267639160156,24.66744041442871,1146.8302001953125,85.80268096923828,205.23684692382812,279.4142150878906,282.2677917480469,6.0,0.0,25.822101593017578,25.645645141601562,26.112173080444336,27.050634384155273,7.168180465698242,81.94512176513672,80.32791900634766,77.07750701904297,69.18045043945312,38.99220275878906,105.92301177978516,104.69319152832031,97.85721588134766,87.6359634399414,150.5505828857422,192.07383728027344,0.7616212964057922,0.6922747492790222,1.0,76.0,0.0,18.0,28.0,0.0,0.0,0.0,1.0,0.0,2.0,4.0,1.0,5.0,0.0,55.40453338623047,75.15718841552734,0.0,0.0,1.0
5,成都市新都区红花堰,2025-07-14,69,同玉609,VT,15.0,0.0,0.0,0.0,0.0,0.0,0.0,0,0,1,0.3561710715293884,0.9244563579559326,0.03869860991835594,0.0,0.0,0.0,73.20510864257812,100.0,49.75453186035156,30.94485092163086,35.16276931762695,27.123680114746094,0.34373319149017334,31.51729965209961,38.25960159301758,27.223079681396484,94.2947998046875,94.60552978515625,94.06487274169922,252.7866668701172,789.3006591796875,0.0,98.225341796875,30.84469985961914,1257.047607421875,17.266921997070312,101.2559814453125,247.7432098388672,294.8674621582031,0.0,1.0,27.69779396057129,27.09030532836914,26.319015502929688,26.794092178344727,8.03908920288086,79.97541046142578,79.42574310302734,79.437255859375,76.00728607177734,50.24546813964844,103.07887268066406,104.18739318847656,103.24007415771484,97.20165252685547,215.89306640625,183.65016174316406,0.5664384961128235,0.6814894676208496,1.0,82.0,0.0,18.0,28.0,3.0,0.0,0.0,0.0,0.0,2.0,5.0,0.0,5.0,0.0,11.871865272521973,75.15718841552734,0.0,0.0,0.0
5,成都市新都区红花堰,2025-07-21,70,同玉609,R1,16.0,0.0,0.0,0.0,0.0,0.0,0.0,0,0,1,1.5010772943496704,3.317870616912842,0.18459148705005646,0.0,0.0,0.0,62.54872512817383,86.25627899169922,44.60776901245117,30.188499450683594,34.144161224365234,26.752399444580078,0.34947893023490906,29.34830093383789,33.77241897583008,25.864770889282227,94.82919311523438,95.07512664794922,94.65553283691406,241.7205810546875,780.2174072265625,0.0,99.86723327636719,28.913799285888672,1397.9771728515625,38.74580001831055,56.012725830078125,140.0017852783203,286.489013671875,0.0,1.0,30.13277244567871,28.915285110473633,28.104459762573242,27.2724552154541,7.391761779785156,71.56564331054688,75.7705307006836,76.80570983886719,77.4693603515625,41.64850997924805,98.42684173583984,100.75285339355469,102.26720428466797,102.0367660522461,200.1785430908203,183.82945251464844,1.371618390083313,0.8441697955131531,1.0,89.0,0.0,18.0,28.0,1.0,0.0,0.0,0.0,0.0,0.0,5.0,1.0,5.0,0.0,26.30238151550293,75.15718841552734,0.0,0.0,0.0
5,成都市新都区红花堰,2025-07-28,71,同玉609,R2,17.0,0.0,0.0,0.0,0.0,0.0,0.0,0,0,1,1.3969247341156006,1.746845006942749,0.07539741694927216,0.0,0.0,0.0,69.53990173339844,100.0,46.1588020324707,30.485740661621094,36.4180793762207,25.583759307861328,0.3236424922943115,31.725849151611328,38.37691879272461,26.395530700683594,94.07769012451172,94.31822204589844,93.91409301757812,280.65655517578125,824.4743041992188,0.0,92.48421478271484,31.13542938232422,1529.2391357421875,12.615330696105957,51.36112976074219,68.6280517578125,152.6171112060547,0.0,3.0,28.751691818237305,29.442232131958008,28.860746383666992,28.266265869140625,10.834320068359375,76.58594512939453,74.07579803466797,76.0423355102539,76.75077056884766,53.8411979675293,97.19169616699219,97.80927276611328,99.56580352783203,100.99832916259766,199.78282165527344,198.9464874267578,1.409398078918457,1.0300129652023315,1.0,96.0,0.0,18.0,28.0,2.0,0.0,0.0,0.0,0.0,0.0,3.0,0.0,2.0,0.0,5.262756824493408,55.40453338623047,0.0,0.0,0.0
5,成都市新都区红花堰,2025-08-04,72,同玉609,R3,18.0,0.0,0.0,3.0,0.33333,0.0,0.0,0,0,1,0.1843862682580948,0.1843862682580948,0.1843862682580948,0.4094127118587494,0.0,0.4094127118587494,55.81387710571289,75.19373321533203,41.03751754760742,33.640499114990234,37.752601623535156,29.743919372558594,0.25983911752700806,33.34640121459961,41.25040054321289,28.24294090270996,94.15782928466797,94.34258270263672,93.96794128417969,187.16903686523438,745.25830078125,0.0,74.25172424316406,32.92885971069336,1686.98779296875,0.4094127118587494,13.02474308013916,51.770545959472656,69.0374755859375,1.0,0.0,32.535518646240234,30.643604278564453,30.47332763671875,29.77944564819336,8.008682250976562,60.26081085205078,68.42338562011719,69.4708023071289,72.09695434570312,34.15621566772461,82.41858673095703,89.80513000488281,92.67903137207031,95.27899932861328,261.0208740234375,219.2188262939453,0.36964765191078186,0.9292756915092468,1.0,103.0,0.0,18.0,28.0,9.0,0.0,0.0,0.0,0.0,0.0,2.0,0.0,1.0,0.0,0.4094127118587494,26.30238151550293,0.0,0.0,0.0
5,成都市新都区红花堰,2025-08-11,73,同玉609,R4,19.0,0.0,0.0,3.0,0.33333,0.0,0.0,0,0,1,0.7743706107139587,0.7743706107139587,0.7743706107139587,0.0,0.0,0.0,76.76519012451172,100.0,53.899993896484375,27.413869857788086,32.11555862426758,23.39965057373047,0.37679022550582886,27.058399200439453,32.85530090332031,23.578760147094727,94.53581237792969,94.6661376953125,94.38558959960938,155.0340118408203,728.404052734375,0.0,107.66051483154297,27.06987953186035,1818.0191650390625,136.84278869628906,137.252197265625,149.86752319335938,188.6133270263672,0.0,1.0,28.718795776367188,30.627161026000977,30.002002716064453,30.034696578979492,8.71590805053711,78.81661224365234,69.5387191772461,71.88778686523438,71.8072509765625,46.100006103515625,90.61945343017578,86.5190200805664,90.07657623291016,92.16414642333984,152.310546875,203.32322692871094,0.5738606452941895,0.9311310648918152,1.0,110.0,0.0,18.0,28.0,0.0,0.0,1.0,0.0,0.0,1.0,1.0,2.0,3.0,0.0,57.30531692504883,57.30531692504883,0.0,0.0,0.0
5,成都市新都区红花堰,2025-08-18,74,同玉609,R4,19.0,0.0,0.0,3.0,0.33333,0.0,0.0,0,0,1,0.7743706107139587,0.7743706107139587,0.7743706107139587,1.5788896083831787,0.0,1.5788896083831787,77.58726501464844,100.0,52.19150924682617,27.113460540771484,32.54092025756836,22.436500549316406,0.3717896342277527,27.44717025756836,33.5442008972168,23.238370895385742,94.8026123046875,95.08590698242188,94.61856079101562,214.96592712402344,837.2431030273438,0.0,106.09268188476562,27.374929428100586,1946.13037109375,48.19337463378906,185.03616333007812,185.44557189941406,198.0609130859375,3.0,0.0,28.301589965820312,28.510196685791016,29.851966857910156,29.5768985748291,10.104419708251953,76.0594482421875,77.43803405761719,71.71229553222656,72.93070983886719,47.80849075317383,102.89524841308594,96.7573471069336,91.9777603149414,93.28125,202.16726684570312,203.82040405273438,0.7743706107139587,0.781819224357605,1.0,117.0,0.0,18.0,28.0,0.0,0.0,3.0,0.0,0.0,0.0,1.0,1.0,3.0,0.0,29.399290084838867,57.30531692504883,0.0,0.0,0.0
5,成都市新都区红花堰,2025-08-25,75,同玉609,R4,19.0,0.0,0.0,3.0,0.33333,0.0,0.0,0,0,1,1.5450928211212158,3.38712739944458,0.2915167808532715,0.16086719930171967,0.0,0.16465842723846436,89.18406677246094,100.0,70.74687194824219,25.862329483032227,29.01995086669922,23.644649505615234,0.3611961901187897,26.134599685668945,29.37834930419922,23.924800872802734,95.16079711914062,95.31626892089844,95.05426025390625,95.21233367919922,356.6142578125,0.0,103.21556854248047,26.24873924255371,2063.68310546875,31.118000030517578,79.3113784790039,216.15415954589844,216.56356811523438,10.0,0.0,26.793285369873047,27.54743766784668,27.937889099121094,29.087299346923828,5.375301361083984,83.39339447021484,79.72643280029297,79.42315673828125,74.632568359375,29.253128051757812,103.92802429199219,103.41163635253906,99.14756774902344,94.96533203125,153.2495574951172,192.1870880126953,1.5326203107833862,0.8126248717308044,1.0,124.0,1.0,18.0,28.0,0.0,0.0,5.0,0.0,5.0,0.0,1.0,0.0,3.0,0.0,10.440882682800293,57.30531692504883,0.0,0.0,0.0
5,成都市新都区红花堰,2025-09-01,76,同玉609,R4,19.0,0.0,0.0,3.0,0.33333,0.0,0.0,0,0,1,0.943386435508728,1.6291182041168213,0.4008461534976959,0.0,0.0,0.0,77.23356628417969,100.0,55.75857162475586,24.836179733276367,28.610380172729492,20.70595932006836,0.36122873425483704,24.646329879760742,30.381160736083984,20.931480407714844,95.02301788330078,95.4058837890625,94.77557373046875,133.42068481445312,455.5853271484375,0.0,103.22486877441406,24.35405921936035,2160.09326171875,30.715600967407227,61.83359909057617,110.0269775390625,246.86976623535156,0.0,2.0,23.772884368896484,25.283082962036133,26.28925132751465,26.896636962890625,7.904420852661133,82.13429260253906,82.76384735107422,80.52904510498047,80.10094451904297,44.24142837524414,103.88317108154297,103.90559387207031,103.56880950927734,100.33146667480469,118.99124908447266,156.67967224121094,1.5156738758087158,1.0991313457489014,1.0,4.0,0.0,18.0,28.0,0.0,0.0,0.0,0.0,0.0,2.0,3.0,0.0,3.0,0.0,20.411510467529297,57.30531692504883,0.0,0.0,0.0
6,泸定县燕子沟麻柳林村,2025-07-30,77,华玉919,R1,16.0,85.0,13.222222222222221,0.0,0.0,0.0,0.0,-365,1,1,1.677272915840149,1.677272915840149,1.677272915840149,6.794581890106201,0.0,9.717855453491211,81.1493911743164,100.0,42.921287536621094,21.35403060913086,28.82360076904297,16.118600845336914,0.295738160610199,16.77750015258789,25.654930114746094,11.037870407104492,73.95265197753906,74.23097229003906,73.64639282226562,199.76675415039062,806.4285278320312,0.0,77.95452880859375,16.769920349121094,515.9814453125,26.370555877685547,71.4765853881836,72.4859848022461,186.95895385742188,2.0,0.0,18.546422958374023,17.437429428100586,18.899837493896484,18.991533279418945,12.704999923706055,75.35102844238281,75.09370422363281,74.79943084716797,77.94584655761719,57.078712463378906,77.19269561767578,78.29962921142578,77.74459075927734,80.08072662353516,247.7635498046875,222.59056091308594,1.4446524381637573,1.110937476158142,1.0,60.0,0.0,18.0,28.0,0.0,0.0,0.0,0.0,1.0,0.0,3.0,0.0,2.0,0.0,14.573821067810059,51.81319046020508,0.0,0.0,0.0
6,泸定县燕子沟麻柳林村,2025-08-07,78,华玉919,R2,17.0,100.0,16.444444444444446,0.0,0.0,0.0,0.0,-365,1,1,0.5571836233139038,1.1024951934814453,0.09446423500776291,0.21300393342971802,0.0,0.21300393342971802,81.99578857421875,100.0,53.580589294433594,22.667020797729492,28.00029945373535,19.084829330444336,0.2873450517654419,17.47787094116211,25.033870697021484,12.55459976196289,74.28115844726562,74.51019287109375,74.08980560302734,197.0962677001953,631.091796875,0.0,75.7421646118164,17.436670303344727,624.6150512695312,8.799098014831543,35.7132568359375,81.04483795166016,82.05422973632812,4.0,0.0,23.60012435913086,21.5128116607666,19.661067962646484,20.140588760375977,8.915470123291016,80.9137954711914,78.70159149169922,77.73561096191406,76.328857421875,46.419410705566406,74.29679870605469,75.8807144165039,77.26164245605469,76.77635955810547,194.28077697753906,231.1756134033203,0.7519162893295288,1.2241533994674683,1.0,68.0,0.0,18.0,28.0,0.0,0.0,0.0,0.0,4.0,0.0,0.0,0.0,0.0,0.0,7.599436283111572,21.044797897338867,0.0,0.0,0.0
6,泸定县燕子沟麻柳林村,2025-08-14,79,华玉919,R3,18.0,100.0,33.33333333333333,0.0,0.0,0.0,0.0,-365,1,1,0.3148244619369507,0.3148244619369507,0.3148244619369507,0.6027665138244629,0.0,0.6027665138244629,79.20309448242188,100.0,54.92463302612305,20.575069427490234,25.148250579833984,16.59956932067871,0.30490660667419434,14.631279945373535,21.175500869750977,9.658470153808594,74.43498992919922,74.70912170410156,74.18101501464844,183.2318115234375,642.8754272460938,0.0,80.37126922607422,14.601900100708008,700.9967651367188,97.36447143554688,106.16356658935547,133.07772827148438,178.40931701660156,1.0,0.0,20.911680221557617,22.255901336669922,21.312435150146484,19.973722457885742,8.548681259155273,83.36222839355469,82.13801574707031,80.25514221191406,79.14226531982422,45.07536697387695,84.90999603271484,79.6033935546875,78.89047241210938,79.17372131347656,166.91700744628906,205.5503692626953,0.38100311160087585,1.061981439590454,1.0,75.0,0.0,18.0,28.0,0.0,0.0,0.0,0.0,0.0,1.0,1.0,2.0,2.0,0.0,44.2050666809082,44.2050666809082,0.0,0.0,0.0
6,泸定县燕子沟麻柳林村,2025-08-21,80,华玉919,R4,19.0,100.0,44.0,0.0,0.0,0.0,0.0,-365,1,1,1.2739259004592896,2.623155117034912,0.2861287593841553,6.365452766418457,0.0,20.88751220703125,90.21963500976562,100.0,59.80027770996094,13.590900421142578,17.18429946899414,11.08413028717041,0.32435572147369385,14.181480407714844,18.99489974975586,10.091970443725586,72.52208709716797,72.66761779785156,72.2558822631836,112.13941192626953,393.4406433105469,0.0,85.4979248046875,14.361200332641602,763.394287109375,57.956539154052734,155.3209991455078,164.12010192871094,191.0342559814453,2.0,0.0,18.913936614990234,19.912809371948242,21.14191436767578,20.71280860900879,6.1001691818237305,82.47492218017578,82.91857147216797,82.25031280517578,80.81009674072266,40.19972229003906,82.84221649169922,83.87610626220703,80.68299865722656,79.87841796875,186.78268432617188,201.04367065429688,0.5999897122383118,0.7950606942176819,1.0,82.0,0.0,18.0,28.0,0.0,2.0,0.0,1.0,0.0,1.0,2.0,0.0,2.0,0.0,24.724899291992188,44.2050666809082,0.0,0.0,1.0
6,泸定县燕子沟麻柳林村,2025-08-29,81,华玉919,R4,19.0,100.0,57.55555555555555,0.0,0.0,0.0,0.0,-365,1,1,1.4657952785491943,3.612374782562256,0.2512386739253998,0.3590146005153656,0.0,1.2429685592651367,93.78468322753906,100.0,72.61123657226562,10.60200023651123,13.515950202941895,8.85925006866455,0.3377506136894226,11.281120300292969,16.22800064086914,7.804200172424316,72.94709014892578,73.1775131225586,72.84923553466797,105.482666015625,375.5032958984375,0.0,89.02872467041016,11.794269561767578,794.6611938476562,89.35870361328125,147.33424377441406,220.4895477294922,253.49778747558594,7.0,0.0,13.735379219055176,15.926554679870605,17.410789489746094,19.005329132080078,4.656700134277344,86.51759338378906,84.49311065673828,84.16231536865234,83.3001708984375,27.388763427734375,86.82677459716797,85.25652313232422,85.19547271728516,82.53292083740234,122.8916015625,166.93435668945312,1.4173567295074463,0.7809909582138062,1.0,90.0,0.0,18.0,28.0,0.0,10.0,0.0,2.0,0.0,2.0,4.0,1.0,3.0,0.0,32.69928741455078,44.2050666809082,0.0,0.0,2.0
6,泸定县燕子沟麻柳林村,2025-09-05,82,华玉919,R4,19.0,100.0,70.33333333333334,0.0,0.0,0.0,0.0,-365,1,1,1.4662096500396729,3.765754222869873,0.3548915386199951,12.972497940063477,0.0,37.76573944091797,89.91233825683594,100.0,46.423038482666016,12.937040328979492,20.443479537963867,8.968620300292969,0.3308979272842407,14.090499877929688,23.452259063720703,8.530449867248535,72.7116928100586,72.97376251220703,72.43795013427734,135.27964782714844,621.9047241210938,0.0,87.22240447998047,14.315759658813477,818.110107421875,44.20121765136719,133.55992126464844,191.53546142578125,264.6907958984375,1.0,0.0,13.349841117858887,13.542611122131348,15.067649841308594,16.395553588867188,11.474859237670898,84.597412109375,85.55750274658203,84.52787780761719,84.2710952758789,53.576961517333984,82.99439239501953,84.91059112548828,84.50247955322266,84.64520263671875,166.1796112060547,159.8464813232422,1.4885934591293335,1.0014373064041138,1.0,97.0,0.0,18.0,28.0,0.0,17.0,0.0,0.0,4.0,1.0,5.0,1.0,4.0,1.0,37.76573944091797,44.2050666809082,0.0,0.0,0.0
6,泸定县燕子沟麻柳林村,2025-09-12,83,华玉919,R4,19.0,100.0,78.11111111111111,0.0,0.0,0.0,0.0,-365,1,1,1.554325819015503,3.495769739151001,0.41095149517059326,2.7296302318573,0.0,6.767212390899658,91.13739013671875,100.0,50.74238204956055,11.278340339660645,15.62440013885498,7.246500015258789,0.3327268064022064,11.975850105285645,17.982629776000977,7.043600082397461,72.89637756347656,73.14903259277344,72.67180633544922,97.65187072753906,351.7963562011719,0.0,87.70448303222656,12.376099586486816,837.792236328125,40.22301483154297,84.42422485351562,173.78294372558594,231.75848388671875,6.0,0.0,12.811729431152344,13.080785751342773,13.298983573913574,14.503670692443848,8.377900123596191,84.42510986328125,84.51126861572266,85.18003845214844,84.50218963623047,49.25761795043945,84.83787536621094,83.91613006591797,84.88634490966797,84.5863265991211,139.05430603027344,151.80604553222656,1.3309444189071655,1.2513043880462646,1.0,104.0,1.0,18.0,28.0,0.0,24.0,0.0,1.0,0.0,1.0,5.0,0.0,2.0,0.0,11.935052871704102,37.76573944091797,0.0,0.0,1.0
6,泸定县燕子沟麻柳林村,2025-09-17,84,华玉919,R5,20.0,100.0,90.22222222222221,0.0,0.0,0.0,0.0,-365,1,1,1.3633352518081665,3.979536294937134,0.2569935619831085,2.7382285594940186,0.0,8.96069049835205,94.23268127441406,100.0,64.77959442138672,11.99269962310791,15.537039756774902,9.556449890136719,0.32735365629196167,12.715940475463867,18.48055076599121,8.59154987335205,72.63567352294922,72.77168273925781,72.25548553466797,119.8395767211914,401.2965393066406,0.0,86.28816223144531,12.912699699401855,856.6246948242188,44.72761917114258,104.01411437988281,144.391845703125,220.71481323242188,2.0,0.0,13.46313762664795,13.347566604614258,13.100747108459473,13.457901954650879,5.980589866638184,81.53143310546875,82.5903549194336,84.06092071533203,83.99095916748047,35.22040557861328,83.45606994628906,83.6603012084961,84.12867736816406,84.42137908935547,161.7728729248047,148.3479461669922,1.5068168640136719,1.4360486268997192,1.0,109.0,0.0,18.0,28.0,0.0,29.0,0.0,2.0,0.0,3.0,7.0,0.0,2.0,0.0,17.06466293334961,37.76573944091797,0.0,0.0,2.0
7,泸定磨西镇蔡阳坪3,2025-07-30,85,,R3,18.0,80.0,9.777777777777779,0.0,0.0,0.0,0.0,-365,1,1,1.3695493936538696,1.3695493936538696,1.3695493936538696,3.222965717315674,0.0,4.871137619018555,83.96512603759766,100.0,45.004295349121094,24.280899047851562,31.613500595092773,19.043399810791016,0.2864517569541931,20.393239974975586,29.336570739746094,13.919919967651367,79.918701171875,80.08130645751953,79.71463012695312,242.35763549804688,897.1160888671875,0.0,69.96704864501953,20.33724021911621,682.95751953125,36.044578552246094,92.50442504882812,95.39666748046875,189.3038330078125,2.0,0.0,21.6168270111084,20.44742202758789,21.925153732299805,21.8884334564209,12.570100784301758,73.59483337402344,71.60345458984375,73.53636169433594,77.51514434814453,54.995704650878906,71.12189483642578,72.20021057128906,70.78756713867188,72.47126770019531,271.2070007324219,249.03121948242188,1.0265635251998901,0.8169692754745483,1.0,60.0,0.0,18.0,28.0,0.0,0.0,0.0,0.0,2.0,0.0,4.0,0.0,2.0,0.0,19.976940155029297,41.280242919921875,0.0,0.0,0.0
7,泸定磨西镇蔡阳坪3,2025-08-08,86,,R4,19.0,97.0,17.88888888888889,0.0,0.0,0.0,0.0,-365,1,1,0.6457918286323547,1.2713468074798584,0.11274271458387375,3.098499059677124,0.0,12.479846954345703,81.4605941772461,100.0,46.98640441894531,26.93416976928711,34.16693115234375,22.39204978942871,0.28450149297714233,22.656150817871094,31.873769760131836,16.38204002380371,80.21077728271484,80.41349029541016,80.11376190185547,271.4274597167969,1000.2135009765625,0.0,69.49068450927734,22.28173065185547,831.146240234375,27.980682373046875,40.96631622314453,80.57389831542969,124.49559020996094,4.0,0.0,26.512264251708984,24.904359817504883,22.96950340270996,23.225034713745117,11.774881362915039,83.99365234375,80.92814636230469,77.16983032226562,76.03797149658203,53.01359558105469,66.88182830810547,68.7118911743164,70.42164611816406,69.57721710205078,256.9254455566406,270.16375732421875,0.41875624656677246,0.8689648509025574,1.0,69.0,0.0,18.0,28.0,0.0,0.0,9.0,0.0,8.0,0.0,0.0,0.0,1.0,0.0,13.303025245666504,41.280242919921875,0.0,0.0,0.0
7,泸定磨西镇蔡阳坪3,2025-08-15,87,,R4,19.0,97.0,24.333333333333332,0.0,0.0,0.0,0.0,-365,1,1,0.20468340814113617,0.20468340814113617,0.20468340814113617,0.0,0.0,0.0,83.28899383544922,100.0,46.66264343261719,23.404050827026367,30.39113998413086,18.819480895996094,0.29656344652175903,18.521629333496094,28.406269073486328,12.337599754333496,80.33052825927734,80.45984649658203,80.15801239013672,278.4281921386719,1046.130126953125,0.0,72.4368667602539,18.436269760131836,920.8934326171875,84.08146667480469,112.06214141845703,125.04778289794922,164.65536499023438,0.0,1.0,22.821012496948242,24.666635513305664,24.209909439086914,22.9323787689209,11.571659088134766,86.55323791503906,85.2734375,82.80318450927734,79.51567840576172,53.33735656738281,78.15203857421875,72.51692962646484,71.85861206054688,72.35425567626953,194.36495971679688,245.349609375,0.22821864485740662,0.7214442491531372,1.0,76.0,0.0,18.0,28.0,0.0,0.0,0.0,0.0,5.0,1.0,1.0,2.0,2.0,0.0,53.222652435302734,53.222652435302734,0.0,0.0,0.0
7,泸定磨西镇蔡阳坪3,2025-08-21,88,,R4,19.0,98.0,37.55555555555555,0.0,0.0,0.0,0.0,-365,1,1,0.8278188109397888,1.5451136827468872,0.18057210743427277,3.0236356258392334,0.0,11.76486873626709,87.36222076416016,100.0,62.36957931518555,16.445180892944336,19.7780704498291,13.720199584960938,0.31861016154289246,17.112199783325195,21.55052947998047,13.264399528503418,76.06619262695312,76.3304214477539,75.8230209350586,115.1959457397461,393.62371826171875,0.0,77.8218765258789,17.36359977722168,988.4863891601562,42.56045150756836,139.12176513671875,154.62258911132812,187.58517456054688,1.0,0.0,21.571002960205078,22.44816017150879,23.772287368774414,23.430288314819336,6.057870864868164,84.04473114013672,85.16838073730469,84.8186264038086,82.62532806396484,37.63042068481445,75.593994140625,76.66255950927734,73.37798309326172,72.75664520263672,235.6780548095703,241.29281616210938,0.39114853739738464,0.5675888061523438,1.0,82.0,0.0,18.0,28.0,0.0,1.0,0.0,0.0,1.0,1.0,2.0,0.0,2.0,0.0,17.824865341186523,53.222652435302734,0.0,0.0,0.0
7,泸定磨西镇蔡阳坪3,2025-08-29,89,,R5,20.0,99.0,47.111111111111114,0.0,0.0,0.0,0.0,-365,1,1,0.9052361249923706,1.8719661235809326,0.2205485850572586,0.0,0.0,0.0,87.69550323486328,100.0,68.32367706298828,13.598259925842285,16.539100646972656,11.551400184631348,0.32002171874046326,14.60696029663086,19.664329528808594,11.080129623413086,76.563232421875,76.7558364868164,76.38176727294922,109.47177124023438,422.6139831542969,0.0,78.1666488647461,15.200429916381836,1046.7548828125,39.231529235839844,81.79197692871094,165.8734588623047,193.85414123535156,0.0,1.0,17.134119033813477,18.9901065826416,20.267074584960938,21.828372955322266,4.987700462341309,79.88861083984375,81.1366195678711,82.94215393066406,83.20503234863281,31.67632293701172,75.28163146972656,75.6233901977539,76.46627044677734,74.0701675415039,150.093505859375,206.24136352539062,0.87999027967453,0.5101200342178345,1.0,90.0,0.0,18.0,28.0,0.0,2.0,0.0,0.0,1.0,1.0,3.0,0.0,2.0,0.0,23.915386199951172,53.222652435302734,0.0,0.0,0.0
7,泸定磨西镇蔡阳坪3,2025-09-05,90,,R5,20.0,100.0,77.0,0.0,0.0,0.0,0.0,-365,1,1,1.1145696640014648,3.5815482139587402,0.3863966763019562,7.024084568023682,0.0,26.265361785888672,84.68416595458984,100.0,43.30807876586914,15.278400421142578,23.510099411010742,11.354519844055176,0.32225409150123596,16.85757064819336,26.254100799560547,11.252129554748535,76.30757904052734,76.80986022949219,75.94645690917969,150.87794494628906,601.4224243164062,0.0,78.71192169189453,17.26729965209961,1090.7698974609375,39.69463348388672,78.92616271972656,121.48661804199219,205.56809997558594,4.0,0.0,16.287845611572266,16.710981369018555,18.08935546875,19.272266387939453,12.155579566955566,78.02000427246094,78.95429992675781,80.09774780273438,81.71161651611328,56.69192123413086,74.46815490722656,74.87489318847656,75.23831939697266,75.96674346923828,190.7861785888672,189.70655822753906,1.0151078701019287,0.6592078804969788,1.0,97.0,0.0,18.0,28.0,0.0,1.0,0.0,0.0,1.0,0.0,3.0,1.0,3.0,1.0,26.265361785888672,53.222652435302734,0.0,0.0,0.0
8,泸定泸桥镇海子坪村1,2025-07-31,91,,R1,16.0,100.0,25.111111111111107,0.0,0.0,0.0,0.0,-365,1,1,0.9667165875434875,0.9667165875434875,0.9667165875434875,0.0,0.0,0.0,74.00555419921875,100.0,44.5195198059082,26.361539840698242,33.5880012512207,20.893030166625977,0.3124921917915344,26.78019905090332,36.2411994934082,21.373769760131836,80.08804321289062,80.30944061279297,79.8670883178711,333.3097229003906,1110.444580078125,0.0,73.01248168945312,26.234739303588867,764.3978881835938,17.922147750854492,85.60006713867188,85.90525817871094,173.33590698242188,0.0,2.0,24.56534767150879,24.15680503845215,24.819168090820312,24.075746536254883,12.694971084594727,77.1524658203125,76.23564910888672,74.88954162597656,78.02020263671875,55.4804801940918,77.12763214111328,78.8589096069336,74.81159210205078,76.66486358642578,281.3650207519531,251.62660217285156,0.9474571943283081,0.8767434358596802,1.0,61.0,0.0,18.0,28.0,0.0,0.0,1.0,0.0,0.0,0.0,4.0,0.0,2.0,0.0,15.193082809448242,57.348045349121094,0.0,0.0,0.0
8,泸定泸桥镇海子坪村1,2025-08-07,92,,R2,17.0,100.0,28.666666666666668,0.0,0.0,0.0,0.0,-365,1,1,0.7223618626594543,1.6874592304229736,0.1826915740966797,0.0,0.0,0.0,83.22825622558594,100.0,53.12328338623047,25.394100189208984,31.04863929748535,21.232229232788086,0.31417328119277954,25.160999298095703,31.481870651245117,21.542699813842773,80.43235778808594,80.66043853759766,80.21282196044922,201.6521453857422,677.5903930664062,0.0,73.40526580810547,25.1353702545166,881.0256958007812,10.546976089477539,28.46912384033203,96.14704132080078,96.45223236083984,0.0,1.0,26.661123275756836,25.613237380981445,24.991580963134766,25.279653549194336,9.816410064697266,81.387939453125,79.27020263671875,77.95307922363281,76.51414489746094,46.87671661376953,69.58575439453125,73.356689453125,75.76786041259766,73.50513458251953,245.17970275878906,262.5054626464844,0.6516316533088684,0.9016649127006531,1.0,68.0,0.0,18.0,28.0,0.0,0.0,8.0,0.0,4.0,0.0,0.0,0.0,1.0,0.0,5.697070121765137,44.62661361694336,0.0,0.0,0.0
8,泸定泸桥镇海子坪村1,2025-08-14,93,,R3,18.0,100.0,32.0,0.0,0.0,0.0,0.0,-365,1,1,0.6802617311477661,0.6802617311477661,0.6802617311477661,0.0,0.0,0.0,79.95044708251953,100.0,55.46392822265625,23.105459213256836,27.561100006103516,19.456199645996094,0.35637494921684265,22.582420349121094,29.01736068725586,18.449459075927734,80.63568878173828,80.84961700439453,80.37493896484375,183.03273010253906,626.8041381835938,0.0,83.2655029296875,22.569669723510742,973.5358276367188,97.41547393798828,107.96244812011719,125.88459777832031,193.56253051757812,0.0,4.0,23.215730667114258,24.93842887878418,24.814069747924805,24.547616958618164,8.104900360107422,84.32472229003906,82.85633087158203,80.95504760742188,79.5459976196289,44.53607177734375,85.53733825683594,77.5615463256836,77.41690826416016,78.21024322509766,190.29258728027344,235.0657501220703,0.6709672808647156,0.8587023019790649,1.0,75.0,0.0,18.0,28.0,0.0,0.0,0.0,0.0,0.0,2.0,2.0,2.0,3.0,0.0,41.10460662841797,44.62661361694336,0.0,0.0,0.0
8,泸定泸桥镇海子坪村1,2025-08-21,94,,R3,18.0,100.0,43.111111111111114,0.0,0.0,0.0,0.0,-365,1,1,1.0764473676681519,2.156869888305664,0.35426440834999084,3.239962100982666,0.0,7.0718464851379395,92.82190704345703,100.0,66.62638854980469,20.820730209350586,24.399200439453125,18.5039005279541,0.3573031425476074,21.785120010375977,25.194599151611328,18.615440368652344,83.7919921875,83.96784973144531,83.55986022949219,119.27439880371094,425.7309265136719,0.0,83.48237609863281,22.019899368286133,1063.93896484375,19.575580596923828,116.99105072021484,127.53802490234375,145.46017456054688,2.0,0.0,22.91473960876465,23.065237045288086,24.263866424560547,24.339235305786133,5.895299911499023,84.16593170166016,84.24532318115234,83.29286193847656,81.75776672363281,33.37361145019531,81.82872009277344,83.68303680419922,78.98394775390625,78.51985931396484,225.55223083496094,235.59738159179688,0.7851194739341736,0.7637938857078552,1.0,82.0,0.0,18.0,28.0,0.0,0.0,0.0,1.0,0.0,1.0,3.0,0.0,2.0,0.0,7.0718464851379395,41.10460662841797,0.0,0.0,1.0
8,泸定泸桥镇海子坪村1,2025-08-28,95,,R4,19.0,100.0,47.444444444444436,0.0,0.0,0.0,0.0,-365,1,1,0.7844128012657166,1.9500198364257812,0.26904934644699097,6.86561918258667,0.0,42.55928039550781,97.92101287841797,100.0,71.8956069946289,18.965700149536133,22.17490005493164,17.1182804107666,0.3925381004810333,20.13644027709961,24.26357078552246,17.153400421142578,84.08415985107422,84.3858413696289,83.72201538085938,92.41197204589844,326.81854248046875,0.0,91.71487426757812,20.713830947875977,1146.8404541015625,62.42752456665039,82.00310516357422,179.4185791015625,189.96554565429688,2.0,0.0,21.84307289123535,22.378908157348633,22.657848358154297,23.65866470336914,5.056619644165039,85.55810546875,84.86201477050781,84.68292236328125,83.85916900634766,28.104393005371094,83.91127014160156,82.87000274658203,83.75910949707031,80.21577453613281,161.37318420410156,205.5994415283203,0.9971243739128113,0.7762107253074646,1.0,89.0,1.0,18.0,28.0,0.0,0.0,0.0,1.0,0.0,2.0,5.0,1.0,3.0,1.0,42.55928039550781,42.55928039550781,0.0,0.0,1.0
8,泸定泸桥镇海子坪村1,2025-09-05,96,,R4,19.0,100.0,47.888888888888886,0.0,0.0,0.0,0.0,-365,1,1,1.2526761293411255,3.917329788208008,0.18525542318820953,8.022069931030273,0.0,21.414579391479492,89.02913665771484,100.0,43.6967658996582,20.456600189208984,29.182029724121094,16.05299949645996,0.36651113629341125,21.57537078857422,31.204219818115234,16.343069076538086,84.2156982421875,84.58696746826172,83.71798706054688,148.1229705810547,760.5382080078125,0.0,85.63377380371094,22.04262924194336,1234.547607421875,23.449066162109375,86.24911499023438,105.51634216308594,183.11891174316406,1.0,0.0,21.280122756958008,21.2554988861084,21.768970489501953,22.01993751525879,13.129030227661133,82.60481262207031,85.00886535644531,84.7465591430664,84.55474853515625,56.3032341003418,83.72113800048828,84.35209655761719,83.53346252441406,84.30060577392578,186.1761474609375,185.3628387451172,0.9757794141769409,0.861660361289978,1.0,97.0,0.0,18.0,28.0,0.0,0.0,0.0,0.0,2.0,1.0,7.0,0.0,3.0,0.0,21.414579391479492,42.55928039550781,0.0,0.0,0.0
8,泸定泸桥镇海子坪村1,2025-09-12,97,,R4,19.0,100.0,51.66666666666667,0.0,0.0,0.0,0.0,-365,1,1,0.7945086359977722,1.4159592390060425,0.30091726779937744,3.856245756149292,0.0,8.63356876373291,88.61956024169922,100.0,58.84672546386719,19.181629180908203,23.368370056152344,16.170400619506836,0.37417733669281006,20.038049697875977,25.065969467163086,16.124399185180664,84.37244415283203,84.56437683105469,83.7411117553711,111.01280975341797,454.50701904296875,0.0,87.42495727539062,20.448139190673828,1308.6656494140625,21.60393524169922,45.053001403808594,107.85304260253906,127.12028503417969,4.0,0.0,20.58827018737793,20.934194564819336,21.033090591430664,21.473791122436523,7.197969436645508,83.494140625,83.04947662353516,84.50395202636719,84.43345642089844,41.15327453613281,84.23236083984375,83.97675323486328,84.31217956542969,83.70819091796875,152.7021026611328,174.82887268066406,0.9403553009033203,0.9291383028030396,1.0,104.0,0.0,18.0,28.0,0.0,0.0,0.0,0.0,3.0,0.0,5.0,0.0,1.0,0.0,8.63356876373291,42.55928039550781,0.0,0.0,0.0
8,泸定泸桥镇海子坪村1,2025-09-18,98,,R5,20.0,100.0,60.00000000000001,0.0,0.0,0.0,0.0,-365,1,1,0.967718780040741,1.7645936012268066,0.19413697719573975,0.7570400834083557,0.0,1.337660789489746,84.72118377685547,100.0,52.714351654052734,21.12557029724121,27.081480026245117,16.716459274291992,0.34763798117637634,21.755029678344727,29.19729995727539,17.36193084716797,83.94844055175781,84.26271057128906,83.5326919555664,151.72186279296875,679.900146484375,0.0,81.2241439819336,21.577720642089844,1377.8887939453125,14.1953706741333,48.580318450927734,50.987327575683594,113.41486358642578,4.0,0.0,21.200679779052734,20.985546112060547,21.00229263305664,21.21248435974121,10.365020751953125,82.39226531982422,82.97245788574219,82.91569519042969,83.57630157470703,47.285648345947266,82.27488708496094,83.12567901611328,83.50714874267578,83.60819244384766,167.62049865722656,166.99766540527344,0.9083414673805237,0.9558635950088501,1.0,110.0,0.0,18.0,28.0,0.0,0.0,0.0,0.0,1.0,2.0,6.0,0.0,1.0,0.0,8.63356876373291,42.55928039550781,0.0,0.0,0.0
8,泸定泸桥镇海子坪村1,2025-09-25,99,,R5,20.0,100.0,62.0,0.0,0.0,0.0,0.0,-365,1,1,1.1406397819519043,3.1055545806884766,0.27999347448349,0.0,0.0,0.0,67.12989807128906,100.0,39.70853805541992,20.84547996520996,28.034299850463867,14.839529991149902,0.330070823431015,21.423269271850586,30.6889591217041,15.64247989654541,84.50369262695312,84.68912506103516,84.1073226928711,239.3277587890625,861.41552734375,0.0,77.11965942382812,21.19622039794922,1445.89892578125,10.937379837036133,25.13275146484375,59.517696380615234,61.92470932006836,0.0,3.0,19.715755462646484,20.45821762084961,20.56228256225586,20.680654525756836,13.194769859313965,80.40425872802734,81.39826965332031,82.11639404296875,82.28783416748047,60.29146194458008,80.67808532714844,81.47648620605469,82.309814453125,82.79988861083984,172.12692260742188,169.6860809326172,1.0698362588882446,0.9740415811538696,1.0,117.0,0.0,18.0,28.0,0.0,0.0,0.0,0.0,0.0,1.0,5.0,0.0,0.0,0.0,4.058549404144287,21.414579391479492,0.0,0.0,0.0
9,德宏农科所定点监测1,2025-07-31,100,垦丰680,R3,18.0,0.0,0.0,7.0,0.7777777777777778,99.0,19.444444444444446,-365,1,1,2.060608386993408,2.060608386993408,2.060608386993408,1.5098686218261719,0.0,11.989947319030762,97.0782241821289,100.0,84.18489074707031,22.93868064880371,24.21196937561035,21.939260482788086,0.36962199211120605,26.117149353027344,28.314449310302734,24.465139389038086,89.00753021240234,89.11544799804688,88.85601806640625,97.29278564453125,331.9352111816406,0.0,87.3768539428711,26.30590057373047,873.8380737304688,71.04529571533203,165.4502410888672,212.1697235107422,360.8827209472656,10.0,0.0,24.61210060119629,25.86131477355957,25.78582191467285,25.051027297973633,2.2727088928222656,94.69304656982422,90.87110900878906,90.62116241455078,92.03119659423828,15.815109252929688,88.69991302490234,87.8575668334961,88.03160095214844,89.19805145263672,173.7918243408203,172.6126251220703,1.2071220874786377,1.0838831663131714,1.0,60.0,1.0,18.0,28.0,0.0,0.0,0.0,7.0,0.0,7.0,19.0,0.0,4.0,0.0,22.378236770629883,41.84377670288086,0.0,0.0,7.0
9,德宏农科所定点监测1,2025-08-06,101,垦丰680,R4,19.0,0.0,0.0,13.0,1.4444444444444446,99.0,28.999999999999996,-365,1,1,0.9791845679283142,1.5130813121795654,0.13168461620807648,3.4222536087036133,0.0,5.553017616271973,96.26966094970703,100.0,68.88233184814453,24.27288055419922,27.79677963256836,22.284700393676758,0.37040477991104126,26.478139877319336,31.01740074157715,24.004850387573242,89.09569549560547,89.2380599975586,88.96194458007812,127.19721221923828,779.9505004882812,0.0,87.56189727783203,26.328699111938477,952.9240112304688,82.6744155883789,183.5735321044922,236.13470458984375,294.27032470703125,16.0,0.0,23.146366119384766,24.14996910095215,25.116422653198242,25.113080978393555,5.512079238891602,96.79093170166016,95.17570495605469,92.43389892578125,92.15693664550781,31.11766815185547,88.45982360839844,88.75801086425781,87.95822143554688,88.32469940185547,109.23846435546875,167.25143432617188,1.6487653255462646,1.217720627784729,1.0,66.0,0.0,18.0,28.0,0.0,0.0,0.0,13.0,0.0,7.0,19.0,1.0,3.0,0.0,26.833271026611328,41.84377670288086,0.0,0.0,13.0
9,德宏农科所定点监测1,2025-08-14,102,垦丰680,R4-R5,19.5,0.0,0.0,13.0,2.555555555555556,100.0,48.77777777777778,-365,1,1,1.7888280153274536,1.7888280153274536,1.7888280153274536,4.771645545959473,0.0,12.652990341186523,94.60266876220703,100.0,60.419219970703125,23.977170944213867,28.86772918701172,21.070600509643555,0.37387514114379883,26.565359115600586,32.74108123779297,23.320579528808594,89.32074737548828,89.53308868408203,89.15614318847656,210.16275024414062,968.868408203125,0.0,88.38227844238281,26.384639739990234,1059.1650390625,80.0458755493164,161.6179962158203,232.66331481933594,327.0682373046875,24.0,0.0,23.195735931396484,23.237638473510742,23.69579315185547,24.549474716186523,7.797128677368164,96.41966247558594,96.57540130615234,95.94795227050781,93.7232666015625,39.580780029296875,88.07630920410156,88.35913848876953,88.47272491455078,88.10836029052734,126.91831970214844,144.38494873046875,1.7499914169311523,1.3692084550857544,1.0,74.0,0.0,18.0,28.0,0.0,0.0,0.0,21.0,0.0,7.0,23.0,0.0,3.0,0.0,19.101852416992188,41.84377670288086,0.0,0.0,21.0
9,德宏农科所定点监测1,2025-08-20,103,垦丰680,R5,20.0,0.0,0.0,22.0,4.222222222222222,100.0,54.333333333333336,-365,1,1,0.7670063972473145,1.7450281381607056,0.07066385447978973,6.689012050628662,0.0,11.154130935668945,88.82577514648438,100.0,62.292198181152344,24.830299377441406,29.46916961669922,23.09432029724121,0.3694596588611603,25.74850082397461,30.162559509277344,23.63991928100586,90.88127136230469,91.06642150878906,90.57743835449219,123.29945373535156,551.7955322265625,0.0,87.3384780883789,25.87339973449707,1146.596923828125,64.76817321777344,143.04872131347656,225.72314453125,326.6222839355469,30.0,0.0,24.48701286315918,23.833786010742188,23.604644775390625,23.991878509521484,6.374849319458008,91.91022491455078,94.3118896484375,95.13823699951172,94.7437744140625,37.707801818847656,87.66798400878906,87.89140319824219,88.08088684082031,88.32470703125,192.09861755371094,150.35379028320312,1.6428536176681519,1.4972083568572998,1.0,80.0,0.0,18.0,28.0,0.0,0.0,0.0,0.0,1.0,4.0,24.0,0.0,2.0,0.0,18.945987701416016,41.84377670288086,0.0,0.0,0.0
9,德宏农科所定点监测1,2025-08-26,104,垦丰680,R5,20.0,0.0,0.0,22.0,4.666666666666666,100.0,56.99999999999999,-365,1,1,1.0105966329574585,2.3019216060638428,0.20294012129306793,0.7438870668411255,0.0,0.7438870668411255,76.568603515625,100.0,46.460975646972656,27.481159210205078,34.17811965942383,21.47393035888672,0.36574849486351013,28.22624969482422,33.56306838989258,23.04693031311035,90.65104675292969,90.92083740234375,90.3357925415039,232.13453674316406,823.35888671875,0.0,86.461181640625,27.731319427490234,1236.4674072265625,84.21971130371094,155.90061950683594,221.6673126220703,304.02801513671875,1.0,0.0,24.957233428955078,24.608600616455078,24.181726455688477,23.950345993041992,12.70418930053711,88.30121612548828,90.59558868408203,92.66280364990234,93.63751983642578,53.539024353027344,89.02455139160156,88.39018249511719,88.2797622680664,88.28130340576172,144.8296661376953,144.11904907226562,0.841262698173523,1.48935866355896,1.0,86.0,0.0,18.0,28.0,0.0,0.0,2.0,0.0,0.0,3.0,22.0,1.0,2.0,0.0,30.835468292236328,30.835468292236328,0.0,0.0,0.0
10,江东-1,2025-08-18,105,,R1,16.0,100.0,30.88888888888889,0.0,0.0,0.0,0.0,-365,1,1,1.2596334218978882,1.2596334218978882,1.2596334218978882,0.0,0.0,0.0,84.7625732421875,100.0,53.119964599609375,22.0374698638916,27.658260345458984,18.160850524902344,0.3694368302822113,22.419340133666992,27.007869720458984,18.78023910522461,86.11920166015625,86.30062103271484,85.99058532714844,272.2837219238281,988.028076171875,0.0,97.15223693847656,22.164199829101562,798.8355712890625,81.5731430053711,113.86883544921875,193.40553283691406,260.6455993652344,0.0,1.0,20.687501907348633,20.337688446044922,20.372610092163086,20.543363571166992,9.49740982055664,89.56388854980469,91.39488220214844,91.62872314453125,92.19341278076172,46.880035400390625,99.54820251464844,98.64826965332031,98.47640991210938,98.13578796386719,185.49813842773438,150.32162475585938,1.2596334218978882,1.513744592666626,1.0,74.0,0.0,18.0,28.0,0.0,0.0,0.0,0.0,2.0,4.0,22.0,0.0,2.0,0.0,21.219263076782227,40.043209075927734,0.0,0.0,0.0
10,江东-3,2025-08-18,108,,R2-R3,17.5,100.0,31.11111111111111,0.0,0.0,0.0,0.0,-365,1,2,1.2596334218978882,1.2596334218978882,1.2596334218978882,0.0,0.0,0.0,84.7625732421875,100.0,53.119964599609375,22.0374698638916,27.658260345458984,18.160850524902344,0.3694368302822113,22.419340133666992,27.007869720458984,18.78023910522461,86.11920166015625,86.30062103271484,85.99058532714844,272.2837219238281,988.028076171875,0.0,97.15223693847656,22.164199829101562,798.8355712890625,81.5731430053711,113.86883544921875,193.40553283691406,260.6455993652344,0.0,1.0,20.687501907348633,20.337688446044922,20.372610092163086,20.543363571166992,9.49740982055664,89.56388854980469,91.39488220214844,91.62872314453125,92.19341278076172,46.880035400390625,99.54820251464844,98.64826965332031,98.47640991210938,98.13578796386719,185.49813842773438,150.32162475585938,1.2596334218978882,1.513744592666626,1.0,74.0,0.0,18.0,28.0,0.0,0.0,0.0,0.0,2.0,4.0,22.0,0.0,2.0,0.0,21.219263076782227,40.043209075927734,0.0,0.0,0.0
10,江东-1,2025-08-25,106,,R2,17.0,100.0,52.66666666666667,0.0,0.0,0.0,0.0,-365,1,1,1.2513504028320312,2.160940647125244,0.14419680833816528,0.0,0.0,0.0,82.77177429199219,100.0,58.991085052490234,21.73870086669922,25.721200942993164,18.54235076904297,0.3766029179096222,21.818439483642578,26.87066078186035,18.077939987182617,83.70894622802734,83.88800048828125,83.46186065673828,197.92788696289062,732.634521484375,0.0,99.03672790527344,21.497400283813477,866.6221313476562,93.64797973632812,175.22113037109375,207.51681518554688,287.0534973144531,0.0,1.0,19.683795928955078,20.185649871826172,20.11972427368164,20.200407028198242,7.178850173950195,94.9094009399414,92.23664093017578,92.56637573242188,92.44890594482422,41.008914947509766,98.90335845947266,99.22577667236328,98.73329162597656,98.58313751220703,139.0371551513672,147.6553192138672,1.6660747528076172,1.4746663570404053,1.0,81.0,0.0,18.0,28.0,0.0,0.0,0.0,0.0,1.0,6.0,23.0,1.0,2.0,0.0,42.271949768066406,42.271949768066406,0.0,0.0,0.0
10,江东-3,2025-08-25,109,,R3,18.0,100.0,50.11111111111111,0.0,0.0,0.0,0.0,-365,1,2,1.2513504028320312,2.160940647125244,0.14419680833816528,0.0,0.0,0.0,82.77177429199219,100.0,58.991085052490234,21.73870086669922,25.721200942993164,18.54235076904297,0.3766029179096222,21.818439483642578,26.87066078186035,18.077939987182617,83.70894622802734,83.88800048828125,83.46186065673828,197.92788696289062,732.634521484375,0.0,99.03672790527344,21.497400283813477,866.6221313476562,93.64797973632812,175.22113037109375,207.51681518554688,287.0534973144531,0.0,1.0,19.683795928955078,20.185649871826172,20.11972427368164,20.200407028198242,7.178850173950195,94.9094009399414,92.23664093017578,92.56637573242188,92.44890594482422,41.008914947509766,98.90335845947266,99.22577667236328,98.73329162597656,98.58313751220703,139.0371551513672,147.6553192138672,1.6660747528076172,1.4746663570404053,1.0,81.0,0.0,18.0,28.0,0.0,0.0,0.0,0.0,1.0,6.0,23.0,1.0,2.0,0.0,42.271949768066406,42.271949768066406,0.0,0.0,0.0
10,江东-1,2025-09-16,107,,R4,19.0,100.0,57.99999999999999,0.0,0.0,0.0,0.0,-365,1,1,2.2043521404266357,4.289595603942871,0.49283459782600403,2.6476218700408936,0.0,14.605135917663574,98.30305480957031,100.0,75.76905822753906,18.82271957397461,21.990869522094727,17.374929428100586,0.38134175539016724,19.70639991760254,23.19331932067871,17.214319229125977,83.9552993774414,84.12743377685547,83.78944396972656,130.54193115234375,470.8551330566406,0.0,100.28291320800781,19.84343910217285,1107.6773681640625,85.52025604248047,96.00753784179688,116.77096557617188,209.65335083007812,12.0,0.0,19.561565399169922,20.54216194152832,20.87824058532715,20.658191680908203,4.615940093994141,96.71253967285156,93.10980224609375,91.07849884033203,91.63006591796875,24.230941772460938,96.69793701171875,94.49769592285156,95.01822662353516,96.03588104248047,120.66259002685547,153.60374450683594,1.7877334356307983,1.6606237888336182,1.0,103.0,0.0,18.0,28.0,0.0,0.0,0.0,7.0,0.0,7.0,17.0,0.0,1.0,0.0,21.302820205688477,42.271949768066406,0.0,0.0,7.0
10,江东-3,2025-09-16,110,,R5,20.0,100.0,59.0,0.0,0.0,0.0,0.0,-365,1,2,2.2043521404266357,4.289595603942871,0.49283459782600403,2.6476218700408936,0.0,14.605135917663574,98.30305480957031,100.0,75.76905822753906,18.82271957397461,21.990869522094727,17.374929428100586,0.38134175539016724,19.70639991760254,23.19331932067871,17.214319229125977,83.9552993774414,84.12743377685547,83.78944396972656,130.54193115234375,470.8551330566406,0.0,100.28291320800781,19.84343910217285,1107.6773681640625,85.52025604248047,96.00753784179688,116.77096557617188,209.65335083007812,12.0,0.0,19.561565399169922,20.54216194152832,20.87824058532715,20.658191680908203,4.615940093994141,96.71253967285156,93.10980224609375,91.07849884033203,91.63006591796875,24.230941772460938,96.69793701171875,94.49769592285156,95.01822662353516,96.03588104248047,120.66259002685547,153.60374450683594,1.7877334356307983,1.6606237888336182,1.0,103.0,0.0,18.0,28.0,0.0,0.0,0.0,7.0,0.0,7.0,17.0,0.0,1.0,0.0,21.302820205688477,42.271949768066406,0.0,0.0,7.0
11,德宏勐嘎-3,2025-08-05,111,,R2,17.0,0.0,0.0,100.0,38.111111111111114,0.0,0.0,-365,1,1,0.9679348468780518,0.9679348468780518,0.9679348468780518,2.5562546253204346,0.0,5.061896800994873,93.93966674804688,100.0,85.28153228759766,19.63909912109375,20.373220443725586,18.690500259399414,0.3263242840766907,21.611499786376953,23.4685001373291,20.102380752563477,85.73251342773438,85.8868408203125,85.6346206665039,90.1776351928711,297.42828369140625,0.0,78.29901885986328,21.66585922241211,677.5003662109375,63.9598388671875,165.08811950683594,204.2775115966797,288.11920166015625,15.0,0.0,20.312604904174805,21.231964111328125,21.823959350585938,21.68099594116211,1.6827201843261719,91.77940368652344,92.22367858886719,92.34130859375,91.39659881591797,14.718467712402344,78.57256317138672,78.842041015625,78.24217224121094,78.7791519165039,136.26193237304688,169.349365234375,0.7341921925544739,0.88359135389328,1.0,60.0,1.0,18.0,28.0,0.0,0.0,0.0,6.0,0.0,6.0,17.0,0.0,1.0,0.0,21.26251792907715,46.83060073852539,0.0,0.0,6.0
11,德宏勐嘎-2,2025-08-05,117,,VT,15.0,0.0,0.0,100.0,11.333333333333334,0.0,0.0,-365,1,2,0.9679348468780518,0.9679348468780518,0.9679348468780518,2.5562546253204346,0.0,5.061896800994873,93.93966674804688,100.0,85.28153228759766,19.63909912109375,20.373220443725586,18.690500259399414,0.3263242840766907,21.611499786376953,23.4685001373291,20.102380752563477,85.73251342773438,85.8868408203125,85.6346206665039,90.1776351928711,297.42828369140625,0.0,78.29901885986328,21.66585922241211,677.5003662109375,63.9598388671875,165.08811950683594,204.2775115966797,288.11920166015625,15.0,0.0,20.312604904174805,21.231964111328125,21.823959350585938,21.68099594116211,1.6827201843261719,91.77940368652344,92.22367858886719,92.34130859375,91.39659881591797,14.718467712402344,78.57256317138672,78.842041015625,78.24217224121094,78.7791519165039,136.26193237304688,169.349365234375,0.7341921925544739,0.88359135389328,1.0,60.0,1.0,18.0,28.0,0.0,0.0,0.0,6.0,0.0,6.0,17.0,0.0,1.0,0.0,21.26251792907715,46.83060073852539,0.0,0.0,6.0
11,德宏勐嘎-3,2025-08-13,112,,R3,18.0,0.0,0.0,100.0,52.33333333333333,0.0,0.0,-365,1,1,0.9830965995788574,0.9830965995788574,0.9830965995788574,7.454008102416992,0.0,22.77981185913086,92.31997680664062,100.0,65.21849822998047,19.68777084350586,24.064050674438477,18.078449249267578,0.34232527017593384,21.66301918029785,26.677600860595703,19.46242904663086,85.98011016845703,86.06771850585938,85.90672302246094,125.2278060913086,754.8810424804688,0.0,82.1383285522461,21.714799880981445,758.2992553710938,62.36748123168945,121.46525573730469,230.0057373046875,263.474365234375,23.0,0.0,19.999908447265625,20.062788009643555,20.655498504638672,21.294750213623047,5.985601425170898,92.56671905517578,92.50769805908203,92.42254638671875,92.4520492553711,34.78150177001953,78.26410675048828,78.52546691894531,78.77183532714844,78.2452163696289,122.69050598144531,148.17764282226562,0.991756021976471,0.9070281386375427,1.0,68.0,0.0,18.0,28.0,0.0,0.0,0.0,14.0,0.0,7.0,22.0,0.0,1.0,0.0,22.77981185913086,46.83060073852539,0.0,0.0,14.0
11,德宏勐嘎-2,2025-08-13,118,,R1,16.0,0.0,0.0,100.0,11.444444444444445,0.0,0.0,-365,1,2,0.9830965995788574,0.9830965995788574,0.9830965995788574,7.454008102416992,0.0,22.77981185913086,92.31997680664062,100.0,65.21849822998047,19.68777084350586,24.064050674438477,18.078449249267578,0.34232527017593384,21.66301918029785,26.677600860595703,19.46242904663086,85.98011016845703,86.06771850585938,85.90672302246094,125.2278060913086,754.8810424804688,0.0,82.1383285522461,21.714799880981445,758.2992553710938,62.36748123168945,121.46525573730469,230.0057373046875,263.474365234375,23.0,0.0,19.999908447265625,20.062788009643555,20.655498504638672,21.294750213623047,5.985601425170898,92.56671905517578,92.50769805908203,92.42254638671875,92.4520492553711,34.78150177001953,78.26410675048828,78.52546691894531,78.77183532714844,78.2452163696289,122.69050598144531,148.17764282226562,0.991756021976471,0.9070281386375427,1.0,68.0,0.0,18.0,28.0,0.0,0.0,0.0,14.0,0.0,7.0,22.0,0.0,1.0,0.0,22.77981185913086,46.83060073852539,0.0,0.0,14.0
11,德宏勐嘎-3,2025-08-19,113,,R3,18.0,1.0,0.1111111111111111,100.0,60.88888888888889,0.0,0.0,-365,1,1,0.9830965995788574,0.9830965995788574,0.9830965995788574,0.0,0.0,0.0,83.66656494140625,100.0,56.81195068359375,21.409019470214844,25.858800888061523,17.96453094482422,0.30845871567726135,24.00826072692871,30.45903968811035,19.621000289916992,85.90126037597656,86.03045654296875,85.8022689819336,255.484619140625,982.7682495117188,0.0,74.01231384277344,23.907739639282227,826.3269653320312,65.12189483642578,107.7391586303711,171.6990203857422,272.8273010253906,0.0,1.0,21.102203369140625,20.63047218322754,20.524517059326172,20.931217193603516,7.894269943237305,87.75708770751953,90.10826110839844,90.6653060913086,91.16596984863281,43.18804931640625,78.74830627441406,78.16595458984375,78.3014907836914,78.50399017333984,180.93017578125,152.94590759277344,0.9830965995788574,0.8976540565490723,1.0,74.0,0.0,18.0,28.0,0.0,0.0,0.0,0.0,3.0,2.0,19.0,0.0,1.0,0.0,22.77981185913086,46.83060073852539,0.0,0.0,0.0
11,德宏勐嘎-2,2025-08-19,119,,R1,16.0,35.0,4.111111111111112,100.0,12.333333333333336,28.0,3.111111111111111,-365,1,2,0.9830965995788574,0.9830965995788574,0.9830965995788574,0.0,0.0,0.0,83.66656494140625,100.0,56.81195068359375,21.409019470214844,25.858800888061523,17.96453094482422,0.30845871567726135,24.00826072692871,30.45903968811035,19.621000289916992,85.90126037597656,86.03045654296875,85.8022689819336,255.484619140625,982.7682495117188,0.0,74.01231384277344,23.907739639282227,826.3269653320312,65.12189483642578,107.7391586303711,171.6990203857422,272.8273010253906,0.0,1.0,21.102203369140625,20.63047218322754,20.524517059326172,20.931217193603516,7.894269943237305,87.75708770751953,90.10826110839844,90.6653060913086,91.16596984863281,43.18804931640625,78.74830627441406,78.16595458984375,78.3014907836914,78.50399017333984,180.93017578125,152.94590759277344,0.9830965995788574,0.8976540565490723,1.0,74.0,0.0,18.0,28.0,0.0,0.0,0.0,0.0,3.0,2.0,19.0,0.0,1.0,0.0,22.77981185913086,46.83060073852539,0.0,0.0,0.0
11,德宏勐嘎-3,2025-08-26,114,,R4,19.0,20.0,4.444444444444445,100.0,69.44444444444444,0.0,0.0,-365,1,1,0.9779548645019531,1.8763525485992432,0.16859270632266998,5.6457109451293945,0.0,6.960329532623291,84.39157104492188,100.0,53.4046516418457,23.869129180908203,29.910579681396484,19.61302947998047,0.32337555289268494,25.125940322875977,30.588560104370117,20.615320205688477,86.225830078125,86.43736267089844,85.97724151611328,245.56985473632812,831.2060546875,0.0,77.59149169921875,24.68022918701172,907.087646484375,90.478271484375,155.60015869140625,198.21743774414062,262.1772766113281,1.0,0.0,21.5372314453125,21.319719314575195,20.93272590637207,20.777694702148438,10.297550201416016,93.46299743652344,90.61004638671875,91.22650909423828,91.36473846435547,46.5953483581543,78.92842864990234,78.83836364746094,78.42010498046875,78.4582290649414,160.6491241455078,150.2835235595703,0.8368694186210632,0.8825178742408752,1.0,81.0,0.0,18.0,28.0,0.0,0.0,0.0,0.0,2.0,5.0,20.0,1.0,1.0,0.0,45.366851806640625,45.366851806640625,0.0,0.0,0.0
11,德宏勐嘎-2,2025-08-26,120,,R2,17.0,100.0,13.444444444444445,100.0,12.000000000000002,100.0,15.555555555555555,-365,1,2,0.9779548645019531,1.8763525485992432,0.16859270632266998,5.6457109451293945,0.0,6.960329532623291,84.39157104492188,100.0,53.4046516418457,23.869129180908203,29.910579681396484,19.61302947998047,0.32337555289268494,25.125940322875977,30.588560104370117,20.615320205688477,86.225830078125,86.43736267089844,85.97724151611328,245.56985473632812,831.2060546875,0.0,77.59149169921875,24.68022918701172,907.087646484375,90.478271484375,155.60015869140625,198.21743774414062,262.1772766113281,1.0,0.0,21.5372314453125,21.319719314575195,20.93272590637207,20.777694702148438,10.297550201416016,93.46299743652344,90.61004638671875,91.22650909423828,91.36473846435547,46.5953483581543,78.92842864990234,78.83836364746094,78.42010498046875,78.4582290649414,160.6491241455078,150.2835235595703,0.8368694186210632,0.8825178742408752,1.0,81.0,0.0,18.0,28.0,0.0,0.0,0.0,0.0,2.0,5.0,20.0,1.0,1.0,0.0,45.366851806640625,45.366851806640625,0.0,0.0,0.0
11,德宏勐嘎-3,2025-09-01,115,,R4,19.0,100.0,14.777777777777779,100.0,77.33333333333333,100.0,22.22222222222222,-365,1,1,0.9830518364906311,2.3988425731658936,0.13928739726543427,0.6717983484268188,0.0,1.326162338256836,87.36764526367188,100.0,53.89733123779297,22.56884002685547,28.69219970703125,19.73695945739746,0.3089630603790283,23.43922996520996,29.322229385375977,20.177330017089844,86.26516723632812,86.42878723144531,86.04866027832031,154.05686950683594,700.2070922851562,0.0,74.13333129882812,23.410640716552734,980.7279663085938,36.037689208984375,119.5556411743164,186.3141326904297,232.356689453125,7.0,0.0,22.501359939575195,21.843576431274414,21.50336456298828,21.173810958862305,8.955240249633789,90.26197814941406,91.81070709228516,90.95703125,91.3263931274414,46.10266876220703,77.08453369140625,77.7508316040039,78.11628723144531,78.11148834228516,169.77780151367188,153.11276245117188,0.8990921974182129,0.9233851432800293,1.0,87.0,0.0,18.0,28.0,0.0,0.0,0.0,0.0,2.0,4.0,19.0,0.0,1.0,0.0,12.755139350891113,45.366851806640625,0.0,0.0,0.0
11,德宏勐嘎-2,2025-09-01,121,,R3,18.0,100.0,22.22222222222222,100.0,28.888888888888893,100.0,22.22222222222222,-365,1,2,0.9830518364906311,2.3988425731658936,0.13928739726543427,0.6717983484268188,0.0,1.326162338256836,87.36764526367188,100.0,53.89733123779297,22.56884002685547,28.69219970703125,19.73695945739746,0.3089630603790283,23.43922996520996,29.322229385375977,20.177330017089844,86.26516723632812,86.42878723144531,86.04866027832031,154.05686950683594,700.2070922851562,0.0,74.13333129882812,23.410640716552734,980.7279663085938,36.037689208984375,119.5556411743164,186.3141326904297,232.356689453125,7.0,0.0,22.501359939575195,21.843576431274414,21.50336456298828,21.173810958862305,8.955240249633789,90.26197814941406,91.81070709228516,90.95703125,91.3263931274414,46.10266876220703,77.08453369140625,77.7508316040039,78.11628723144531,78.11148834228516,169.77780151367188,153.11276245117188,0.8990921974182129,0.9233851432800293,1.0,87.0,0.0,18.0,28.0,0.0,0.0,0.0,0.0,2.0,4.0,19.0,0.0,1.0,0.0,12.755139350891113,45.366851806640625,0.0,0.0,0.0
11,德宏勐嘎-3,2025-09-17,116,,R5,20.0,,,100.0,100.0,,,-365,1,1,0.6747071743011475,1.4764684438705444,0.23439081013202667,0.1556282341480255,0.0,0.30983275175094604,90.09405517578125,100.0,56.68537139892578,21.64012908935547,27.1701602935791,18.068099975585938,0.31050434708595276,23.062620162963867,28.44655990600586,19.080650329589844,86.48555755615234,86.691162109375,86.2646255493164,198.94781494140625,712.7304077148438,0.0,74.50314331054688,22.93383026123047,1175.3367919921875,61.69259262084961,62.07176971435547,80.52648162841797,178.53001403808594,7.0,0.0,21.111833572387695,22.046672821044922,22.204795837402344,22.062870025634766,9.102060317993164,95.25249481201172,91.48859405517578,91.19195556640625,91.71392822265625,43.31462860107422,74.9997787475586,72.41456604003906,73.46522521972656,74.98983001708984,127.92780303955078,159.39645385742188,0.8485931754112244,0.8537789583206177,1.0,103.0,0.0,18.0,28.0,0.0,0.0,0.0,7.0,0.0,7.0,17.0,1.0,2.0,0.0,27.10454750061035,45.366851806640625,0.0,0.0,7.0
11,德宏勐嘎-2,2025-09-17,122,,R4,19.0,100.0,57.777777777777786,100.0,55.55555555555556,100.0,57.777777777777786,-365,1,2,0.6747071743011475,1.4764684438705444,0.23439081013202667,0.1556282341480255,0.0,0.30983275175094604,90.09405517578125,100.0,56.68537139892578,21.64012908935547,27.1701602935791,18.068099975585938,0.31050434708595276,23.062620162963867,28.44655990600586,19.080650329589844,86.48555755615234,86.691162109375,86.2646255493164,198.94781494140625,712.7304077148438,0.0,74.50314331054688,22.93383026123047,1175.3367919921875,61.69259262084961,62.07176971435547,80.52648162841797,178.53001403808594,7.0,0.0,21.111833572387695,22.046672821044922,22.204795837402344,22.062870025634766,9.102060317993164,95.25249481201172,91.48859405517578,91.19195556640625,91.71392822265625,43.31462860107422,74.9997787475586,72.41456604003906,73.46522521972656,74.98983001708984,127.92780303955078,159.39645385742188,0.8485931754112244,0.8537789583206177,1.0,103.0,0.0,18.0,28.0,0.0,0.0,0.0,7.0,0.0,7.0,17.0,1.0,2.0,0.0,27.10454750061035,45.366851806640625,0.0,0.0,7.0
