地点,品种,date,group_key,匹配气象地点,序号,灰斑病抗性,大斑病抗性,白斑病抗性,生育期,灰斑病发病株率,灰斑病病情指数,大斑病发病株率,大斑病病情指数,白斑病发病株率,白斑病病情指数,灰斑病发病株率_prev,灰斑病发病株率_delta,灰斑病病情指数_prev,灰斑病病情指数_delta,大斑病发病株率_prev,大斑病发病株率_delta,大斑病病情指数_prev,大斑病病情指数_delta,白斑病发病株率_prev,白斑病发病株率_delta,白斑病病情指数_prev,白斑病病情指数_delta,growth_stage_code,日期,LAT(degrees_north),LON(degrees_east),10m风速平均值(m/s),10m风速最大值(m/s),10m风速最小值(m/s),24小时内最大降水量(mm),24小时内最小降水量(mm),24小时内降水量之和(mm),2m比湿平均值(kg/kg),2m比湿最大值(kg/kg),2m比湿最小值(kg/kg),2m气温平均值(K),2m气温最大值(K),2m气温最小值(K),土壤湿度(m3 m-3),地表温度平均值(K),地表温度最大值(K),地表温度最小值(K),地面气压平均值(Pa),地面气压最大值(Pa),地面气压最小值(Pa),短波辐射平均值(W/m2),短波辐射最大值(W/m2),短波辐射最小值(W/m2),0-10cm土壤相对湿度(percent),5cm土壤温度(K),wind_avg,wind_max,wind_min,precip_sum,precip_max,precip_min,temp_avg_c,temp_max_c,temp_min_c,surface_temp_avg_c,surface_temp_max_c,surface_temp_min_c,pressure_kpa,pressure_max_kpa,pressure_min_kpa,relative_humidity,relative_humidity_max,relative_humidity_min,soil_rel_humidity,soil_temp_c,soil_moisture,radiation_avg,radiation_max,radiation_min,temp_range_24h_c,humidity_range_daily,surface_temp_range_24h_c,pressure_range_kpa,is_weak_wind_day,is_rainy_day,is_high_humidity,is_medium_high_humidity,is_heavy_rain,is_hot_day,is_cold_day,is_optimal_temp_day,is_low_radiation_day,humid_temp_interaction,rain_humidity_interaction,weak_wind_humidity_interaction,hot_humid_flag,optimal_temp_humid_flag,weak_wind_humid_flag,disease_suitable_day,gdd_daily,gdd_cum,temp_avg_c_3d_mean,temp_avg_c_3d_max,temp_avg_c_3d_min,temp_avg_c_3d_std,temp_avg_c_7d_mean,temp_avg_c_7d_max,temp_avg_c_7d_min,temp_avg_c_7d_std,temp_avg_c_14d_mean,temp_avg_c_14d_max,temp_avg_c_14d_min,temp_avg_c_14d_std,temp_avg_c_21d_mean,temp_avg_c_21d_max,temp_avg_c_21d_min,temp_avg_c_21d_std,temp_avg_c_28d_mean,temp_avg_c_28d_max,temp_avg_c_28d_min,temp_avg_c_28d_std,relative_humidity_3d_mean,relative_humidity_3d_max,relative_humidity_3d_min,relative_humidity_3d_std,relative_humidity_7d_mean,relative_humidity_7d_max,relative_humidity_7d_min,relative_humidity_7d_std,relative_humidity_14d_mean,relative_humidity_14d_max,relative_humidity_14d_min,relative_humidity_14d_std,relative_humidity_21d_mean,relative_humidity_21d_max,relative_humidity_21d_min,relative_humidity_21d_std,relative_humidity_28d_mean,relative_humidity_28d_max,relative_humidity_28d_min,relative_humidity_28d_std,wind_avg_3d_mean,wind_avg_3d_max,wind_avg_3d_min,wind_avg_3d_std,wind_avg_7d_mean,wind_avg_7d_max,wind_avg_7d_min,wind_avg_7d_std,wind_avg_14d_mean,wind_avg_14d_max,wind_avg_14d_min,wind_avg_14d_std,wind_avg_21d_mean,wind_avg_21d_max,wind_avg_21d_min,wind_avg_21d_std,wind_avg_28d_mean,wind_avg_28d_max,wind_avg_28d_min,wind_avg_28d_std,radiation_avg_3d_mean,radiation_avg_3d_max,radiation_avg_3d_min,radiation_avg_3d_std,radiation_avg_7d_mean,radiation_avg_7d_max,radiation_avg_7d_min,radiation_avg_7d_std,radiation_avg_14d_mean,radiation_avg_14d_max,radiation_avg_14d_min,radiation_avg_14d_std,radiation_avg_21d_mean,radiation_avg_21d_max,radiation_avg_21d_min,radiation_avg_21d_std,radiation_avg_28d_mean,radiation_avg_28d_max,radiation_avg_28d_min,radiation_avg_28d_std,soil_rel_humidity_3d_mean,soil_rel_humidity_3d_max,soil_rel_humidity_3d_min,soil_rel_humidity_3d_std,soil_rel_humidity_7d_mean,soil_rel_humidity_7d_max,soil_rel_humidity_7d_min,soil_rel_humidity_7d_std,soil_rel_humidity_14d_mean,soil_rel_humidity_14d_max,soil_rel_humidity_14d_min,soil_rel_humidity_14d_std,soil_rel_humidity_21d_mean,soil_rel_humidity_21d_max,soil_rel_humidity_21d_min,soil_rel_humidity_21d_std,soil_rel_humidity_28d_mean,soil_rel_humidity_28d_max,soil_rel_humidity_28d_min,soil_rel_humidity_28d_std,soil_moisture_3d_mean,soil_moisture_3d_max,soil_moisture_3d_min,soil_moisture_3d_std,soil_moisture_7d_mean,soil_moisture_7d_max,soil_moisture_7d_min,soil_moisture_7d_std,soil_moisture_14d_mean,soil_moisture_14d_max,soil_moisture_14d_min,soil_moisture_14d_std,soil_moisture_21d_mean,soil_moisture_21d_max,soil_moisture_21d_min,soil_moisture_21d_std,soil_moisture_28d_mean,soil_moisture_28d_max,soil_moisture_28d_min,soil_moisture_28d_std,temp_range_24h_c_3d_mean,temp_range_24h_c_3d_max,temp_range_24h_c_3d_min,temp_range_24h_c_3d_std,temp_range_24h_c_7d_mean,temp_range_24h_c_7d_max,temp_range_24h_c_7d_min,temp_range_24h_c_7d_std,temp_range_24h_c_14d_mean,temp_range_24h_c_14d_max,temp_range_24h_c_14d_min,temp_range_24h_c_14d_std,temp_range_24h_c_21d_mean,temp_range_24h_c_21d_max,temp_range_24h_c_21d_min,temp_range_24h_c_21d_std,temp_range_24h_c_28d_mean,temp_range_24h_c_28d_max,temp_range_24h_c_28d_min,temp_range_24h_c_28d_std,humidity_range_daily_3d_mean,humidity_range_daily_3d_max,humidity_range_daily_3d_min,humidity_range_daily_3d_std,humidity_range_daily_7d_mean,humidity_range_daily_7d_max,humidity_range_daily_7d_min,humidity_range_daily_7d_std,humidity_range_daily_14d_mean,humidity_range_daily_14d_max,humidity_range_daily_14d_min,humidity_range_daily_14d_std,humidity_range_daily_21d_mean,humidity_range_daily_21d_max,humidity_range_daily_21d_min,humidity_range_daily_21d_std,humidity_range_daily_28d_mean,humidity_range_daily_28d_max,humidity_range_daily_28d_min,humidity_range_daily_28d_std,rain_3d_sum,rain_3d_max,rain_3d_mean,rain_3d_count,heavy_rain_3d_count,high_humidity_3d_count,disease_suitable_3d_count,gdd_3d_sum,rain_7d_sum,rain_7d_max,rain_7d_mean,rain_7d_count,heavy_rain_7d_count,high_humidity_7d_count,disease_suitable_7d_count,gdd_7d_sum,rain_14d_sum,rain_14d_max,rain_14d_mean,rain_14d_count,heavy_rain_14d_count,high_humidity_14d_count,disease_suitable_14d_count,gdd_14d_sum,rain_21d_sum,rain_21d_max,rain_21d_mean,rain_21d_count,heavy_rain_21d_count,high_humidity_21d_count,disease_suitable_21d_count,gdd_21d_sum,rain_28d_sum,rain_28d_max,rain_28d_mean,rain_28d_count,heavy_rain_28d_count,high_humidity_28d_count,disease_suitable_28d_count,gdd_28d_sum,is_rainy_day_streak_days,is_weak_wind_day_streak_days,is_low_radiation_day_streak_days,is_hot_day_streak_days,is_cold_day_streak_days,is_optimal_temp_day_streak_days,is_high_humidity_streak_days,is_medium_high_humidity_streak_days,is_heavy_rain_streak_days,hot_humid_flag_streak_days,optimal_temp_humid_flag_streak_days,weak_wind_humid_flag_streak_days,disease_suitable_day_streak_days,rain_gap_days
周公山镇余家村,未知品种,2025-05-22,周公山镇余家村_同玉609,1.四川雅安周公山,1,5.0,7.0,7.0,V14,0.0,0.0,0.0,0.0,0.0,0.0,,,,,,,,,,,,,14.0,45799,29.96875,103.03125,1.0136435,2.5770097,0.14351042,2.310422,0.0,8.507671,0.015198841,0.02360247,0.012598225,297.31427,304.6345,291.58813,0.25190565,299.94818,313.01984,292.28888,92072.82,92391.94,91803.77,219.39565,960.57983,0.0,69.569984,299.5111,1.0136435,2.5770097,0.14351042,8.507671,2.310422,0.0,24.164270000000045,31.484500000000025,18.43813,26.798180000000002,39.86984000000001,19.13888000000003,92.07282000000001,92.39194,91.80377,73.99138618086238,74.78177854544496,87.03684688789073,69.569984,26.36110000000002,,219.39565,960.57983,0.0,13.046370000000024,-12.255068342445767,20.730959999999982,0.5881700000000052,1,1,0,0,0,0,0,1,0,1787.9478333486306,629.4943704607236,66.44081897022016,0,0,0,0,14.164270000000045,549.6355800000013,24.73271333333336,26.41882000000004,23.615049999999997,1.4858086756488487,23.28255285714289,26.41882000000004,20.39050000000003,2.078935099225199,22.046474285714318,26.41882000000004,18.34590000000003,2.39358751490056,21.859118095238124,26.41882000000004,18.222440000000006,2.264141162323205,21.011178571428598,26.41882000000004,15.264250000000004,2.768115591158138,69.99205728441393,76.05254300200829,59.932242670371124,8.772798550748826,66.92910271355905,76.05254300200829,58.49513629417979,6.712347710037162,63.09781362937808,76.05254300200829,51.877238047827035,7.409363087146688,65.73456211860353,79.84054868776704,51.877238047827035,7.825357093479645,67.7019314779636,85.14176328016218,51.877238047827035,8.847113672670321,0.8499532466666667,1.0136435,0.59220374,0.22591641193245082,0.7267998257142858,1.0136435,0.52359784,0.1979562680190334,0.7202225814285714,1.0136435,0.51124763,0.18203010513108023,0.7376726071428571,1.1108547,0.51124763,0.18814710683071886,0.7224143771428571,1.1108547,0.51124763,0.16915180675381253,216.74163199999998,327.5559,103.273346,112.16482900557088,200.74434714285715,327.5559,98.60165,99.58510963178148,210.54254928571427,344.9173,93.68229,92.78987420662544,217.65702190476193,344.9173,93.68229,85.12831896868533,207.234638,344.9173,79.37132,87.20941143675815,67.705528,69.569984,65.430145,2.100288667297262,69.29768714285714,72.19,65.430145,2.499177997752877,71.64599707142857,80.69882,65.430145,3.959468421628394,74.02861185714285,88.967224,65.430145,6.7190605907528544,73.5845714642857,88.967224,65.430145,5.990530678699318,,,,,,,,,,,,,,,,,,,,,10.882039999999998,13.046370000000024,7.083849999999984,3.300005312465438,9.879598571428565,13.403919999999971,5.617500000000007,3.4625667616544713,10.323495714285716,14.58420000000001,5.617500000000007,3.024250131738235,10.648406666666668,16.398559999999975,5.617500000000007,2.8405526923757902,10.160892142857145,16.398559999999975,3.6007299999999987,3.163955541752738,-14.651453520971495,-10.303177494181739,-21.39611472628698,5.922019127945302,-13.566610538352766,-4.267012699312659,-32.47745240334447,10.005841005082123,-13.687912584871748,-4.267012699312659,-32.47745240334447,8.88123702301794,-14.430304785701072,-4.267012699312659,-32.47745240334447,7.574078729313768,-14.223548841803963,-0.9402789866891652,-32.47745240334447,7.464118161247444,10.3569504,8.507671,3.4523168,2.0,0.0,0.0,0.0,44.19814000000008,10.3569504,8.507671,1.479564342857143,2.0,0.0,0.0,0.0,92.97787000000022,10.3569504,8.507671,0.7397821714285715,2.0,0.0,0.0,0.0,168.65064000000046,101.0883437,78.33485,4.813730652380952,6.0,1.0,0.0,0.0,249.0414800000006,108.66989460000002,78.33485,3.881067664285715,9.0,1.0,0.0,0.0,308.3130000000007,1,61,0,0,0,12,0,0,0,0,0,0,0,0
周公山镇余家村,未知品种,2025-05-29,周公山镇余家村_同玉609,1.四川雅安周公山,1,5.0,7.0,7.0,VT,0.0,0.0,0.0,0.0,0.0,0.0,0.0,0.0,0.0,0.0,0.0,0.0,0.0,0.0,0.0,0.0,0.0,0.0,10.0,45806,29.96875,103.03125,0.46882647,0.8161299,0.10064672,0.5139073,0.0,1.4012201,0.013972639,0.017322686,0.0131844245,293.8605,297.59167,291.36865,0.29357293,294.29535,299.1786,290.60532,91861.75,92351.695,91512.23,102.24974,374.04596,0.0,81.07744,294.31415,0.46882647,0.8161299,0.10064672,1.4012201,0.5139073,0.0,20.710500000000025,24.441670000000045,18.218650000000025,21.145350000000008,26.02860000000004,17.45532000000003,91.86175,92.351695,91.51223,83.79759761733679,83.08386058216038,92.02430763195937,81.07744,21.164150000000006,,102.24974,374.04596,0.0,6.2230200000000195,-8.94044704979899,8.573280000000011,0.8394650000000041,1,1,0,1,0,0,0,1,0,1735.4901454538556,117.41887811312442,147.31662824575795,0,1,1,1,10.710500000000025,624.5405200000014,19.775043333333354,21.317700000000002,17.29693000000003,2.167477157811193,20.700705714285732,23.24072000000001,17.29693000000003,1.8675816341091789,21.99162928571431,26.41882000000004,17.29693000000003,2.323620602933336,21.59788476190479,26.41882000000004,17.29693000000003,2.2788081315275854,21.569515000000024,26.41882000000004,17.29693000000003,2.1984754570493172,84.56160929254128,92.85968605688235,77.02754420340467,7.943674483326135,77.75658341392477,92.85968605688235,65.17145823129076,9.26901642141862,72.34284306374192,92.85968605688235,58.49513629417979,9.592231822255483,67.98407022422698,92.85968605688235,51.877238047827035,10.563952237718555,68.74006744243384,92.85968605688235,51.877238047827035,9.62055957112969,0.6404912766666667,0.81989396,0.46882647,0.17566161130197608,0.7179348757142857,1.0372038,0.46882647,0.18987616625604697,0.7223673507142857,1.0372038,0.46882647,0.18640586633337816,0.7194600128571429,1.0372038,0.46882647,0.17987449010208184,0.7327381742857143,1.1108547,0.46882647,0.18522755894146561,119.34446866666667,206.87256,48.911106,80.35625394820693,157.24627714285717,254.73735,48.911106,73.71528005197247,178.99531214285713,327.5559,48.911106,87.14669629164435,192.77712523809524,344.9173,48.911106,88.82251323407664,202.5543357142857,344.9173,48.911106,85.35327974814138,85.25066500000001,91.819435,81.07744,5.757741834285082,78.18912214285714,91.819435,69.19137,7.680563574176362,73.74340464285714,91.819435,65.430145,7.168968073717678,73.82703876190476,91.819435,65.430145,6.154445601356528,75.06873942857143,91.819435,65.430145,7.065142749712512,,,,,,,,,,,,,,,,,,,,,5.525083333333366,8.578560000000039,1.7736700000000383,3.4557153631387667,7.987900000000025,12.30424000000005,1.7736700000000383,3.383625227173761,8.933749285714295,13.403919999999971,1.7736700000000383,3.432363636590941,9.54496380952382,14.58420000000001,1.7736700000000383,3.263811990308993,9.983280000000008,16.398559999999975,1.7736700000000383,3.1460107754448026,-10.028507978559437,0.3218257995692113,-21.46690268544853,10.93503908026749,-13.488714493826723,0.3218257995692113,-35.32392385080584,11.589384327122602,-13.527662516089746,0.3218257995692113,-35.32392385080584,10.401942633220607,-13.621513221190074,0.3218257995692113,-35.32392385080584,9.569380782027478,-14.194907212732485,0.3218257995692113,-35.32392385080584,8.515499932923174,25.3360201,23.9348,8.445340033333332,2.0,0.0,1.0,1.0,29.32513000000006,46.318404599999994,23.9348,6.616914942857142,5.0,0.0,1.0,1.0,74.90494000000012,56.675354999999996,23.9348,4.048239642857142,7.0,0.0,1.0,1.0,167.88281000000035,56.67535500000001,23.9348,2.698826428571429,7.0,0.0,1.0,1.0,243.5555800000006,147.4067483,78.33485,5.2645267250000005,11.0,1.0,1.0,1.0,323.9464200000007,1,68,0,0,0,2,0,1,0,0,1,1,1,0
周公山镇余家村,未知品种,2025-06-12,周公山镇余家村_同玉609,1.四川雅安周公山,1,5.0,7.0,7.0,R1,0.0,0.0,0.0,0.0,0.0,0.0,0.0,0.0,0.0,0.0,0.0,0.0,0.0,0.0,0.0,0.0,0.0,0.0,21.0,45820,29.96875,103.03125,0.53272706,1.1564078,0.103549615,0.0,0.0,0.0,0.013137372,0.02007889,0.011519058,300.72113,308.5154,294.26263,0.2236487,304.03427,316.52606,294.5209,91792.91,92062.53,91609.57,334.3163,1035.4381,0.0,61.76613,303.21533,0.53272706,1.1564078,0.103549615,0.0,0.0,0.0,27.57113000000004,35.36540000000002,21.112630000000024,30.884270000000015,43.376059999999995,21.370900000000006,91.79291,92.06253,91.60957,52.16218186390705,51.094659324907056,67.30864777613704,61.76613,30.065330000000017,,334.3163,1035.4381,0.0,14.252769999999998,-16.21398845122998,22.00515999999999,0.45295999999999026,1,0,0,0,0,0,0,1,0,1438.1702972534256,0.0,82.44025767430755,0,0,0,0,17.57113000000004,807.5729400000016,26.908593333333346,27.57113000000004,26.47753,0.5823874724213886,25.83637285714287,27.57113000000004,23.494169999999997,1.2939198267114542,23.0737442857143,27.57113000000004,17.8587,3.291847988227204,22.282731428571445,27.57113000000004,17.29693000000003,3.0665782605051675,22.532686785714304,27.57113000000004,17.29693000000003,2.849678322354431,50.17918600178336,52.489957441896465,45.88541869954654,3.7221213631070302,57.049537648876935,70.02979166184856,45.88541869954654,8.12844702346447,66.87512488002425,93.23763209368171,45.88541869954654,14.243284458261225,70.50227772465776,93.23763209368171,45.88541869954654,13.611346289841133,69.60898397188308,93.23763209368171,45.88541869954654,12.23646405646116,0.6712144200000001,0.76424885,0.53272706,0.122270443875001,0.7418761457142856,0.9244454,0.53272706,0.13992846148254537,0.7282790107142857,1.0514148,0.53272706,0.15034375681444886,0.7248309657142857,1.0514148,0.46882647,0.15979037477960878,0.7253231807142857,1.0514148,0.46882647,0.16619931506780689,339.02184,341.9908,334.3163,4.121440298580027,251.49373214285717,341.9908,95.555565,92.65139174527032,192.23567821428574,341.9908,70.0634,96.85130003097609,180.57254452380954,341.9908,48.911106,89.51511774081989,185.61549517857142,341.9908,48.911106,90.65574361388519,64.74185666666666,67.87011,61.76613,3.0548471726314244,69.49987571428571,74.34616,61.76613,4.909350268101541,75.1134585,85.782074,61.76613,7.177623360495843,76.13867971428571,91.819435,61.76613,7.306946153742535,74.42843157142856,91.819435,61.76613,7.073686967578562,,,,,,,,,,,,,,,,,,,,,15.253113333333337,16.66849000000002,14.252769999999998,1.2602044597736615,12.60429,16.66849000000002,6.275199999999984,3.3932924511158857,9.625387857142856,16.66849000000002,2.9085099999999784,4.366987847453071,9.07955857142858,16.66849000000002,1.7736700000000383,4.056625067893612,9.279568571428575,16.66849000000002,1.7736700000000383,3.8702123891912894,-10.855496024652675,1.5633618665857938,-17.91586148931384,10.788656841865041,-10.09151545909717,1.5633618665857938,-27.30224986171752,10.491866007856965,-10.411096272303281,1.5633618665857938,-27.30224986171752,9.002059008586516,-11.436969012811094,1.5633618665857938,-35.32392385080584,9.755937326986068,-11.969379394196512,1.5633618665857938,-35.32392385080584,9.676389930342452,0.0,0.0,0.0,0.0,0.0,0.0,0.0,50.72578000000004,0.0,0.0,0.0,0.0,0.0,0.0,0.0,110.8546100000001,14.814595899999999,13.459518,1.0581854214285713,3.0,0.0,1.0,0.0,183.03242000000023,61.13300050000001,23.9348,2.9110952619047623,8.0,0.0,2.0,1.0,257.93736000000035,71.4899509,23.9348,2.553212532142857,10.0,0.0,2.0,1.0,350.9152300000006,0,82,0,0,0,11,0,0,0,0,0,0,0,8
周公山镇余家村,未知品种,2025-06-19,周公山镇余家村_同玉609,1.四川雅安周公山,1,5.0,7.0,7.0,R1,0.0,0.0,0.0,0.0,0.0,0.0,0.0,0.0,0.0,0.0,0.0,0.0,0.0,0.0,0.0,0.0,0.0,0.0,21.0,45827,29.96875,103.03125,1.0696213,1.815736,0.29103503,0.0,0.0,0.0,0.015435994,0.016304595,0.013752263,298.6657,303.12558,295.7936,0.22780117,299.56818,306.169,294.98694,91546.94,91622.445,91477.5,135.17789,527.1302,0.0,62.912937,299.47028,1.0696213,1.815736,0.29103503,0.0,0.0,0.0,25.515700000000038,29.975580000000036,22.64360000000005,26.418180000000007,33.019000000000005,21.836940000000027,91.54694,91.62244500000001,91.4775,68.91041925069474,56.09355530833741,72.97846567914922,62.912937,26.320280000000025,,135.17789,527.1302,0.0,7.331979999999987,-16.884910370811816,11.182059999999979,0.14494500000000698,1,0,0,0,0,0,0,1,0,1758.2975844749544,0.0,58.91686415995907,0,0,0,0,15.515700000000038,922.5981100000018,26.33557333333336,29.5856,23.90542000000005,2.9274998582635674,26.432167142857175,29.5856,21.95995000000005,2.7619944997031056,26.134270000000022,29.5856,21.95995000000005,2.0950390250486253,24.193218571428595,29.5856,17.8587,3.458890395884631,23.32009035714288,29.5856,17.29693000000003,3.4654018214775566,73.51278601537223,86.83243689767578,64.79550189774615,11.717207898012019,65.81801890288621,86.83243689767578,52.13338353569276,13.982277427020254,61.43377827588157,86.83243689767578,45.88541869954654,11.892325646312592,66.52275622097822,93.23763209368171,45.88541869954654,13.812248811403098,69.33121301921486,93.23763209368171,45.88541869954654,13.599559391610565,0.75841236,1.0696213,0.47447678,0.29850816914412076,0.685154642857143,1.0696213,0.47447678,0.18638243604019064,0.7135153942857143,1.0696213,0.47447678,0.1610472868649248,0.7139042214285715,1.0696213,0.47447678,0.15983605888066796,0.714911885,1.0696213,0.46882647,0.16413119840835533,143.199738,220.65663,73.764694,73.7737944629277,204.08027399999997,339.6375,73.764694,108.71031939985596,227.7870030714286,341.9908,73.764694,100.10817597588766,196.18387680952378,341.9908,70.0634,98.36274061459365,186.44947689285715,341.9908,48.911106,93.1084487969449,62.054498,63.088417,60.16214,1.6411771408728635,62.611898142857136,66.63526,59.445908,2.5068172239994526,66.05588692857143,74.34616,59.445908,5.176648295526009,70.94627171428571,85.782074,59.445908,8.475821841064498,72.75698432142858,91.819435,59.445908,8.747796740104757,,,,,,,,,,,,,,,,,,,,,8.233643333333324,13.769549999999981,3.599400000000003,5.144680294307242,10.153428571428574,14.694440000000043,3.599400000000003,4.141282993704688,11.378859285714286,16.66849000000002,3.599400000000003,3.8531852663008483,9.80140142857143,16.66849000000002,2.9085099999999784,4.195951136684375,9.348026071428578,16.66849000000002,1.7736700000000383,4.028048746034755,-4.833639232268427,2.610759817503279,-16.884910370811816,10.532698697609142,-9.398441635800745,2.610759817503279,-18.815449519413917,8.90125845921005,-9.744978547448957,2.610759817503279,-27.30224986171752,9.354353805510867,-10.073544726802435,2.610759817503279,-27.30224986171752,8.756888145898202,-10.927337168558507,2.610759817503279,-35.32392385080584,9.429617531437774,1.4294894,1.4294894,0.4764964666666667,1.0,0.0,0.0,1.0,49.00672000000009,5.9958928,4.5664034,0.8565561142857143,2.0,0.0,0.0,2.0,115.02517000000023,5.9958928,4.5664034,0.42827805714285716,2.0,0.0,0.0,2.0,225.87978000000032,20.810488700000015,13.459518,0.9909756523809531,5.0,0.0,1.0,2.0,298.05759000000046,67.12889329999999,23.9348,2.3974604749999995,10.0,0.0,2.0,3.0,372.9625300000006,0,89,0,0,0,18,0,0,0,0,0,0,0,2
周公山镇余家村,未知品种,2025-06-26,周公山镇余家村_同玉609,1.四川雅安周公山,1,5.0,7.0,7.0,R2,0.0,0.0,0.0,0.0,0.0,0.0,0.0,0.0,0.0,0.0,0.0,0.0,0.0,0.0,0.0,0.0,0.0,0.0,22.0,45834,29.96875,103.03125,0.48109165,0.81406385,0.21817617,0.0,0.0,0.0,0.016503885,0.021055155,0.014680438,298.0499,301.78406,294.30606,0.30083388,298.5578,303.40747,294.3661,91842.0,92056.18,91623.625,183.39021,543.3817,0.0,83.08273,298.11646,0.48109165,0.81406385,0.21817617,0.0,0.0,0.0,24.899900000000002,28.634060000000034,21.156060000000025,25.40780000000001,30.257470000000012,21.21610000000004,91.842,92.05618,91.623625,76.62872232545743,78.42528437023253,85.40296105967744,83.08273,24.96646000000004,,183.39021,543.3817,0.0,7.478000000000009,-6.977676689444905,9.041369999999972,0.4325549999999936,1,0,0,0,0,0,0,1,0,1908.0475230316576,0.0,131.87028642634502,0,0,0,0,14.899900000000002,1013.766270000002,22.15878333333336,24.899900000000002,18.90360000000004,3.031023230830351,23.02402285714288,25.86047000000002,18.90360000000004,2.500047080274768,24.728095000000028,29.5856,18.90360000000004,3.0875327500318153,25.097520952380975,29.5856,18.90360000000004,2.6429576597136593,23.90091964285717,29.5856,17.8587,3.2429794004810475,82.96304042957716,94.02284569352108,76.62872232545743,9.611792424366067,79.99236820559193,94.02284569352108,65.87466673850143,10.217526601508135,72.90519355423906,94.02284569352108,52.13338353569276,13.87472581831664,67.61997491911835,94.02284569352108,45.88541869954654,14.269272290305787,69.89015921713165,94.02284569352108,45.88541869954654,14.13488106110336,0.45089395,0.48109165,0.39863625,0.04543903550131836,0.5479517285714286,0.71572864,0.39863625,0.12495634296584511,0.6165531857142857,1.0696213,0.39863625,0.16824918323719168,0.6583275057142857,1.0696213,0.39863625,0.16714888956532495,0.6724160982142857,1.0696213,0.39863625,0.1665802050346419,137.07424666666665,183.39021,70.2577,59.28698543930347,148.96950857142858,270.3723,66.00793,77.6981846288066,176.5248912857143,339.6375,66.00793,95.17588425291497,201.51450490476188,341.9908,66.00793,98.86700960079123,184.38028475000002,341.9908,66.00793,94.56134676897675,89.07629000000001,96.80027,83.08273,7.020576254496749,78.98797485714286,96.80027,66.262115,11.854054440367042,70.7999365,96.80027,59.445908,11.830313233225333,70.36658290476191,96.80027,59.445908,9.929576451434444,72.9566975,96.80027,59.445908,9.849637993402467,,,,,,,,,,,,,,,,,,,,,5.919160000000015,7.938420000000008,2.3410600000000272,3.1072650919417764,7.4386328571428635,11.967309999999998,2.3410600000000272,3.6921235394720737,8.796030714285719,14.694440000000043,2.3410600000000272,4.023846338097736,10.06545047619048,16.66849000000002,2.3410600000000272,4.166856896254631,9.210709285714287,16.66849000000002,2.3410600000000272,4.142015172703161,-8.72804863891813,0.40638239295186906,-19.612851620261353,10.12374851969741,-12.225649697747953,0.40638239295186906,-28.478247793616,10.42984126989842,-10.812045666774349,2.610759817503279,-28.478247793616,9.430147300534014,-10.571868930881957,2.610759817503279,-28.478247793616,9.536661086814998,-10.611570969538816,2.610759817503279,-28.478247793616,9.04856649475166,33.01381700000001,33.013817,11.00460566666667,1.0,1.0,1.0,0.0,36.47635000000008,90.33051230000001,40.99814,12.904358900000002,4.0,2.0,2.0,1.0,91.16816000000017,96.3264051,40.99814,6.880457507142857,6.0,2.0,2.0,3.0,206.1933300000004,96.32640510000002,40.99814,4.586971671428572,6.0,2.0,2.0,3.0,317.0479400000005,111.141001,40.99814,3.969321464285714,9.0,2.0,3.0,3.0,389.22575000000063,0,96,0,0,0,2,0,0,0,0,0,0,0,2
周公山镇余家村,未知品种,2025-07-03,周公山镇余家村_同玉609,1.四川雅安周公山,1,5.0,7.0,7.0,R2,0.0,0.0,0.0,0.0,0.0,0.0,0.0,0.0,0.0,0.0,0.0,0.0,0.0,0.0,0.0,0.0,0.0,0.0,22.0,45841,29.96875,103.03125,0.35881186,0.67102003,0.011937998,3.4561746,0.0,9.656296,0.017847989,0.019533185,0.016512677,295.97794,297.6381,294.63278,0.32063198,296.64273,299.37555,294.4926,91529.26,91617.82,91392.83,74.72806,253.51865,0.0,88.55046,296.83304,0.35881186,0.67102003,0.011937998,9.656296,3.4561746,0.0,22.827940000000012,24.48810000000003,21.482780000000048,23.492729999999995,26.22555,21.342600000000004,91.52926,91.61782000000001,91.39283,93.48138689743345,92.56021678436193,93.81482458256556,88.55046,23.683040000000005,,74.72806,253.51865,0.0,3.0053199999999833,-1.2546077982036365,4.882949999999994,0.22499000000000535,1,1,1,1,0,0,0,1,1,2133.9874912113983,902.683942372139,203.74666622051458,0,1,1,1,12.827940000000012,1114.491690000002,24.297510000000006,26.536339999999996,22.827940000000012,1.9702482967128743,24.389345714285735,26.900170000000003,21.491360000000043,1.992102206563482,23.70668428571431,26.900170000000003,18.90360000000004,2.284338187187172,24.615178571428594,29.5856,18.90360000000004,2.7228063878511266,24.92047714285717,29.5856,18.90360000000004,2.4806530644792257,87.57205056971026,93.48138689743345,78.50794154690523,7.969658680554536,83.88986770031718,93.48138689743345,72.13786465663607,8.245238809711472,81.94111795295456,94.02284569352108,65.87466673850143,9.146069502082515,76.56675160293177,94.02284569352108,52.13338353569276,13.178775173656662,71.68744811441806,94.02284569352108,45.88541869954654,14.744579443921772,0.47040222,0.5884819,0.35881186,0.11497245441386084,0.4955614285714286,0.5884819,0.35881186,0.07797706956810334,0.5217565785714285,0.71572864,0.35881186,0.10369098637641251,0.5762226,1.0696213,0.35881186,0.1537529085742368,0.6176359864285714,1.0696213,0.35881186,0.16491802051417664,138.7059433333333,260.1354,74.72806,105.21161005480992,166.1426685714286,270.77454,74.72806,88.52275145900396,157.55608857142855,270.77454,66.00793,80.51369855174572,173.06415038095238,339.6375,66.00793,90.90668951679693,192.67154582142857,341.9908,66.00793,96.047828099811,86.85928166666667,88.55046,85.95547,1.4657602040789337,86.928133,96.761406,80.64829,5.349008073766554,82.95805392857142,96.80027,66.262115,9.748547639196795,76.176002,96.80027,59.445908,12.65897061518526,74.50697042857144,96.80027,59.445908,11.520669086651818,,,,,,,,,,,,,,,,,,,,,5.352073333333332,9.203919999999982,3.0053199999999833,3.3622373423857606,7.44037428571428,11.98214999999999,3.0053199999999833,3.5918101618815115,7.439503571428572,11.98214999999999,2.3410600000000272,3.4994204952372225,8.344145238095239,14.694440000000043,2.3410600000000272,3.8501326816677595,9.40918142857143,16.66849000000002,2.3410600000000272,4.131354412438576,-2.2005144304963977,0.5442675706778601,-5.891203063963417,3.3203727336090156,-10.22205804723234,0.5442675706778601,-28.614535184107353,11.103534459369527,-11.223853872490144,0.5442675706778601,-28.614535184107353,10.401444894788389,-10.615383126927012,2.610759817503279,-28.614535184107353,9.740161905383717,-10.484416209969552,2.610759817503279,-28.614535184107353,9.736018253777605,15.070465400000014,9.656296,5.023488466666671,3.0,0.0,2.0,2.0,42.89253000000002,110.952473,83.80627,15.850353285714286,6.0,1.0,3.0,4.0,100.72542000000016,201.2829853,83.80627,14.377356092857143,10.0,3.0,5.0,5.0,191.89358000000033,207.27887810000001,83.80627,9.870422766666668,12.0,3.0,5.0,7.0,306.91875000000056,207.2788781,83.80627,7.402817075,12.0,3.0,5.0,7.0,417.77336000000065,3,103,2,0,0,9,2,2,0,0,2,2,2,0
周公山镇余家村,未知品种,2025-07-10,周公山镇余家村_同玉609,1.四川雅安周公山,1,5.0,7.0,7.0,R3,0.0,0.0,0.0,0.0,0.0,0.0,0.0,0.0,0.0,0.0,0.0,0.0,0.0,0.0,0.0,0.0,0.0,0.0,23.0,45848,29.96875,103.03125,,,,,,,,,,297.36423,302.43683,292.42822,,,,,,,,,,,,,,,,,,,24.214230000000043,29.28683000000001,19.278220000000033,,,,,,,,,,,,,,,,10.008609999999976,,,,0,0,0,0,0,0,0,1,0,,,,0,0,0,0,14.214230000000043,1213.6559000000022,24.857366666666696,27.571740000000034,22.786130000000014,2.4567731574228384,24.166315714285734,27.571740000000034,22.099080000000015,1.7636700089572233,24.277830714285734,27.571740000000034,21.491360000000043,1.811249397610789,23.859894761904783,27.571740000000034,18.90360000000004,2.0914790065683784,24.50296285714288,29.5856,18.90360000000004,2.494397000584505,84.51335359316725,91.08722564807782,77.93948153825667,9.29685901735991,84.08955606156945,91.08722564807782,77.93948153825667,4.779382997664044,83.98203155935668,93.48138689743345,72.13786465663607,6.597001311938725,82.58564938553903,94.02284569352108,65.87466673850143,8.01661579424857,78.23848592707347,94.02284569352108,52.13338353569276,12.171709869328916,0.6244213850000001,0.63247937,0.6163634,0.011395711672408175,0.6136070866666666,0.76664793,0.43143567,0.10689178470993704,0.55004404,0.76664793,0.35881186,0.1074832771910664,0.5493117310000001,0.76664793,0.35881186,0.11058131164883084,0.5845302637037038,1.0696213,0.35881186,0.1436409169656883,200.80891499999996,309.08148,92.53635,153.12052985592226,167.56725666666668,309.08148,92.53635,81.56401662076748,166.80017076923076,309.08148,74.72806,81.796325243673,160.55943900000003,309.08148,66.00793,78.7923006486616,171.84261844444444,339.6375,66.00793,87.41698815498884,86.46949000000001,88.2958,84.64318,2.5827923710987646,90.66833333333334,95.70743,84.64318,4.014500588504328,88.6543793076923,96.761406,80.64829,4.978687479504919,85.27113775,96.80027,66.262115,9.077759822576878,79.39652007407409,96.80027,59.445908,12.808802457808026,,,,,,,,,,,,,,,,,,,,,8.14724666666666,10.699770000000001,3.7333600000000047,3.8381274296241514,8.216090000000008,10.699770000000001,3.7333600000000047,2.7294021593992692,7.828232142857145,11.98214999999999,3.0053199999999833,3.09106019107755,7.698365714285718,11.98214999999999,2.3410600000000272,3.2148832785725965,8.312131428571432,14.694440000000043,2.3410600000000272,3.5551441105933823,-11.808299990790118,-6.068335164326854,-17.548264817253383,8.117536105128899,-13.534336048407154,-6.068335164326854,-17.548264817253383,4.711957520816445,-11.750801740082254,0.5442675706778601,-28.614535184107353,8.593548704576609,-11.916998525265248,0.5442675706778601,-28.614535184107353,9.002644120944087,-11.264039331700376,2.610759817503279,-28.614535184107353,8.875612942332937,1.6132568000000287,0.9711142,0.8066284000000143,2.0,0.0,1.0,1.0,44.57210000000009,156.23777467,146.40572,26.039629111666667,6.0,1.0,1.0,5.0,99.16421000000014,267.19024766999996,146.40572,20.55309597461538,12.0,2.0,4.0,9.0,199.8896300000003,357.52075997000003,146.40572,17.876037998500003,16.0,4.0,6.0,10.0,291.05779000000047,363.51665277,146.40572,13.463579732222222,18.0,4.0,6.0,12.0,406.0829600000007,0,0,0,0,0,16,0,0,0,0,0,0,0,1
周公山镇余家村,未知品种,2025-07-17,周公山镇余家村_同玉609,1.四川雅安周公山,1,5.0,7.0,7.0,R4,0.0,0.0,0.0,0.0,0.0,0.0,0.0,0.0,0.0,0.0,0.0,0.0,0.0,0.0,0.0,0.0,0.0,0.0,24.0,45855,29.96875,103.03125,1.3922806,2.613521,0.33722425,0.0,0.0,0.0,0.019538177,0.020940851,0.018090766,300.9024,305.7956,297.11124,0.27450284,302.3276,308.74377,297.0373,87075.234,87227.62,86900.9,241.87448,755.5554,0.0,75.81075,301.7654,1.3922806,2.613521,0.33722425,0.0,0.0,0.0,27.752400000000023,32.6456,23.961240000000032,29.17760000000004,35.593770000000006,23.88730000000004,87.075234,87.22762,86.9009,72.53328845494661,58.74535490588788,83.99709869956328,75.81075,28.615400000000022,,241.87448,755.5554,0.0,8.68435999999997,-25.251743793675402,11.706469999999968,0.3267200000000088,1,0,0,0,0,0,0,1,0,2012.972834517062,0.0,48.60566334169767,0,0,0,0,17.752400000000023,1339.0746600000025,28.465413333333363,29.814900000000023,27.752400000000023,1.1693161636329747,27.916965714285734,29.814900000000023,25.775450000000035,1.2982892940821258,26.041640714285734,29.814900000000023,22.099080000000015,2.4496834321144796,25.490875714285732,29.814900000000023,21.491360000000043,2.3933609288646287,24.874162500000022,29.814900000000023,18.90360000000004,2.610612947655018,74.17361446379347,76.85460819306054,72.53328845494661,2.3410880051797704,76.8376473833349,84.56154249384767,72.53328845494661,4.054909419526062,80.18468215790469,91.08722564807782,72.53328845494661,5.647809201300495,81.48149709774907,93.48138689743345,72.13786465663607,6.700907177501835,81.09542664422685,94.02284569352108,65.87466673850143,7.572791009413263,1.1041297666666667,1.3922806,0.6336109,0.4108996265645947,0.8443553257142857,1.3922806,0.5435888,0.34718782859604486,0.7378561384615385,1.3922806,0.43143567,0.28171899379432136,0.65305299,1.3922806,0.35881186,0.25710792769100765,0.6258045148148148,1.3922806,0.35881186,0.23262273446286327,254.47621999999993,265.2353,241.87448,11.788915330716458,259.2150257142857,299.09616,227.22719,22.422035159134623,216.9160553846154,309.08148,92.53635,72.6958124921402,199.14537,309.08148,74.72806,80.1851316709077,186.13681333333332,309.08148,66.00793,81.20245581310371,77.41780666666666,79.05402,75.81075,1.6218315746818037,81.76026228571428,90.98809,75.81075,5.141261024870089,85.8716796923077,95.70743,75.81075,6.42618376242242,86.24143835,96.761406,75.81075,5.948461114842307,84.36091077777779,96.80027,66.262115,8.293227090548557,,,,,,,,,,,,,,,,,,,,,9.14801666666665,9.95895999999999,8.68435999999997,0.7047037048528803,9.887729999999992,10.929809999999975,8.68435999999997,0.8902037118173468,9.051910000000001,10.929809999999975,3.7333600000000047,2.1345675799021393,8.514731428571427,11.98214999999999,3.0053199999999833,2.7272612596197776,8.245706785714287,11.98214999999999,2.3410600000000272,2.960412725604143,-19.842769845788606,-14.375569585785499,-25.251743793675402,5.438320887706002,-18.650972168234098,-13.6509480703713,-25.251743793675402,4.394721849856131,-16.289447805237046,-6.068335164326854,-25.251743793675402,5.094732779960476,-14.165861389935397,0.5442675706778601,-28.614535184107353,8.008898453058304,-13.662843543812729,0.5442675706778601,-28.614535184107353,8.528042858297145,0.4039086400000293,0.40390864,0.1346362133333431,1.0,0.0,0.0,0.0,55.39624000000009,8.08220414,4.14314,1.1546005914285715,3.0,0.0,0.0,1.0,125.41876000000013,164.31997881,146.40572,12.63999837,9.0,1.0,1.0,6.0,224.58297000000027,275.27245181,146.40572,13.7636225905,15.0,2.0,4.0,10.0,325.30839000000043,365.60296411,146.40572,13.540850522592594,19.0,4.0,6.0,11.0,416.4765500000006,0,7,0,0,0,23,0,0,0,0,0,0,0,2
宝兴-1,未知品种,2025-08-01,宝兴-1_翔玉168,3.四川雅安宝兴,3,5.0,,7.0,V10,0.0,0.0,0.0,0.0,0.0,0.0,,,,,,,,,,,,,10.0,45870,30.40625,102.71875,0.8254605,0.8254605,0.8254605,0.0,0.0,0.0,0.02018402,0.024536416,0.016868865,297.84335,305.1923,292.8213,0.2944615,298.87546,307.41882,292.2897,81331.63,81544.195,81086.48,319.21448,1014.6587,0.0,70.98705,298.45056,0.8254605,0.8254605,0.8254605,0.0,0.0,0.0,24.69335000000001,32.04230000000001,19.67130000000003,25.725459999999998,34.268820000000005,19.139700000000005,81.33163,81.544195,81.08648,83.83637162519494,66.43687215591669,95.06547390727566,70.98705,25.30056000000002,,319.21448,1014.6587,0.0,12.370999999999981,-28.62860175135897,15.12912,0.4577150000000074,1,0,0,1,0,0,0,1,0,2070.2008672710085,0.0,90.58881672982795,0,1,1,1,14.69335000000001,674.9176400000015,24.32520333333336,24.69335000000001,23.631860000000017,0.6008368406092659,22.97779428571431,24.69335000000001,19.73843000000005,1.6962747061905643,22.632212857142882,24.69335000000001,19.73843000000005,1.2910671145364059,22.97706619047621,24.93100000000004,19.73843000000005,1.4048545702330657,22.558253214285735,24.93100000000004,19.307600000000036,1.5501832916550022,83.9371780700672,86.95219762373375,81.0229649612729,2.965901455863687,83.00342389383762,88.72979293552973,72.76454224826402,5.360946742075374,79.56091430582475,88.72979293552973,67.8101452812204,5.964948759912969,80.0524150071197,90.25366646261827,67.8101452812204,6.667543047470187,81.96292195650732,92.86903050919169,67.8101452812204,7.009620044005499,0.8254605,0.8254605,0.8254605,0.0,0.9434894214285715,1.7636213,0.55685395,0.3980439170451125,0.8600789221428571,1.7636213,0.55685395,0.28653427197573156,0.74928689,1.7636213,0.30975682,0.2965988440135596,0.6716851166666666,1.7636213,0.23330109,0.3028113659943059,326.10142,352.47195,306.61783,23.690135862132724,297.27333714285714,360.46826,163.61299,66.62367847847133,262.2192185714286,360.46826,160.01297,65.9191070313049,266.10020904761905,360.46826,91.01969,72.91670017895805,259.97841370370367,363.68634,91.01969,74.77324731712046,74.44093333333332,78.18448,70.98705,3.6074476137891405,76.35425771428571,82.77163,70.98705,4.026744186128901,74.24323564285714,82.77163,68.12551,3.9397889777782455,74.56245523809523,82.77163,68.12551,3.9621781785793724,77.7506612962963,94.452065,68.12551,7.267711420861733,,,,,,,,,,,,,,,,,,,,,13.341340000000002,14.20326,12.370999999999981,0.9209290684955226,13.401301428571433,15.72198000000003,9.201790000000017,2.116281009384379,12.876447857142855,15.72198000000003,9.201790000000017,1.9906501814895368,12.193948095238097,15.72198000000003,3.8166800000000194,2.6578597311400984,11.47582142857143,15.72198000000003,3.8166800000000194,2.8833944262618463,-30.03415624846102,-25.668100652030475,-35.80576634199362,5.212941011905538,-32.23372712600137,-22.458016762554692,-42.70056492090135,7.223866365187755,-33.72169720395415,-22.458016762554692,-43.718952869572625,7.104246180804748,-31.49590263167333,-6.050852636372738,-43.718952869572625,9.207612029145375,-29.125833010604637,-6.050852636372738,-43.718952869572625,10.10239977705909,1.1683247,1.1683247,0.3894415666666667,1.0,0.0,0.0,3.0,42.975610000000074,16.9875512,11.743139,2.4267930285714283,4.0,0.0,0.0,5.0,90.84456000000017,37.71727016,13.609657,2.6940907257142857,9.0,0.0,0.0,6.0,176.85098000000033,38.033955000000006,13.609657,1.8111407142857145,10.0,0.0,1.0,11.0,272.51839000000047,55.5370389,13.609657,2.0569273666666668,14.0,0.0,3.0,16.0,351.6310900000006,0,22,0,0,0,6,0,5,0,0,5,5,5,2
宝兴-1,未知品种,2025-08-08,宝兴-1_翔玉168,3.四川雅安宝兴,3,5.0,,7.0,V12,0.0,0.0,0.0,0.0,0.0,0.0,0.0,0.0,0.0,0.0,0.0,0.0,0.0,0.0,0.0,0.0,0.0,0.0,12.0,45877,30.40625,102.71875,0.48348513,1.2288349,0.15841223,0.4713376,0.0,1.2899011,0.020651372,0.024870502,0.017457679,297.72308,303.74976,293.59128,0.2682735,298.1472,306.11438,293.30173,81622.21,81848.805,81469.81,230.49944,990.44446,0.0,64.673805,297.78577,0.48348513,1.2288349,0.15841223,1.2899011,0.4713376,0.0,24.573080000000004,30.599760000000003,20.441280000000006,24.99720000000002,32.964380000000006,20.151730000000043,81.62221000000001,81.848805,81.46981,86.68154826968306,73.3677788690574,94.21160807799613,64.673805,24.635770000000036,,230.49944,990.44446,0.0,10.158479999999997,-20.84382920893873,12.812649999999962,0.3789950000000033,1,1,0,1,0,0,0,1,0,2130.0326201547837,111.81062446276728,148.55828163038714,0,1,1,1,14.573080000000004,775.0125300000016,23.95414333333336,24.739250000000027,22.550100000000043,1.2187724884625848,24.29927000000003,25.87444000000005,22.550100000000043,1.1500805450199043,23.63853214285717,25.87444000000005,19.73843000000005,1.5519774496635825,23.187898571428597,25.87444000000005,19.73843000000005,1.459010882993281,23.30761714285717,25.87444000000005,19.73843000000005,1.4476879284182262,88.73314289935308,90.07233247962075,86.68154826968306,1.8041604987920106,86.81655255755399,90.88386485460002,82.32878905763314,3.377549043809236,84.9099882256958,90.88386485460002,72.76454224826402,4.737537097962537,81.97946038973448,90.88386485460002,67.8101452812204,6.23164641242133,81.74344939472827,90.88386485460002,67.8101452812204,6.660485479646332,0.40684748666666665,0.48348513,0.34813976,0.06943128782375006,0.40316213142857144,0.7375132,0.28802642,0.1639316352328858,0.6733257764285715,1.7636213,0.28802642,0.40513177122018645,0.7077733252380952,1.7636213,0.28802642,0.3318764700182165,0.6627557003571428,1.7636213,0.28802642,0.30729532792178493,224.4025966666667,277.66782,165.04053,56.56063328110329,227.44402857142856,314.79565,120.64513,67.49691830134593,262.3586828571428,360.46826,120.64513,73.91978722265888,250.62748857142856,360.46826,120.64513,66.88338403483837,256.43616392857143,360.46826,91.01969,72.39730496777607,65.19399,66.44767,64.460495,1.0909447492077162,66.44459214285715,68.82687,64.460495,1.6347944304119517,71.39942492857143,82.77163,64.460495,5.929252647826404,71.64368780952381,82.77163,64.460495,5.00820205177394,72.5329894642857,82.77163,64.460495,5.003650026352392,,,,,,,,,,,,,,,,,,,,,10.655976666666675,13.017179999999996,8.79227000000003,2.155943720748126,10.529065714285716,13.337739999999997,6.390129999999999,2.453859839374539,11.965183571428573,15.72198000000003,6.390129999999999,2.658433945104954,12.093987142857141,15.72198000000003,6.390129999999999,2.38073302649024,11.777727500000001,15.72198000000003,3.8166800000000194,2.6664240217642923,-19.310721514641134,-16.130173842803387,-20.95816149218129,2.755028237127866,-22.329154811454732,-13.989813544224077,-30.422574716415255,6.177695340948001,-27.28144096872805,-13.989813544224077,-42.70056492090135,8.252929197914497,-29.924183073121007,-13.989813544224077,-43.718952869572625,8.633609812307656,-29.20421567661868,-6.050852636372738,-43.718952869572625,9.360554645516569,3.45437733,1.5507042,1.15145911,3.0,0.0,1.0,3.0,41.862430000000074,9.787245930000001,6.3328686,1.3981779900000002,4.0,0.0,2.0,7.0,100.09489000000019,26.774797130000003,11.743139,1.9124855092857145,8.0,0.0,2.0,12.0,190.93945000000036,47.50451609,13.609657,2.262119813809524,13.0,0.0,2.0,13.0,276.9458700000005,47.82120093,13.609657,1.7079000332142857,14.0,0.0,3.0,18.0,372.61328000000066,4,29,0,0,0,13,0,12,0,0,12,12,12,0
宝兴-1,未知品种,2025-08-15,宝兴-1_翔玉168,3.四川雅安宝兴,3,5.0,,7.0,V14,0.0,0.0,0.0,0.0,0.0,0.0,0.0,0.0,0.0,0.0,0.0,0.0,0.0,0.0,0.0,0.0,0.0,0.0,14.0,45884,30.40625,102.71875,0.27223942,0.27223942,0.27223942,0.70616144,0.0,1.8749657,0.01865901,0.024478564,0.01520939,296.1063,304.4245,291.21777,0.31224087,296.4634,308.23532,290.35876,81757.96,81899.04,81564.57,326.17828,1055.3715,0.0,75.2732,296.13287,0.27223942,0.27223942,0.27223942,1.8749657,0.70616144,0.0,22.9563,31.274500000000046,18.067769999999996,23.3134,35.085320000000024,17.20876000000004,81.75796000000001,81.89904,81.56457,86.5770780246508,69.53997549300857,95.40346635205442,75.2732,22.982870000000048,,326.17828,1055.3715,0.0,13.20673000000005,-25.863490859045854,17.876559999999984,0.33446999999999605,1,1,0,1,0,0,0,1,0,1987.489376257291,162.32905170244402,232.58438889855032,0,1,1,1,12.956299999999999,859.0531600000018,22.62803333333335,22.9563,22.253100000000018,0.3539150933957317,22.005804285714298,23.16897,20.296170000000018,1.0893179111238591,23.152537142857163,25.87444000000005,20.296170000000018,1.6044586930053597,23.094289523809543,25.87444000000005,19.73843000000005,1.594871849345504,22.892375000000023,25.87444000000005,19.73843000000005,1.4533487184392166,84.18699228216722,86.5770780246508,82.28314648949497,2.1878720195080645,88.06902464827604,95.09219270786517,82.28314648949497,4.60701436799738,87.44278860291502,95.09219270786517,82.28314648949497,3.9349021663604,85.96300036655587,95.09219270786517,72.76454224826402,4.825421696704807,83.50185145436988,95.09219270786517,67.8101452812204,6.379076012911955,0.27223942,0.27223942,0.27223942,0.0,0.2768551857142857,0.30454978,0.27223942,0.012212168190137752,0.3400086585714286,0.7375132,0.27223942,0.12948815341330616,0.541168912857143,1.7636213,0.27223942,0.3786922190728942,0.6000437903571428,1.7636213,0.27223942,0.34311262997698005,261.06161000000003,326.17828,205.98305,60.72310983445526,212.561782,326.17828,108.038864,92.27745406609063,220.00290528571426,326.17828,108.038864,78.05370906041033,245.75971590476192,360.46826,108.038864,81.76081121059765,241.11106192857142,360.46826,108.038864,74.07847489647229,77.75080333333334,79.65915,75.2732,2.2477053221083425,80.34538357142857,90.69267,69.15175,7.223128424976712,73.39498785714285,90.69267,64.460495,8.794180027516184,74.38141114285715,90.69267,64.460495,7.56156115103575,73.81911175,90.69267,64.460495,6.700499385029321,,,,,,,,,,,,,,,,,,,,,11.143866666666687,13.20673000000005,9.074999999999989,2.065871542045499,10.015352857142878,13.729710000000011,5.567980000000034,3.0359090900459837,10.272209285714297,13.729710000000011,5.567980000000034,2.6653428966081374,11.315240000000008,15.72198000000003,5.567980000000034,2.8715579976573595,11.574328571428577,15.72198000000003,5.567980000000034,2.662093589074297,-26.960570647714235,-24.260745458069778,-30.75747562602708,3.384459154110169,-20.262883979755745,-3.570162180228209,-30.75747562602708,10.160743907431668,-21.29601939560524,-3.570162180228209,-30.75747562602708,8.14942651069876,-24.941921972403946,-3.570162180228209,-42.70056492090135,9.31333959609683,-27.508858299779693,-3.570162180228209,-43.718952869572625,9.81357212918645,1.8749656999999964,1.8749657,0.6249885666666655,1.0,0.0,0.0,3.0,37.884100000000046,44.75067990000001,31.941196,6.3929542714285725,4.0,1.0,2.0,7.0,84.04063000000008,54.537925830000006,31.941196,3.895566130714286,8.0,1.0,4.0,14.0,184.13552000000027,71.52547703,31.941196,3.405975096666667,12.0,1.0,4.0,19.0,274.98008000000044,92.25519599,31.941196,3.2948284282142857,17.0,1.0,4.0,20.0,360.9865000000006,1,36,0,0,0,20,0,19,0,0,19,19,19,0
宝兴-1,未知品种,2025-08-25,宝兴-1_翔玉168,3.四川雅安宝兴,3,5.0,,7.0,VT,4.0,0.4444444444444444,0.0,0.0,0.0,0.0,0.0,4.0,0.0,0.4444444444444444,0.0,0.0,0.0,0.0,0.0,0.0,0.0,0.0,10.0,45894,30.40625,102.71875,0.78285545,1.5600611,0.1335864,4.5860233,0.0,8.452878,0.015687577,0.018131694,0.014459172,293.95844,298.52338,291.4189,0.34790686,294.60727,299.4647,291.13174,84828.08,84929.67,84757.01,151.20541,603.5485,0.0,83.871346,294.57236,0.78285545,1.5600611,0.1335864,8.452878,4.5860233,0.0,20.80844000000002,25.373379999999997,18.26890000000003,21.45727000000005,26.314700000000016,17.981740000000002,84.82808,84.92967,84.75701,86.2669881575337,75.6095593044012,93.10587342035689,83.871346,21.422360000000026,,151.20541,603.5485,0.0,7.104479999999967,-17.496314115955684,8.332960000000014,0.17266000000000759,1,1,0,1,0,0,0,1,0,1795.0814470567523,729.2043263230772,97.71360437037988,0,1,1,1,10.808440000000019,973.335320000002,20.977946666666696,21.203900000000033,20.80844000000002,0.20368314248684774,21.22253714285717,22.141560000000027,20.52618000000001,0.5699890648575544,21.71723428571431,22.9563,20.52618000000001,0.752342727809571,22.193317142857165,25.87444000000005,20.296170000000018,1.4628991256513295,22.644567500000022,25.87444000000005,20.296170000000018,1.549526820143943,82.52070804965838,86.2669881575337,80.02164444844246,3.3042005496087206,82.75964776009573,89.07585870226696,77.4845989961362,4.208188422543732,84.85612622408243,90.8796661026216,77.4845989961362,4.15107572650932,86.3325734023782,95.09219270786517,77.4845989961362,4.572594412140667,86.0859080345458,95.09219270786517,77.4845989961362,4.22313686168017,0.7049538833333333,0.78285545,0.5650426,0.12142698681549698,0.6498320942857143,0.84908813,0.27223942,0.21239419881279442,0.46103575714285716,0.84908813,0.27223942,0.24332386948512819,0.419623719047619,0.84908813,0.27223942,0.20950288723070004,0.48965223,1.1082168,0.27223942,0.26136945181645077,183.80143666666672,216.27112,151.20541,32.5330389977552,186.60524857142858,230.17647,120.42692,38.97130947894682,223.21239857142857,326.17828,120.42692,57.75634854395311,213.96354447619046,326.17828,108.038864,65.69409070268918,226.50776085714284,352.47195,108.038864,70.77300337702528,83.89260533333334,84.61567,83.1908,0.7126728552901214,85.25890314285714,87.621956,83.1908,1.5656645046854631,82.31211114285715,89.705864,73.46094,4.874257229675082,79.07568004761904,90.69267,64.460495,8.712690505729768,77.37998449999999,90.69267,64.460495,8.384792135702016,,,,,,,,,,,,,,,,,,,,,9.112126666666654,10.80104,7.104479999999967,1.8687782537619069,9.539855714285718,11.891520000000014,7.104479999999967,1.827535364234747,10.278933571428578,13.729710000000011,7.104479999999967,2.039772841348201,10.102709523809532,13.729710000000011,5.567980000000034,2.2979830095639806,10.582167500000008,15.72198000000003,5.567980000000034,2.586557747789344,-25.294266174117528,-17.496314115955684,-30.123699075420703,6.8170222397399005,-27.08509938516421,-17.496314115955684,-31.2874197561057,4.586443075147879,-25.268079516005283,-10.544650805155499,-31.2874197561057,5.775555296174565,-22.579545341935976,-3.570162180228209,-31.2874197561057,7.681839159672208,-23.71849744623143,-3.570162180228209,-35.80576634199362,7.631362293770314,12.675298999999995,8.452878,4.225099666666665,2.0,0.0,0.0,3.0,32.93384000000009,31.8565175,12.606411,4.550931071428571,5.0,0.0,0.0,5.0,78.5577600000002,62.4285651,15.92465,4.459183221428572,10.0,0.0,1.0,12.0,164.0412800000003,114.82525003,31.941196,5.46786904904762,16.0,1.0,4.0,19.0,256.05966000000046,127.73671372999999,31.941196,4.562025490357143,18.0,1.0,5.0,26.0,354.0478900000006,1,46,0,0,0,30,0,3,0,0,3,3,3,0
宝兴-1,未知品种,2025-09-04,宝兴-1_翔玉168,3.四川雅安宝兴,3,5.0,,7.0,R1,24.0,2.8888888888888893,0.0,0.0,1.0,0.1111111111111111,4.0,20.0,0.4444444444444444,2.4444444444444446,0.0,0.0,0.0,0.0,0.0,1.0,0.0,0.1111111111111111,21.0,45904,30.40625,102.71875,0.74036086,1.9420415,0.060731906,0.25225216,0.0,0.25225216,0.015085245,0.018128853,0.014060771,294.1009,300.53336,290.69333,0.35036084,294.41043,301.77325,290.45435,84491.16,84643.44,84261.95,168.30846,633.87524,0.0,84.46294,294.0962,0.74036086,1.9420415,0.060731906,0.25225216,0.25225216,0.0,20.950900000000047,27.38336000000004,17.543330000000026,21.260430000000042,28.62325000000004,17.30435,84.49116000000001,84.64344,84.26195,81.93354473695008,66.90755011924864,94.24192295671503,84.46294,20.946200000000033,,168.30846,633.87524,0.0,9.840030000000013,-27.33437283746639,11.318900000000042,0.38148999999999944,1,1,0,1,0,0,0,1,0,1716.5815024293713,20.667913636352292,97.49804951286056,0,1,1,1,10.950900000000047,1058.0307200000022,19.968460000000032,20.950900000000047,19.41332,0.8532157005119014,18.28543428571431,20.950900000000047,15.785400000000038,1.939098606215992,19.197901428571452,21.203900000000033,15.785400000000038,1.898665440703279,20.092088571428594,22.9563,15.785400000000038,2.0534702737908925,20.628259642857163,24.573080000000004,15.785400000000038,2.1162229858484176,83.55489891078751,85.04910974895941,81.93354473695008,1.5616691092761754,85.67781365028041,93.86602858252245,79.6878783257371,4.887626960514069,86.37853061754068,97.1416739008279,79.6878783257371,5.981534003802766,86.5028330835313,97.1416739008279,77.4845989961362,5.4103650583382565,86.8981120548972,97.1416739008279,77.4845989961362,5.1840593829277335,0.6801632033333332,0.74036086,0.60603565,0.06823743126938556,0.5925679085714286,0.74036086,0.47325635,0.09977897992335857,0.633289105,0.81395686,0.47325635,0.11656580317053322,0.5511910142857143,0.84908813,0.27223942,0.1938517706982629,0.4901515467857143,0.84908813,0.27223942,0.2020023157596902,159.7113666666667,179.41292,131.41272,25.128416391538856,164.18312142857144,283.03036,84.72739,63.87423615159562,159.69235857142857,283.03036,73.48264,56.2738445052933,181.68231952380953,326.17828,73.48264,65.79528414701076,185.98508371428574,326.17828,73.48264,68.13156954109883,85.23008333333334,85.789474,84.46294,0.6872364885337489,88.70778714285714,96.0766,84.46294,4.391201535590359,88.878645,100.69438,83.1908,5.425592000007634,86.59061904761904,100.69438,73.46094,6.563588555005432,84.65076035714286,100.69438,64.673805,7.922245936526125,,,,,,,,,,,,,,,,,,,,,8.388073333333333,9.840030000000013,7.518070000000023,1.2656527256847994,8.172272857142868,12.03343000000001,3.529679999999985,3.2202381013092687,7.811397857142858,12.03343000000001,3.1748000000000047,2.880908864158571,8.691168571428577,13.20673000000005,3.1748000000000047,2.90196861571122,8.91334857142858,13.729710000000011,3.1748000000000047,2.830937982583676,-25.11992641305197,-20.37916111363637,-27.64624528805315,4.108583432822795,-23.311641473067475,-7.9843977949712865,-35.94235652647359,9.899151637084406,-22.114021457100893,-0.6373115613402689,-35.94235652647359,9.989303701503681,-22.640654090900927,-0.6373115613402689,-35.94235652647359,8.887904247048093,-21.866937932753665,-0.6373115613402689,-35.94235652647359,9.057425333058886,0.80569226,0.5534401,0.2685640866666667,2.0,0.0,0.0,1.0,29.905380000000093,9.94873226,7.691068,1.4212474657142857,4.0,0.0,2.0,1.0,57.998040000000174,145.45669026,66.72352,10.38976359,9.0,2.0,4.0,5.0,128.77062000000035,194.94368115999998,66.72352,9.283032436190476,16.0,2.0,5.0,11.0,211.9338600000005,239.10929645999997,66.72352,8.539617730714285,20.0,3.0,7.0,18.0,297.5912700000006,1,56,0,0,0,1,0,3,0,0,1,3,1,0
宝兴-1,未知品种,2025-09-11,宝兴-1_翔玉168,3.四川雅安宝兴,3,5.0,,7.0,R2,31.0,3.888888888888889,0.0,0.0,2.0,0.6666666666666666,24.0,7.0,2.8888888888888893,0.9999999999999996,0.0,0.0,0.0,0.0,1.0,1.0,0.1111111111111111,0.5555555555555556,22.0,45911,30.40625,102.71875,0.81344616,2.9842322,0.15179846,2.6860366,0.0,4.8181176,0.014534159,0.01597131,0.013560251,292.73782,298.45538,289.79355,0.37081486,293.15472,299.80133,289.44803,84697.35,84880.97,83883.49,162.15746,627.68134,0.0,89.393875,292.9229,0.81344616,2.9842322,0.15179846,4.8181176,2.6860366,0.0,19.587820000000022,25.305380000000014,16.643550000000005,20.00472000000002,26.65133000000003,16.29803000000004,84.69735,84.88097,83.88349000000001,86.12150611338981,66.91942462504684,95.81589741326275,89.393875,19.77290000000005,,162.15746,627.68134,0.0,8.661830000000009,-28.896472788215902,10.35329999999999,0.9974799999999959,1,1,0,1,0,0,0,0,0,1686.9325598779812,414.94354434343103,94.2819729116709,0,0,1,0,9.587820000000022,1115.7546100000025,18.553306666666703,19.587820000000022,17.67530000000005,0.965817757205415,18.24627000000003,19.587820000000022,17.67530000000005,0.6479057409584023,18.26585214285717,20.950900000000047,15.785400000000038,1.3890971048528478,18.88069095238098,21.203900000000033,15.785400000000038,1.6372069423255653,19.630633928571456,22.9563,15.785400000000038,1.9695881026871918,89.01203629929337,94.64543033128756,86.12150611338981,4.87922100101635,86.87075718365558,94.64543033128756,80.1462292501111,4.810574747739395,86.27428541696801,94.64543033128756,79.6878783257371,4.699951392635473,86.54260613957898,97.1416739008279,79.6878783257371,5.500473554863786,86.59481410856237,97.1416739008279,77.4845989961362,5.181882470987367,0.61463949,0.81344616,0.47147796,0.17764528886808334,0.6128248928571428,0.81344616,0.47147796,0.11060795425531578,0.6026964007142857,0.81344616,0.47147796,0.10174477692804246,0.626467700952381,0.81395686,0.47147796,0.1122492019114528,0.5665994839285714,0.84908813,0.27223942,0.17689903544426872,127.11102333333336,162.15746,84.40817,39.4360692895002,146.37303,193.87585,84.40817,42.58747805386479,155.27807571428573,283.03036,84.40817,52.967236414496725,155.25258238095236,283.03036,73.48264,51.41874168642736,172.85499714285714,326.17828,73.48264,62.06566539253799,90.00042833333333,93.12068,87.48673,2.865532823099695,89.2209007142857,93.12068,86.817,2.0813912202552576,88.96434392857144,96.0766,84.46294,3.312105319392164,88.99273023809523,100.69438,83.1908,4.523391516178855,87.24818946428572,100.69438,73.46094,5.84975002473199,,,,,,,,,,,,,,,,,,,,,7.662789999999991,9.84200999999996,4.484530000000007,2.8149971010286863,9.049330000000007,13.044130000000052,4.484530000000007,2.6944721186471283,8.610801428571436,13.044130000000052,3.529679999999985,2.888611362883989,8.224041904761908,13.044130000000052,3.1748000000000047,2.816095711238564,8.780708928571434,13.20673000000005,3.1748000000000047,2.806493692659201,-19.327123109004035,-4.5899200068569,-28.896472788215902,12.951145075975138,-24.932445688087633,-4.5899200068569,-38.89664274564315,11.469228683972185,-24.122043580577554,-4.5899200068569,-38.89664274564315,10.327010813684526,-23.05349620076314,-0.6373115613402689,-38.89664274564315,10.304245306450179,-23.213601990197606,-0.6373115613402689,-38.89664274564315,9.421666712918057,27.4527836,13.034767,9.150927866666667,3.0,0.0,1.0,0.0,25.659920000000113,54.6905129,21.73123,7.812930414285715,5.0,0.0,2.0,0.0,57.72389000000021,64.63924516,21.73123,4.61708894,9.0,0.0,4.0,1.0,115.72193000000038,200.14720316,66.72352,9.530819198095239,14.0,2.0,6.0,5.0,186.49451000000056,249.63419406,66.72352,8.915506930714285,21.0,2.0,7.0,11.0,269.6577500000007,3,63,0,0,0,0,0,10,0,0,0,10,0,0
宝兴-1,未知品种,2025-09-18,宝兴-1_翔玉168,3.四川雅安宝兴,3,5.0,,7.0,R3,42.0,8.0,0.0,0.0,23.0,3.2222222222222223,31.0,11.0,3.888888888888889,4.111111111111111,0.0,0.0,0.0,0.0,2.0,21.0,0.6666666666666666,2.555555555555556,23.0,45918,30.40625,102.71875,0.8757717,2.418843,0.19374312,2.3489254,0.0,3.3617759,0.013588597,0.016360564,0.012403516,291.69244,298.24515,288.81354,0.36393693,292.2437,299.89746,288.14667,84773.99,85121.45,84306.95,153.16704,633.9085,0.0,87.73579,292.19412,0.8757717,2.418843,0.19374312,3.3617759,2.3489254,0.0,18.54244,25.095150000000046,15.663540000000012,19.093700000000013,26.747460000000046,14.996669999999995,84.77399000000001,85.12145,84.30695,86.0738983393902,69.59497277337856,93.83536506471467,87.73579,19.04412000000002,,153.16704,633.9085,0.0,9.431610000000035,-24.240392291336107,11.750790000000052,0.8144999999999953,1,1,0,1,0,0,0,0,0,1596.0200955242424,289.36115705641197,88.21110341629112,0,0,1,0,8.54244,1176.8901600000027,18.073633333333344,18.54244,17.16840000000002,0.7841222206603434,18.73365000000002,20.073900000000037,17.16840000000002,1.1633633305350166,18.489960000000025,20.073900000000037,17.16840000000002,0.9393354423945532,18.421784761904785,20.950900000000047,15.785400000000038,1.3081741977069317,18.843930714285737,21.203900000000033,15.785400000000038,1.5134327835871926,90.53849624796992,95.15003814756061,86.0738983393902,4.539853836494572,88.0765494854733,95.15003814756061,80.36994524936752,5.890311450459685,87.47365333456445,95.15003814756061,80.1462292501111,5.204385451675541,86.87504010646977,95.15003814756061,79.6878783257371,5.052211072310445,86.92609197605256,97.1416739008279,79.6878783257371,5.529824714068752,0.7166133933333333,0.8757717,0.59106714,0.14529796701317152,0.6401168500000001,0.8757717,0.54029053,0.1153594741269149,0.6264708714285715,0.8757717,0.47147796,0.10949483483733283,0.6151698838095239,0.8757717,0.47147796,0.10510887964985506,0.6298799882142856,0.8757717,0.47147796,0.11102595415391346,123.69516333333335,153.16704,85.5955,34.6021282808885,153.79473428571427,270.33795,85.5955,69.36391995742176,150.08388214285716,270.33795,84.40817,55.43052894171305,154.78362857142858,283.03036,84.40817,57.162161505778414,154.88812035714287,283.03036,73.48264,55.027608632556486,87.70911833333332,89.41134,85.980225,1.7157129914881966,87.29182414285712,91.50667,84.43143,2.4677919564910282,88.25636242857142,93.12068,84.43143,2.410837658098538,88.40683733333333,96.0766,84.43143,3.1000378675722375,88.56750371428572,100.69438,83.1908,4.1318549198571795,,,,,,,,,,,,,,,,,,,,,6.885053333333322,9.431610000000035,4.091199999999958,2.6787798478101075,8.90292857142856,14.261259999999993,4.091199999999958,3.2159508726576886,8.976129285714283,14.261259999999993,4.091199999999958,2.851317332595774,8.708177142857144,14.261259999999993,3.529679999999985,2.923399290347024,8.39376357142857,14.261259999999993,3.1748000000000047,2.8744184500176067,-18.432671258722653,-6.975087986957689,-24.240392291336107,9.922872097923012,-21.5989962190203,-5.8863427866220235,-37.43228948024309,11.761933200239959,-23.265720953553966,-4.5899200068569,-38.89664274564315,11.294005469352156,-23.281027793391804,-4.5899200068569,-38.89664274564315,10.597590135071526,-22.689871205327428,-0.6373115613402689,-38.89664274564315,10.478752056538598,12.8401367,7.168611,4.280045566666667,3.0,0.0,2.0,0.0,24.22090000000003,21.1257311,7.168611,3.0179615857142856,5.0,0.0,3.0,1.0,61.13555000000014,75.816244,21.73123,5.415446,10.0,0.0,5.0,1.0,118.85944000000035,85.76497626,21.73123,4.0840464885714285,14.0,0.0,7.0,2.0,176.85748000000052,221.27293426,66.72352,7.902604795,19.0,2.0,9.0,6.0,247.6300600000007,4,70,0,0,0,0,0,17,0,0,0,17,0,0
宝兴-1,未知品种,2025-09-29,宝兴-1_翔玉168,3.四川雅安宝兴,3,5.0,,7.0,R4,60.0,15.777777777777777,0.0,0.0,100.0,28.888888888888893,42.0,18.0,8.0,7.777777777777777,0.0,0.0,0.0,0.0,23.0,77.0,3.2222222222222223,25.66666666666667,24.0,45929,30.40625,102.71875,0.46483922,1.2811433,0.049235117,2.0205212,0.0,10.762772,0.011568022,0.012585037,0.010757958,289.2119,292.93472,286.88983,0.38389024,289.67548,295.3034,286.05313,85374.41,85557.69,85159.55,106.44021,406.35382,0.0,92.546005,289.95392,0.46483922,1.2811433,0.049235117,10.762772,2.0205212,0.0,16.061900000000037,19.78472000000005,13.73983000000004,16.525480000000016,22.153400000000033,12.903130000000033,85.37441,85.55769000000001,85.15955,86.43673420026985,74.50130656510008,93.16923201376629,92.546005,16.803920000000005,,106.44021,406.35382,0.0,6.044890000000009,-18.66792544866621,9.25027,0.39814000000001215,1,1,0,1,0,0,1,0,0,1388.3381810513176,930.2988626221068,153.02891714967998,0,0,1,0,6.061900000000037,1255.4987000000028,16.958666666666698,17.71932000000004,16.061900000000037,0.8370516075686828,17.140022857142874,18.19344000000001,15.598749999999995,0.9592186193411424,17.344960000000015,18.54244,15.598749999999995,0.9041524837446704,17.87638142857145,20.073900000000037,15.598749999999995,1.2194227483333402,18.120477142857165,20.950900000000047,15.598749999999995,1.2604228532751058,87.69837751410478,90.87510021500226,85.78329812704224,2.770454838875133,83.8634780796572,90.87510021500226,76.97029509485363,5.217166743578587,85.70705099896452,95.15003814756061,76.97029509485363,5.095433163497872,86.27881812084698,95.15003814756061,76.97029509485363,5.2310083011789725,85.8421095949235,95.15003814756061,76.97029509485363,4.869950426894186,0.5943337166666667,0.75804293,0.46483922,0.14956633650951112,0.6122465071428572,0.75804293,0.46483922,0.10899902068145137,0.6343789685714285,0.8757717,0.46483922,0.11376979217943932,0.6217238952380952,0.8757717,0.46483922,0.1110753427051885,0.6265195424999999,0.8757717,0.46483922,0.10117122196143209,101.5661866666667,106.44021,95.17425,5.784333094321933,150.34867642857145,260.00824,95.17425,61.82715867426807,140.46093321428572,260.00824,85.5955,49.77875924423291,145.39351357142857,270.33795,84.40817,55.7771986727434,149.13128660714284,270.33795,84.40817,51.093352870419615,87.68253333333332,92.546005,82.77974,4.883251238433374,86.17392857142856,92.546005,82.660835,3.741877864624362,86.8547927857143,92.546005,82.660835,3.194998155262803,87.3277999047619,93.12068,82.660835,3.1930655033701396,87.28996671428571,93.12068,82.660835,2.9265557250283503,,,,,,,,,,,,,,,,,,,,,6.075303333333333,6.451720000000023,5.7292999999999665,0.3621690105922371,8.14797571428572,12.854379999999992,5.7292999999999665,2.669645285494301,7.850723571428574,12.854379999999992,4.091199999999958,2.310394599239274,8.312563809523809,14.261259999999993,4.091199999999958,2.5838233224419134,8.574464285714287,14.261259999999993,4.091199999999958,2.4725827060524894,-18.73828082207467,-18.66792544866621,-18.83825154818446,0.08894125521999537,-25.17559499603265,-18.66792544866621,-37.985096138419436,8.836409405432438,-24.84064076646257,-6.975087986957689,-37.985096138419436,8.714865621108093,-23.887871419736296,-4.5899200068569,-37.985096138419436,9.94594519649316,-24.76967248368641,-4.5899200068569,-38.89664274564315,9.41631928242138,30.344397,19.581625,10.114799,2.0,0.0,1.0,0.0,20.87600000000009,30.344396999999994,19.581625,4.3349138571428565,2.0,0.0,1.0,0.0,49.980160000000126,69.0585277,19.581625,4.932751978571429,7.0,0.0,4.0,0.0,102.8294400000002,104.79690570000001,19.581625,4.990328842857143,12.0,0.0,6.0,1.0,165.40401000000043,132.84032726,21.73123,4.744297402142857,16.0,0.0,7.0,2.0,227.37336000000062,2,81,0,0,4,0,0,4,0,0,0,4,0,0
宝兴-1,未知品种,2025-10-09,宝兴-1_翔玉168,3.四川雅安宝兴,3,5.0,,7.0,R5,73.0,25.0,0.0,0.0,100.0,47.55555555555556,60.0,13.0,15.777777777777777,9.222222222222223,0.0,0.0,0.0,0.0,100.0,0.0,28.888888888888893,18.666666666666664,25.0,45939,30.40625,102.71875,0.5388445,1.1283227,0.100205645,0.0,0.0,0.0,0.013799784,0.014185216,0.013177712,292.3381,297.1112,289.5712,0.33964854,292.40128,299.0764,288.44708,84718.8,84930.93,84577.055,132.99373,543.89453,0.0,81.880486,292.11926,0.5388445,1.1283227,0.100205645,0.0,0.0,0.0,19.18810000000002,23.96120000000002,16.4212,19.25128000000001,25.9264,15.29708000000005,84.7188,84.93092999999999,84.57705499999999,83.88877853314534,64.52183450715094,95.24250143460397,81.880486,18.96926000000002,,132.99373,543.89453,0.0,7.5400000000000205,-30.720666927453024,10.62931999999995,0.35387500000000216,1,0,0,1,0,0,0,0,0,1609.6662713718479,0.0,131.3132985149678,0,0,1,0,9.18810000000002,1331.375620000003,18.17527666666668,19.18810000000002,16.750699999999995,1.2697973443165478,17.83502142857145,19.18810000000002,16.750699999999995,0.8723319388366552,17.455022857142882,19.18810000000002,16.061900000000037,0.8611306358810321,17.356450476190496,19.18810000000002,15.598749999999995,0.8856782476468167,17.700750357142876,20.073900000000037,15.598749999999995,1.1183083599479338,86.50015390779924,91.63023541550615,83.88877853314534,4.443022518947194,86.3262993184921,91.63023541550615,83.71421095106436,2.8855351886585616,86.10720278962263,91.63023541550615,81.94369918148266,2.6962330717391114,85.17834440821491,91.63023541550615,76.97029509485363,3.7131056755172103,85.9028956775295,95.15003814756061,76.97029509485363,4.422231507116235,0.5361201466666666,0.55297494,0.516541,0.018369120060431454,0.5962312742857143,0.69093394,0.516541,0.06292548637958767,0.5884654714285714,0.75804293,0.46372613,0.0882432595872649,0.6021260728571428,0.75804293,0.46372613,0.08849553782908562,0.6116237671428572,0.8757717,0.46372613,0.09507372859558061,108.5734266666667,132.99373,69.20219,34.42365392497238,108.15112928571429,132.99373,69.20219,23.897729217747482,113.98959864285715,162.33684,69.20219,22.945008874212476,129.72316933333335,260.00824,69.20219,43.66025924542858,135.74106057142856,270.33795,69.20219,50.930070559694414,82.886482,83.85663,81.880486,0.9885596019028812,83.687193,84.86012,81.880486,1.027218695076249,85.27445257142857,92.546005,81.880486,2.9908745766711875,85.76064976190476,92.546005,81.880486,3.0282338654407077,86.14344335714284,92.546005,81.880486,2.9329077241094472,,,,,,,,,,,,,,,,,,,,,6.002889999999998,7.5400000000000205,3.187220000000025,2.4418661280463154,6.298679999999998,8.705809999999985,3.187220000000025,1.7982344032133368,6.497420714285714,8.705809999999985,3.187220000000025,1.3424848790465713,7.33279142857143,12.854379999999992,3.187220000000025,2.072891329530533,7.725325714285712,14.261259999999993,3.187220000000025,2.4414218327888317,-23.239136829656946,-13.920824622770013,-30.720666927453024,8.549210592374068,-23.01978874738535,-13.5892021264239,-31.398797072667897,7.141160081967563,-21.708356484756077,-13.5892021264239,-31.398797072667897,5.381250802816664,-24.522948270352884,-13.5892021264239,-37.985096138419436,7.304303282528793,-23.79196025751974,-5.8863427866220235,-37.985096138419436,8.48091586685188,0.5802784,0.5802784,0.19342613333333333,1.0,0.0,1.0,0.0,24.52583000000004,1.3212144499999963,0.5802784,0.18874492142857088,3.0,0.0,1.0,0.0,54.84515000000016,31.872108695999998,19.581625,2.2765791925714285,7.0,0.0,2.0,0.0,104.37032000000033,57.746102696,19.581625,2.7498144140952383,9.0,0.0,3.0,0.0,154.4854600000004,78.871833796,19.581625,2.816851207,14.0,0.0,6.0,1.0,215.62101000000052,0,91,0,0,0,0,0,14,0,0,0,14,0,2
宝兴-1,未知品种,2025-10-20,宝兴-1_翔玉168,3.四川雅安宝兴,3,5.0,,7.0,R6,,,0.0,0.0,100.0,58.22222222222222,73.0,,25.0,,0.0,0.0,0.0,0.0,100.0,0.0,47.55555555555556,10.666666666666664,26.0,45950,30.40625,102.71875,0.6553606,2.154559,0.23877293,0.31851363,0.0,0.7681162,0.00823355,0.008761747,0.007617805,284.98102,289.07776,282.38712,0.32903355,284.9774,292.0022,280.52655,85774.77,86047.1,85422.2,93.71548,435.60324,0.0,79.32148,285.52658,0.6553606,2.154559,0.23877293,0.7681162,0.31851363,0.0,11.831020000000024,15.927760000000035,9.237120000000004,11.827400000000011,18.85220000000004,7.376550000000009,85.77477,86.0471,85.4222,81.51237682995787,66.66485876516835,89.32019620384511,79.32148,12.376580000000047,,93.71548,435.60324,0.0,6.69064000000003,-22.655337438676767,11.47565000000003,0.6248999999999967,1,1,0,1,0,0,1,0,1,964.3745605227701,62.61097714359529,107.91187259430512,0,0,1,0,1.8310200000000236,1390.2499900000032,12.769886666666688,14.206700000000012,11.831020000000024,1.2636957813228937,14.549085714285736,17.320060000000012,11.831020000000024,2.0199684336053987,15.957157142857161,19.301780000000008,11.831020000000024,2.3104090925815792,16.416728095238117,19.301780000000008,11.831020000000024,2.0106884971511993,16.597551785714305,19.301780000000008,11.831020000000024,1.8168402791742364,82.06151333689144,85.25925943570087,79.4129037450156,2.9616096793699334,82.45191089590267,85.37748441600739,78.54225057883825,2.7483896346424155,84.37079249748963,91.63023541550615,78.54225057883825,3.8930963281570916,84.86441145582748,91.63023541550615,78.54225057883825,3.3248131047517644,84.61417811178491,91.63023541550615,76.97029509485363,3.7989297792927785,0.63785062,0.65777016,0.6004211,0.03243729674959609,0.6689487985714286,0.764078,0.6004211,0.054095116826999745,0.599003465,0.764078,0.4641324,0.08721991059725206,0.6043271533333333,0.764078,0.46372613,0.0838239344056348,0.6063069917857142,0.764078,0.46372613,0.08864055975448558,102.94969000000003,145.18658,69.94701,38.4603848029285,113.34576557142859,196.16264,69.94701,45.1006465699846,108.80290457142857,196.16264,55.588165,39.086271388557435,110.778065,196.16264,55.588165,32.81721032215031,120.67071785714286,260.00824,55.588165,44.177921388373676,78.92137666666666,79.32148,78.29673,0.5480355116552745,79.25269285714286,81.181175,78.29673,0.968400082360574,80.85007292857144,83.85663,78.29673,1.889392377298522,82.44645123809524,89.35985,78.29673,2.9817584158358863,83.37832057142857,92.546005,78.29673,3.521213610763665,,,,,,,,,,,,,,,,,,,,,5.996886666666683,7.4417700000000195,3.858249999999998,1.8898079699359376,6.652384285714285,11.208129999999983,3.858249999999998,2.3025730739172228,6.4297185714285705,11.208129999999983,3.187220000000025,2.0805532047579463,6.511478095238092,11.208129999999983,3.187220000000025,1.7893551237013288,6.920602499999999,12.854379999999992,3.187220000000025,2.1157086570113455,-17.05794134548522,-10.641511895954864,-22.655337438676767,6.04864553200426,-19.11680259937907,-8.885350406500862,-36.70365096763531,9.14824109433485,-19.749012021479224,-6.963905736103968,-36.70365096763531,8.546056318021515,-20.441891168325753,-6.963905736103968,-36.70365096763531,7.59655887025929,-21.62531712525248,-6.963905736103968,-37.985096138419436,8.028395596587231,1.09602888,0.7681162,0.36534296,3.0,0.0,0.0,0.0,8.309660000000065,1.5685947599999965,0.7681162,0.2240849657142852,5.0,0.0,0.0,0.0,31.84360000000015,4.818410010000004,1.8971447,0.34417214357142883,8.0,0.0,1.0,0.0,83.40020000000027,5.765843306,1.8971447,0.27456396695238094,12.0,0.0,1.0,0.0,134.75129000000044,36.110240306,19.581625,1.2896514395,14.0,0.0,2.0,0.0,184.73145000000056,4,102,2,0,10,0,0,2,0,0,0,2,0,0
宝兴-2,未知品种,2025-08-01,宝兴-2_内玉9018,3.四川雅安宝兴,3,7.0,,9.0,V10,0.0,0.0,0.0,0.0,0.0,0.0,,,,,,,,,,,,,10.0,45870,30.40625,102.71875,0.8254605,0.8254605,0.8254605,0.0,0.0,0.0,0.02018402,0.024536416,0.016868865,297.84335,305.1923,292.8213,0.2944615,298.87546,307.41882,292.2897,81331.63,81544.195,81086.48,319.21448,1014.6587,0.0,70.98705,298.45056,0.8254605,0.8254605,0.8254605,0.0,0.0,0.0,24.69335000000001,32.04230000000001,19.67130000000003,25.725459999999998,34.268820000000005,19.139700000000005,81.33163,81.544195,81.08648,83.83637162519494,66.43687215591669,95.06547390727566,70.98705,25.30056000000002,,319.21448,1014.6587,0.0,12.370999999999981,-28.62860175135897,15.12912,0.4577150000000074,1,0,0,1,0,0,0,1,0,2070.2008672710085,0.0,90.58881672982795,0,1,1,1,14.69335000000001,674.9176400000015,24.32520333333336,24.69335000000001,23.631860000000017,0.6008368406092659,22.97779428571431,24.69335000000001,19.73843000000005,1.6962747061905643,22.632212857142882,24.69335000000001,19.73843000000005,1.2910671145364059,22.97706619047621,24.93100000000004,19.73843000000005,1.4048545702330657,22.558253214285735,24.93100000000004,19.307600000000036,1.5501832916550022,83.9371780700672,86.95219762373375,81.0229649612729,2.965901455863687,83.00342389383762,88.72979293552973,72.76454224826402,5.360946742075374,79.56091430582475,88.72979293552973,67.8101452812204,5.964948759912969,80.0524150071197,90.25366646261827,67.8101452812204,6.667543047470187,81.96292195650732,92.86903050919169,67.8101452812204,7.009620044005499,0.8254605,0.8254605,0.8254605,0.0,0.9434894214285715,1.7636213,0.55685395,0.3980439170451125,0.8600789221428571,1.7636213,0.55685395,0.28653427197573156,0.74928689,1.7636213,0.30975682,0.2965988440135596,0.6716851166666666,1.7636213,0.23330109,0.3028113659943059,326.10142,352.47195,306.61783,23.690135862132724,297.27333714285714,360.46826,163.61299,66.62367847847133,262.2192185714286,360.46826,160.01297,65.9191070313049,266.10020904761905,360.46826,91.01969,72.91670017895805,259.97841370370367,363.68634,91.01969,74.77324731712046,74.44093333333332,78.18448,70.98705,3.6074476137891405,76.35425771428571,82.77163,70.98705,4.026744186128901,74.24323564285714,82.77163,68.12551,3.9397889777782455,74.56245523809523,82.77163,68.12551,3.9621781785793724,77.7506612962963,94.452065,68.12551,7.267711420861733,,,,,,,,,,,,,,,,,,,,,13.341340000000002,14.20326,12.370999999999981,0.9209290684955226,13.401301428571433,15.72198000000003,9.201790000000017,2.116281009384379,12.876447857142855,15.72198000000003,9.201790000000017,1.9906501814895368,12.193948095238097,15.72198000000003,3.8166800000000194,2.6578597311400984,11.47582142857143,15.72198000000003,3.8166800000000194,2.8833944262618463,-30.03415624846102,-25.668100652030475,-35.80576634199362,5.212941011905538,-32.23372712600137,-22.458016762554692,-42.70056492090135,7.223866365187755,-33.72169720395415,-22.458016762554692,-43.718952869572625,7.104246180804748,-31.49590263167333,-6.050852636372738,-43.718952869572625,9.207612029145375,-29.125833010604637,-6.050852636372738,-43.718952869572625,10.10239977705909,1.1683247,1.1683247,0.3894415666666667,1.0,0.0,0.0,3.0,42.975610000000074,16.9875512,11.743139,2.4267930285714283,4.0,0.0,0.0,5.0,90.84456000000017,37.71727016,13.609657,2.6940907257142857,9.0,0.0,0.0,6.0,176.85098000000033,38.033955000000006,13.609657,1.8111407142857145,10.0,0.0,1.0,11.0,272.51839000000047,55.5370389,13.609657,2.0569273666666668,14.0,0.0,3.0,16.0,351.6310900000006,0,22,0,0,0,6,0,5,0,0,5,5,5,2
宝兴-2,未知品种,2025-08-01,宝兴-2_白K888,3.四川雅安宝兴,3,7.0,,7.0,V10,0.0,0.0,0.0,0.0,0.0,0.0,,,,,,,,,,,,,10.0,45870,30.40625,102.71875,0.8254605,0.8254605,0.8254605,0.0,0.0,0.0,0.02018402,0.024536416,0.016868865,297.84335,305.1923,292.8213,0.2944615,298.87546,307.41882,292.2897,81331.63,81544.195,81086.48,319.21448,1014.6587,0.0,70.98705,298.45056,0.8254605,0.8254605,0.8254605,0.0,0.0,0.0,24.69335000000001,32.04230000000001,19.67130000000003,25.725459999999998,34.268820000000005,19.139700000000005,81.33163,81.544195,81.08648,83.83637162519494,66.43687215591669,95.06547390727566,70.98705,25.30056000000002,,319.21448,1014.6587,0.0,12.370999999999981,-28.62860175135897,15.12912,0.4577150000000074,1,0,0,1,0,0,0,1,0,2070.2008672710085,0.0,90.58881672982795,0,1,1,1,14.69335000000001,674.9176400000015,24.32520333333336,24.69335000000001,23.631860000000017,0.6008368406092659,22.97779428571431,24.69335000000001,19.73843000000005,1.6962747061905643,22.632212857142882,24.69335000000001,19.73843000000005,1.2910671145364059,22.97706619047621,24.93100000000004,19.73843000000005,1.4048545702330657,22.558253214285735,24.93100000000004,19.307600000000036,1.5501832916550022,83.9371780700672,86.95219762373375,81.0229649612729,2.965901455863687,83.00342389383762,88.72979293552973,72.76454224826402,5.360946742075374,79.56091430582475,88.72979293552973,67.8101452812204,5.964948759912969,80.0524150071197,90.25366646261827,67.8101452812204,6.667543047470187,81.96292195650732,92.86903050919169,67.8101452812204,7.009620044005499,0.8254605,0.8254605,0.8254605,0.0,0.9434894214285715,1.7636213,0.55685395,0.3980439170451125,0.8600789221428571,1.7636213,0.55685395,0.28653427197573156,0.74928689,1.7636213,0.30975682,0.2965988440135596,0.6716851166666666,1.7636213,0.23330109,0.3028113659943059,326.10142,352.47195,306.61783,23.690135862132724,297.27333714285714,360.46826,163.61299,66.62367847847133,262.2192185714286,360.46826,160.01297,65.9191070313049,266.10020904761905,360.46826,91.01969,72.91670017895805,259.97841370370367,363.68634,91.01969,74.77324731712046,74.44093333333332,78.18448,70.98705,3.6074476137891405,76.35425771428571,82.77163,70.98705,4.026744186128901,74.24323564285714,82.77163,68.12551,3.9397889777782455,74.56245523809523,82.77163,68.12551,3.9621781785793724,77.7506612962963,94.452065,68.12551,7.267711420861733,,,,,,,,,,,,,,,,,,,,,13.341340000000002,14.20326,12.370999999999981,0.9209290684955226,13.401301428571433,15.72198000000003,9.201790000000017,2.116281009384379,12.876447857142855,15.72198000000003,9.201790000000017,1.9906501814895368,12.193948095238097,15.72198000000003,3.8166800000000194,2.6578597311400984,11.47582142857143,15.72198000000003,3.8166800000000194,2.8833944262618463,-30.03415624846102,-25.668100652030475,-35.80576634199362,5.212941011905538,-32.23372712600137,-22.458016762554692,-42.70056492090135,7.223866365187755,-33.72169720395415,-22.458016762554692,-43.718952869572625,7.104246180804748,-31.49590263167333,-6.050852636372738,-43.718952869572625,9.207612029145375,-29.125833010604637,-6.050852636372738,-43.718952869572625,10.10239977705909,1.1683247,1.1683247,0.3894415666666667,1.0,0.0,0.0,3.0,42.975610000000074,16.9875512,11.743139,2.4267930285714283,4.0,0.0,0.0,5.0,90.84456000000017,37.71727016,13.609657,2.6940907257142857,9.0,0.0,0.0,6.0,176.85098000000033,38.033955000000006,13.609657,1.8111407142857145,10.0,0.0,1.0,11.0,272.51839000000047,55.5370389,13.609657,2.0569273666666668,14.0,0.0,3.0,16.0,351.6310900000006,0,22,0,0,0,6,0,5,0,0,5,5,5,2
宝兴-2,未知品种,2025-08-01,宝兴-2_郑单958,3.四川雅安宝兴,3,7.0,,9.0,V12,0.0,0.0,0.0,0.0,0.0,0.0,,,,,,,,,,,,,12.0,45870,30.40625,102.71875,0.8254605,0.8254605,0.8254605,0.0,0.0,0.0,0.02018402,0.024536416,0.016868865,297.84335,305.1923,292.8213,0.2944615,298.87546,307.41882,292.2897,81331.63,81544.195,81086.48,319.21448,1014.6587,0.0,70.98705,298.45056,0.8254605,0.8254605,0.8254605,0.0,0.0,0.0,24.69335000000001,32.04230000000001,19.67130000000003,25.725459999999998,34.268820000000005,19.139700000000005,81.33163,81.544195,81.08648,83.83637162519494,66.43687215591669,95.06547390727566,70.98705,25.30056000000002,,319.21448,1014.6587,0.0,12.370999999999981,-28.62860175135897,15.12912,0.4577150000000074,1,0,0,1,0,0,0,1,0,2070.2008672710085,0.0,90.58881672982795,0,1,1,1,14.69335000000001,674.9176400000015,24.32520333333336,24.69335000000001,23.631860000000017,0.6008368406092659,22.97779428571431,24.69335000000001,19.73843000000005,1.6962747061905643,22.632212857142882,24.69335000000001,19.73843000000005,1.2910671145364059,22.97706619047621,24.93100000000004,19.73843000000005,1.4048545702330657,22.558253214285735,24.93100000000004,19.307600000000036,1.5501832916550022,83.9371780700672,86.95219762373375,81.0229649612729,2.965901455863687,83.00342389383762,88.72979293552973,72.76454224826402,5.360946742075374,79.56091430582475,88.72979293552973,67.8101452812204,5.964948759912969,80.0524150071197,90.25366646261827,67.8101452812204,6.667543047470187,81.96292195650732,92.86903050919169,67.8101452812204,7.009620044005499,0.8254605,0.8254605,0.8254605,0.0,0.9434894214285715,1.7636213,0.55685395,0.3980439170451125,0.8600789221428571,1.7636213,0.55685395,0.28653427197573156,0.74928689,1.7636213,0.30975682,0.2965988440135596,0.6716851166666666,1.7636213,0.23330109,0.3028113659943059,326.10142,352.47195,306.61783,23.690135862132724,297.27333714285714,360.46826,163.61299,66.62367847847133,262.2192185714286,360.46826,160.01297,65.9191070313049,266.10020904761905,360.46826,91.01969,72.91670017895805,259.97841370370367,363.68634,91.01969,74.77324731712046,74.44093333333332,78.18448,70.98705,3.6074476137891405,76.35425771428571,82.77163,70.98705,4.026744186128901,74.24323564285714,82.77163,68.12551,3.9397889777782455,74.56245523809523,82.77163,68.12551,3.9621781785793724,77.7506612962963,94.452065,68.12551,7.267711420861733,,,,,,,,,,,,,,,,,,,,,13.341340000000002,14.20326,12.370999999999981,0.9209290684955226,13.401301428571433,15.72198000000003,9.201790000000017,2.116281009384379,12.876447857142855,15.72198000000003,9.201790000000017,1.9906501814895368,12.193948095238097,15.72198000000003,3.8166800000000194,2.6578597311400984,11.47582142857143,15.72198000000003,3.8166800000000194,2.8833944262618463,-30.03415624846102,-25.668100652030475,-35.80576634199362,5.212941011905538,-32.23372712600137,-22.458016762554692,-42.70056492090135,7.223866365187755,-33.72169720395415,-22.458016762554692,-43.718952869572625,7.104246180804748,-31.49590263167333,-6.050852636372738,-43.718952869572625,9.207612029145375,-29.125833010604637,-6.050852636372738,-43.718952869572625,10.10239977705909,1.1683247,1.1683247,0.3894415666666667,1.0,0.0,0.0,3.0,42.975610000000074,16.9875512,11.743139,2.4267930285714283,4.0,0.0,0.0,5.0,90.84456000000017,37.71727016,13.609657,2.6940907257142857,9.0,0.0,0.0,6.0,176.85098000000033,38.033955000000006,13.609657,1.8111407142857145,10.0,0.0,1.0,11.0,272.51839000000047,55.5370389,13.609657,2.0569273666666668,14.0,0.0,3.0,16.0,351.6310900000006,0,22,0,0,0,6,0,5,0,0,5,5,5,2
宝兴-2,未知品种,2025-08-08,宝兴-2_内玉9018,3.四川雅安宝兴,3,7.0,,9.0,V12,0.0,0.0,0.0,0.0,0.0,0.0,0.0,0.0,0.0,0.0,0.0,0.0,0.0,0.0,0.0,0.0,0.0,0.0,12.0,45877,30.40625,102.71875,0.48348513,1.2288349,0.15841223,0.4713376,0.0,1.2899011,0.020651372,0.024870502,0.017457679,297.72308,303.74976,293.59128,0.2682735,298.1472,306.11438,293.30173,81622.21,81848.805,81469.81,230.49944,990.44446,0.0,64.673805,297.78577,0.48348513,1.2288349,0.15841223,1.2899011,0.4713376,0.0,24.573080000000004,30.599760000000003,20.441280000000006,24.99720000000002,32.964380000000006,20.151730000000043,81.62221000000001,81.848805,81.46981,86.68154826968306,73.3677788690574,94.21160807799613,64.673805,24.635770000000036,,230.49944,990.44446,0.0,10.158479999999997,-20.84382920893873,12.812649999999962,0.3789950000000033,1,1,0,1,0,0,0,1,0,2130.0326201547837,111.81062446276728,148.55828163038714,0,1,1,1,14.573080000000004,775.0125300000016,23.95414333333336,24.739250000000027,22.550100000000043,1.2187724884625848,24.29927000000003,25.87444000000005,22.550100000000043,1.1500805450199043,23.63853214285717,25.87444000000005,19.73843000000005,1.5519774496635825,23.187898571428597,25.87444000000005,19.73843000000005,1.459010882993281,23.30761714285717,25.87444000000005,19.73843000000005,1.4476879284182262,88.73314289935308,90.07233247962075,86.68154826968306,1.8041604987920106,86.81655255755399,90.88386485460002,82.32878905763314,3.377549043809236,84.9099882256958,90.88386485460002,72.76454224826402,4.737537097962537,81.97946038973448,90.88386485460002,67.8101452812204,6.23164641242133,81.74344939472827,90.88386485460002,67.8101452812204,6.660485479646332,0.40684748666666665,0.48348513,0.34813976,0.06943128782375006,0.40316213142857144,0.7375132,0.28802642,0.1639316352328858,0.6733257764285715,1.7636213,0.28802642,0.40513177122018645,0.7077733252380952,1.7636213,0.28802642,0.3318764700182165,0.6627557003571428,1.7636213,0.28802642,0.30729532792178493,224.4025966666667,277.66782,165.04053,56.56063328110329,227.44402857142856,314.79565,120.64513,67.49691830134593,262.3586828571428,360.46826,120.64513,73.91978722265888,250.62748857142856,360.46826,120.64513,66.88338403483837,256.43616392857143,360.46826,91.01969,72.39730496777607,65.19399,66.44767,64.460495,1.0909447492077162,66.44459214285715,68.82687,64.460495,1.6347944304119517,71.39942492857143,82.77163,64.460495,5.929252647826404,71.64368780952381,82.77163,64.460495,5.00820205177394,72.5329894642857,82.77163,64.460495,5.003650026352392,,,,,,,,,,,,,,,,,,,,,10.655976666666675,13.017179999999996,8.79227000000003,2.155943720748126,10.529065714285716,13.337739999999997,6.390129999999999,2.453859839374539,11.965183571428573,15.72198000000003,6.390129999999999,2.658433945104954,12.093987142857141,15.72198000000003,6.390129999999999,2.38073302649024,11.777727500000001,15.72198000000003,3.8166800000000194,2.6664240217642923,-19.310721514641134,-16.130173842803387,-20.95816149218129,2.755028237127866,-22.329154811454732,-13.989813544224077,-30.422574716415255,6.177695340948001,-27.28144096872805,-13.989813544224077,-42.70056492090135,8.252929197914497,-29.924183073121007,-13.989813544224077,-43.718952869572625,8.633609812307656,-29.20421567661868,-6.050852636372738,-43.718952869572625,9.360554645516569,3.45437733,1.5507042,1.15145911,3.0,0.0,1.0,3.0,41.862430000000074,9.787245930000001,6.3328686,1.3981779900000002,4.0,0.0,2.0,7.0,100.09489000000019,26.774797130000003,11.743139,1.9124855092857145,8.0,0.0,2.0,12.0,190.93945000000036,47.50451609,13.609657,2.262119813809524,13.0,0.0,2.0,13.0,276.9458700000005,47.82120093,13.609657,1.7079000332142857,14.0,0.0,3.0,18.0,372.61328000000066,4,29,0,0,0,13,0,12,0,0,12,12,12,0
宝兴-2,未知品种,2025-08-08,宝兴-2_白K888,3.四川雅安宝兴,3,7.0,,7.0,V12,0.0,0.0,0.0,0.0,0.0,0.0,0.0,0.0,0.0,0.0,0.0,0.0,0.0,0.0,0.0,0.0,0.0,0.0,12.0,45877,30.40625,102.71875,0.48348513,1.2288349,0.15841223,0.4713376,0.0,1.2899011,0.020651372,0.024870502,0.017457679,297.72308,303.74976,293.59128,0.2682735,298.1472,306.11438,293.30173,81622.21,81848.805,81469.81,230.49944,990.44446,0.0,64.673805,297.78577,0.48348513,1.2288349,0.15841223,1.2899011,0.4713376,0.0,24.573080000000004,30.599760000000003,20.441280000000006,24.99720000000002,32.964380000000006,20.151730000000043,81.62221000000001,81.848805,81.46981,86.68154826968306,73.3677788690574,94.21160807799613,64.673805,24.635770000000036,,230.49944,990.44446,0.0,10.158479999999997,-20.84382920893873,12.812649999999962,0.3789950000000033,1,1,0,1,0,0,0,1,0,2130.0326201547837,111.81062446276728,148.55828163038714,0,1,1,1,14.573080000000004,775.0125300000016,23.95414333333336,24.739250000000027,22.550100000000043,1.2187724884625848,24.29927000000003,25.87444000000005,22.550100000000043,1.1500805450199043,23.63853214285717,25.87444000000005,19.73843000000005,1.5519774496635825,23.187898571428597,25.87444000000005,19.73843000000005,1.459010882993281,23.30761714285717,25.87444000000005,19.73843000000005,1.4476879284182262,88.73314289935308,90.07233247962075,86.68154826968306,1.8041604987920106,86.81655255755399,90.88386485460002,82.32878905763314,3.377549043809236,84.9099882256958,90.88386485460002,72.76454224826402,4.737537097962537,81.97946038973448,90.88386485460002,67.8101452812204,6.23164641242133,81.74344939472827,90.88386485460002,67.8101452812204,6.660485479646332,0.40684748666666665,0.48348513,0.34813976,0.06943128782375006,0.40316213142857144,0.7375132,0.28802642,0.1639316352328858,0.6733257764285715,1.7636213,0.28802642,0.40513177122018645,0.7077733252380952,1.7636213,0.28802642,0.3318764700182165,0.6627557003571428,1.7636213,0.28802642,0.30729532792178493,224.4025966666667,277.66782,165.04053,56.56063328110329,227.44402857142856,314.79565,120.64513,67.49691830134593,262.3586828571428,360.46826,120.64513,73.91978722265888,250.62748857142856,360.46826,120.64513,66.88338403483837,256.43616392857143,360.46826,91.01969,72.39730496777607,65.19399,66.44767,64.460495,1.0909447492077162,66.44459214285715,68.82687,64.460495,1.6347944304119517,71.39942492857143,82.77163,64.460495,5.929252647826404,71.64368780952381,82.77163,64.460495,5.00820205177394,72.5329894642857,82.77163,64.460495,5.003650026352392,,,,,,,,,,,,,,,,,,,,,10.655976666666675,13.017179999999996,8.79227000000003,2.155943720748126,10.529065714285716,13.337739999999997,6.390129999999999,2.453859839374539,11.965183571428573,15.72198000000003,6.390129999999999,2.658433945104954,12.093987142857141,15.72198000000003,6.390129999999999,2.38073302649024,11.777727500000001,15.72198000000003,3.8166800000000194,2.6664240217642923,-19.310721514641134,-16.130173842803387,-20.95816149218129,2.755028237127866,-22.329154811454732,-13.989813544224077,-30.422574716415255,6.177695340948001,-27.28144096872805,-13.989813544224077,-42.70056492090135,8.252929197914497,-29.924183073121007,-13.989813544224077,-43.718952869572625,8.633609812307656,-29.20421567661868,-6.050852636372738,-43.718952869572625,9.360554645516569,3.45437733,1.5507042,1.15145911,3.0,0.0,1.0,3.0,41.862430000000074,9.787245930000001,6.3328686,1.3981779900000002,4.0,0.0,2.0,7.0,100.09489000000019,26.774797130000003,11.743139,1.9124855092857145,8.0,0.0,2.0,12.0,190.93945000000036,47.50451609,13.609657,2.262119813809524,13.0,0.0,2.0,13.0,276.9458700000005,47.82120093,13.609657,1.7079000332142857,14.0,0.0,3.0,18.0,372.61328000000066,4,29,0,0,0,13,0,12,0,0,12,12,12,0
宝兴-2,未知品种,2025-08-08,宝兴-2_郑单958,3.四川雅安宝兴,3,7.0,,9.0,V14,0.0,0.0,0.0,0.0,0.0,0.0,0.0,0.0,0.0,0.0,0.0,0.0,0.0,0.0,0.0,0.0,0.0,0.0,14.0,45877,30.40625,102.71875,0.48348513,1.2288349,0.15841223,0.4713376,0.0,1.2899011,0.020651372,0.024870502,0.017457679,297.72308,303.74976,293.59128,0.2682735,298.1472,306.11438,293.30173,81622.21,81848.805,81469.81,230.49944,990.44446,0.0,64.673805,297.78577,0.48348513,1.2288349,0.15841223,1.2899011,0.4713376,0.0,24.573080000000004,30.599760000000003,20.441280000000006,24.99720000000002,32.964380000000006,20.151730000000043,81.62221000000001,81.848805,81.46981,86.68154826968306,73.3677788690574,94.21160807799613,64.673805,24.635770000000036,,230.49944,990.44446,0.0,10.158479999999997,-20.84382920893873,12.812649999999962,0.3789950000000033,1,1,0,1,0,0,0,1,0,2130.0326201547837,111.81062446276728,148.55828163038714,0,1,1,1,14.573080000000004,775.0125300000016,23.95414333333336,24.739250000000027,22.550100000000043,1.2187724884625848,24.29927000000003,25.87444000000005,22.550100000000043,1.1500805450199043,23.63853214285717,25.87444000000005,19.73843000000005,1.5519774496635825,23.187898571428597,25.87444000000005,19.73843000000005,1.459010882993281,23.30761714285717,25.87444000000005,19.73843000000005,1.4476879284182262,88.73314289935308,90.07233247962075,86.68154826968306,1.8041604987920106,86.81655255755399,90.88386485460002,82.32878905763314,3.377549043809236,84.9099882256958,90.88386485460002,72.76454224826402,4.737537097962537,81.97946038973448,90.88386485460002,67.8101452812204,6.23164641242133,81.74344939472827,90.88386485460002,67.8101452812204,6.660485479646332,0.40684748666666665,0.48348513,0.34813976,0.06943128782375006,0.40316213142857144,0.7375132,0.28802642,0.1639316352328858,0.6733257764285715,1.7636213,0.28802642,0.40513177122018645,0.7077733252380952,1.7636213,0.28802642,0.3318764700182165,0.6627557003571428,1.7636213,0.28802642,0.30729532792178493,224.4025966666667,277.66782,165.04053,56.56063328110329,227.44402857142856,314.79565,120.64513,67.49691830134593,262.3586828571428,360.46826,120.64513,73.91978722265888,250.62748857142856,360.46826,120.64513,66.88338403483837,256.43616392857143,360.46826,91.01969,72.39730496777607,65.19399,66.44767,64.460495,1.0909447492077162,66.44459214285715,68.82687,64.460495,1.6347944304119517,71.39942492857143,82.77163,64.460495,5.929252647826404,71.64368780952381,82.77163,64.460495,5.00820205177394,72.5329894642857,82.77163,64.460495,5.003650026352392,,,,,,,,,,,,,,,,,,,,,10.655976666666675,13.017179999999996,8.79227000000003,2.155943720748126,10.529065714285716,13.337739999999997,6.390129999999999,2.453859839374539,11.965183571428573,15.72198000000003,6.390129999999999,2.658433945104954,12.093987142857141,15.72198000000003,6.390129999999999,2.38073302649024,11.777727500000001,15.72198000000003,3.8166800000000194,2.6664240217642923,-19.310721514641134,-16.130173842803387,-20.95816149218129,2.755028237127866,-22.329154811454732,-13.989813544224077,-30.422574716415255,6.177695340948001,-27.28144096872805,-13.989813544224077,-42.70056492090135,8.252929197914497,-29.924183073121007,-13.989813544224077,-43.718952869572625,8.633609812307656,-29.20421567661868,-6.050852636372738,-43.718952869572625,9.360554645516569,3.45437733,1.5507042,1.15145911,3.0,0.0,1.0,3.0,41.862430000000074,9.787245930000001,6.3328686,1.3981779900000002,4.0,0.0,2.0,7.0,100.09489000000019,26.774797130000003,11.743139,1.9124855092857145,8.0,0.0,2.0,12.0,190.93945000000036,47.50451609,13.609657,2.262119813809524,13.0,0.0,2.0,13.0,276.9458700000005,47.82120093,13.609657,1.7079000332142857,14.0,0.0,3.0,18.0,372.61328000000066,4,29,0,0,0,13,0,12,0,0,12,12,12,0
宝兴-2,未知品种,2025-08-15,宝兴-2_内玉9018,3.四川雅安宝兴,3,7.0,,9.0,V14,0.0,0.0,0.0,0.0,0.0,0.0,0.0,0.0,0.0,0.0,0.0,0.0,0.0,0.0,0.0,0.0,0.0,0.0,14.0,45884,30.40625,102.71875,0.27223942,0.27223942,0.27223942,0.70616144,0.0,1.8749657,0.01865901,0.024478564,0.01520939,296.1063,304.4245,291.21777,0.31224087,296.4634,308.23532,290.35876,81757.96,81899.04,81564.57,326.17828,1055.3715,0.0,75.2732,296.13287,0.27223942,0.27223942,0.27223942,1.8749657,0.70616144,0.0,22.9563,31.274500000000046,18.067769999999996,23.3134,35.085320000000024,17.20876000000004,81.75796000000001,81.89904,81.56457,86.5770780246508,69.53997549300857,95.40346635205442,75.2732,22.982870000000048,,326.17828,1055.3715,0.0,13.20673000000005,-25.863490859045854,17.876559999999984,0.33446999999999605,1,1,0,1,0,0,0,1,0,1987.489376257291,162.32905170244402,232.58438889855032,0,1,1,1,12.956299999999999,859.0531600000018,22.62803333333335,22.9563,22.253100000000018,0.3539150933957317,22.005804285714298,23.16897,20.296170000000018,1.0893179111238591,23.152537142857163,25.87444000000005,20.296170000000018,1.6044586930053597,23.094289523809543,25.87444000000005,19.73843000000005,1.594871849345504,22.892375000000023,25.87444000000005,19.73843000000005,1.4533487184392166,84.18699228216722,86.5770780246508,82.28314648949497,2.1878720195080645,88.06902464827604,95.09219270786517,82.28314648949497,4.60701436799738,87.44278860291502,95.09219270786517,82.28314648949497,3.9349021663604,85.96300036655587,95.09219270786517,72.76454224826402,4.825421696704807,83.50185145436988,95.09219270786517,67.8101452812204,6.379076012911955,0.27223942,0.27223942,0.27223942,0.0,0.2768551857142857,0.30454978,0.27223942,0.012212168190137752,0.3400086585714286,0.7375132,0.27223942,0.12948815341330616,0.541168912857143,1.7636213,0.27223942,0.3786922190728942,0.6000437903571428,1.7636213,0.27223942,0.34311262997698005,261.06161000000003,326.17828,205.98305,60.72310983445526,212.561782,326.17828,108.038864,92.27745406609063,220.00290528571426,326.17828,108.038864,78.05370906041033,245.75971590476192,360.46826,108.038864,81.76081121059765,241.11106192857142,360.46826,108.038864,74.07847489647229,77.75080333333334,79.65915,75.2732,2.2477053221083425,80.34538357142857,90.69267,69.15175,7.223128424976712,73.39498785714285,90.69267,64.460495,8.794180027516184,74.38141114285715,90.69267,64.460495,7.56156115103575,73.81911175,90.69267,64.460495,6.700499385029321,,,,,,,,,,,,,,,,,,,,,11.143866666666687,13.20673000000005,9.074999999999989,2.065871542045499,10.015352857142878,13.729710000000011,5.567980000000034,3.0359090900459837,10.272209285714297,13.729710000000011,5.567980000000034,2.6653428966081374,11.315240000000008,15.72198000000003,5.567980000000034,2.8715579976573595,11.574328571428577,15.72198000000003,5.567980000000034,2.662093589074297,-26.960570647714235,-24.260745458069778,-30.75747562602708,3.384459154110169,-20.262883979755745,-3.570162180228209,-30.75747562602708,10.160743907431668,-21.29601939560524,-3.570162180228209,-30.75747562602708,8.14942651069876,-24.941921972403946,-3.570162180228209,-42.70056492090135,9.31333959609683,-27.508858299779693,-3.570162180228209,-43.718952869572625,9.81357212918645,1.8749656999999964,1.8749657,0.6249885666666655,1.0,0.0,0.0,3.0,37.884100000000046,44.75067990000001,31.941196,6.3929542714285725,4.0,1.0,2.0,7.0,84.04063000000008,54.537925830000006,31.941196,3.895566130714286,8.0,1.0,4.0,14.0,184.13552000000027,71.52547703,31.941196,3.405975096666667,12.0,1.0,4.0,19.0,274.98008000000044,92.25519599,31.941196,3.2948284282142857,17.0,1.0,4.0,20.0,360.9865000000006,1,36,0,0,0,20,0,19,0,0,19,19,19,0
宝兴-2,未知品种,2025-08-15,宝兴-2_白K888,3.四川雅安宝兴,3,7.0,,7.0,V14,0.0,0.0,0.0,0.0,0.0,0.0,0.0,0.0,0.0,0.0,0.0,0.0,0.0,0.0,0.0,0.0,0.0,0.0,14.0,45884,30.40625,102.71875,0.27223942,0.27223942,0.27223942,0.70616144,0.0,1.8749657,0.01865901,0.024478564,0.01520939,296.1063,304.4245,291.21777,0.31224087,296.4634,308.23532,290.35876,81757.96,81899.04,81564.57,326.17828,1055.3715,0.0,75.2732,296.13287,0.27223942,0.27223942,0.27223942,1.8749657,0.70616144,0.0,22.9563,31.274500000000046,18.067769999999996,23.3134,35.085320000000024,17.20876000000004,81.75796000000001,81.89904,81.56457,86.5770780246508,69.53997549300857,95.40346635205442,75.2732,22.982870000000048,,326.17828,1055.3715,0.0,13.20673000000005,-25.863490859045854,17.876559999999984,0.33446999999999605,1,1,0,1,0,0,0,1,0,1987.489376257291,162.32905170244402,232.58438889855032,0,1,1,1,12.956299999999999,859.0531600000018,22.62803333333335,22.9563,22.253100000000018,0.3539150933957317,22.005804285714298,23.16897,20.296170000000018,1.0893179111238591,23.152537142857163,25.87444000000005,20.296170000000018,1.6044586930053597,23.094289523809543,25.87444000000005,19.73843000000005,1.594871849345504,22.892375000000023,25.87444000000005,19.73843000000005,1.4533487184392166,84.18699228216722,86.5770780246508,82.28314648949497,2.1878720195080645,88.06902464827604,95.09219270786517,82.28314648949497,4.60701436799738,87.44278860291502,95.09219270786517,82.28314648949497,3.9349021663604,85.96300036655587,95.09219270786517,72.76454224826402,4.825421696704807,83.50185145436988,95.09219270786517,67.8101452812204,6.379076012911955,0.27223942,0.27223942,0.27223942,0.0,0.2768551857142857,0.30454978,0.27223942,0.012212168190137752,0.3400086585714286,0.7375132,0.27223942,0.12948815341330616,0.541168912857143,1.7636213,0.27223942,0.3786922190728942,0.6000437903571428,1.7636213,0.27223942,0.34311262997698005,261.06161000000003,326.17828,205.98305,60.72310983445526,212.561782,326.17828,108.038864,92.27745406609063,220.00290528571426,326.17828,108.038864,78.05370906041033,245.75971590476192,360.46826,108.038864,81.76081121059765,241.11106192857142,360.46826,108.038864,74.07847489647229,77.75080333333334,79.65915,75.2732,2.2477053221083425,80.34538357142857,90.69267,69.15175,7.223128424976712,73.39498785714285,90.69267,64.460495,8.794180027516184,74.38141114285715,90.69267,64.460495,7.56156115103575,73.81911175,90.69267,64.460495,6.700499385029321,,,,,,,,,,,,,,,,,,,,,11.143866666666687,13.20673000000005,9.074999999999989,2.065871542045499,10.015352857142878,13.729710000000011,5.567980000000034,3.0359090900459837,10.272209285714297,13.729710000000011,5.567980000000034,2.6653428966081374,11.315240000000008,15.72198000000003,5.567980000000034,2.8715579976573595,11.574328571428577,15.72198000000003,5.567980000000034,2.662093589074297,-26.960570647714235,-24.260745458069778,-30.75747562602708,3.384459154110169,-20.262883979755745,-3.570162180228209,-30.75747562602708,10.160743907431668,-21.29601939560524,-3.570162180228209,-30.75747562602708,8.14942651069876,-24.941921972403946,-3.570162180228209,-42.70056492090135,9.31333959609683,-27.508858299779693,-3.570162180228209,-43.718952869572625,9.81357212918645,1.8749656999999964,1.8749657,0.6249885666666655,1.0,0.0,0.0,3.0,37.884100000000046,44.75067990000001,31.941196,6.3929542714285725,4.0,1.0,2.0,7.0,84.04063000000008,54.537925830000006,31.941196,3.895566130714286,8.0,1.0,4.0,14.0,184.13552000000027,71.52547703,31.941196,3.405975096666667,12.0,1.0,4.0,19.0,274.98008000000044,92.25519599,31.941196,3.2948284282142857,17.0,1.0,4.0,20.0,360.9865000000006,1,36,0,0,0,20,0,19,0,0,19,19,19,0
宝兴-2,未知品种,2025-08-15,宝兴-2_郑单958,3.四川雅安宝兴,3,7.0,,9.0,VT,0.0,0.0,0.0,0.0,0.0,0.0,0.0,0.0,0.0,0.0,0.0,0.0,0.0,0.0,0.0,0.0,0.0,0.0,10.0,45884,30.40625,102.71875,0.27223942,0.27223942,0.27223942,0.70616144,0.0,1.8749657,0.01865901,0.024478564,0.01520939,296.1063,304.4245,291.21777,0.31224087,296.4634,308.23532,290.35876,81757.96,81899.04,81564.57,326.17828,1055.3715,0.0,75.2732,296.13287,0.27223942,0.27223942,0.27223942,1.8749657,0.70616144,0.0,22.9563,31.274500000000046,18.067769999999996,23.3134,35.085320000000024,17.20876000000004,81.75796000000001,81.89904,81.56457,86.5770780246508,69.53997549300857,95.40346635205442,75.2732,22.982870000000048,,326.17828,1055.3715,0.0,13.20673000000005,-25.863490859045854,17.876559999999984,0.33446999999999605,1,1,0,1,0,0,0,1,0,1987.489376257291,162.32905170244402,232.58438889855032,0,1,1,1,12.956299999999999,859.0531600000018,22.62803333333335,22.9563,22.253100000000018,0.3539150933957317,22.005804285714298,23.16897,20.296170000000018,1.0893179111238591,23.152537142857163,25.87444000000005,20.296170000000018,1.6044586930053597,23.094289523809543,25.87444000000005,19.73843000000005,1.594871849345504,22.892375000000023,25.87444000000005,19.73843000000005,1.4533487184392166,84.18699228216722,86.5770780246508,82.28314648949497,2.1878720195080645,88.06902464827604,95.09219270786517,82.28314648949497,4.60701436799738,87.44278860291502,95.09219270786517,82.28314648949497,3.9349021663604,85.96300036655587,95.09219270786517,72.76454224826402,4.825421696704807,83.50185145436988,95.09219270786517,67.8101452812204,6.379076012911955,0.27223942,0.27223942,0.27223942,0.0,0.2768551857142857,0.30454978,0.27223942,0.012212168190137752,0.3400086585714286,0.7375132,0.27223942,0.12948815341330616,0.541168912857143,1.7636213,0.27223942,0.3786922190728942,0.6000437903571428,1.7636213,0.27223942,0.34311262997698005,261.06161000000003,326.17828,205.98305,60.72310983445526,212.561782,326.17828,108.038864,92.27745406609063,220.00290528571426,326.17828,108.038864,78.05370906041033,245.75971590476192,360.46826,108.038864,81.76081121059765,241.11106192857142,360.46826,108.038864,74.07847489647229,77.75080333333334,79.65915,75.2732,2.2477053221083425,80.34538357142857,90.69267,69.15175,7.223128424976712,73.39498785714285,90.69267,64.460495,8.794180027516184,74.38141114285715,90.69267,64.460495,7.56156115103575,73.81911175,90.69267,64.460495,6.700499385029321,,,,,,,,,,,,,,,,,,,,,11.143866666666687,13.20673000000005,9.074999999999989,2.065871542045499,10.015352857142878,13.729710000000011,5.567980000000034,3.0359090900459837,10.272209285714297,13.729710000000011,5.567980000000034,2.6653428966081374,11.315240000000008,15.72198000000003,5.567980000000034,2.8715579976573595,11.574328571428577,15.72198000000003,5.567980000000034,2.662093589074297,-26.960570647714235,-24.260745458069778,-30.75747562602708,3.384459154110169,-20.262883979755745,-3.570162180228209,-30.75747562602708,10.160743907431668,-21.29601939560524,-3.570162180228209,-30.75747562602708,8.14942651069876,-24.941921972403946,-3.570162180228209,-42.70056492090135,9.31333959609683,-27.508858299779693,-3.570162180228209,-43.718952869572625,9.81357212918645,1.8749656999999964,1.8749657,0.6249885666666655,1.0,0.0,0.0,3.0,37.884100000000046,44.75067990000001,31.941196,6.3929542714285725,4.0,1.0,2.0,7.0,84.04063000000008,54.537925830000006,31.941196,3.895566130714286,8.0,1.0,4.0,14.0,184.13552000000027,71.52547703,31.941196,3.405975096666667,12.0,1.0,4.0,19.0,274.98008000000044,92.25519599,31.941196,3.2948284282142857,17.0,1.0,4.0,20.0,360.9865000000006,1,36,0,0,0,20,0,19,0,0,19,19,19,0
宝兴-2,未知品种,2025-08-25,宝兴-2_内玉9018,3.四川雅安宝兴,3,7.0,,9.0,VT,10.0,1.1111111111111112,0.0,0.0,0.0,0.0,0.0,10.0,0.0,1.1111111111111112,0.0,0.0,0.0,0.0,0.0,0.0,0.0,0.0,10.0,45894,30.40625,102.71875,0.78285545,1.5600611,0.1335864,4.5860233,0.0,8.452878,0.015687577,0.018131694,0.014459172,293.95844,298.52338,291.4189,0.34790686,294.60727,299.4647,291.13174,84828.08,84929.67,84757.01,151.20541,603.5485,0.0,83.871346,294.57236,0.78285545,1.5600611,0.1335864,8.452878,4.5860233,0.0,20.80844000000002,25.373379999999997,18.26890000000003,21.45727000000005,26.314700000000016,17.981740000000002,84.82808,84.92967,84.75701,86.2669881575337,75.6095593044012,93.10587342035689,83.871346,21.422360000000026,,151.20541,603.5485,0.0,7.104479999999967,-17.496314115955684,8.332960000000014,0.17266000000000759,1,1,0,1,0,0,0,1,0,1795.0814470567523,729.2043263230772,97.71360437037988,0,1,1,1,10.808440000000019,973.335320000002,20.977946666666696,21.203900000000033,20.80844000000002,0.20368314248684774,21.22253714285717,22.141560000000027,20.52618000000001,0.5699890648575544,21.71723428571431,22.9563,20.52618000000001,0.752342727809571,22.193317142857165,25.87444000000005,20.296170000000018,1.4628991256513295,22.644567500000022,25.87444000000005,20.296170000000018,1.549526820143943,82.52070804965838,86.2669881575337,80.02164444844246,3.3042005496087206,82.75964776009573,89.07585870226696,77.4845989961362,4.208188422543732,84.85612622408243,90.8796661026216,77.4845989961362,4.15107572650932,86.3325734023782,95.09219270786517,77.4845989961362,4.572594412140667,86.0859080345458,95.09219270786517,77.4845989961362,4.22313686168017,0.7049538833333333,0.78285545,0.5650426,0.12142698681549698,0.6498320942857143,0.84908813,0.27223942,0.21239419881279442,0.46103575714285716,0.84908813,0.27223942,0.24332386948512819,0.419623719047619,0.84908813,0.27223942,0.20950288723070004,0.48965223,1.1082168,0.27223942,0.26136945181645077,183.80143666666672,216.27112,151.20541,32.5330389977552,186.60524857142858,230.17647,120.42692,38.97130947894682,223.21239857142857,326.17828,120.42692,57.75634854395311,213.96354447619046,326.17828,108.038864,65.69409070268918,226.50776085714284,352.47195,108.038864,70.77300337702528,83.89260533333334,84.61567,83.1908,0.7126728552901214,85.25890314285714,87.621956,83.1908,1.5656645046854631,82.31211114285715,89.705864,73.46094,4.874257229675082,79.07568004761904,90.69267,64.460495,8.712690505729768,77.37998449999999,90.69267,64.460495,8.384792135702016,,,,,,,,,,,,,,,,,,,,,9.112126666666654,10.80104,7.104479999999967,1.8687782537619069,9.539855714285718,11.891520000000014,7.104479999999967,1.827535364234747,10.278933571428578,13.729710000000011,7.104479999999967,2.039772841348201,10.102709523809532,13.729710000000011,5.567980000000034,2.2979830095639806,10.582167500000008,15.72198000000003,5.567980000000034,2.586557747789344,-25.294266174117528,-17.496314115955684,-30.123699075420703,6.8170222397399005,-27.08509938516421,-17.496314115955684,-31.2874197561057,4.586443075147879,-25.268079516005283,-10.544650805155499,-31.2874197561057,5.775555296174565,-22.579545341935976,-3.570162180228209,-31.2874197561057,7.681839159672208,-23.71849744623143,-3.570162180228209,-35.80576634199362,7.631362293770314,12.675298999999995,8.452878,4.225099666666665,2.0,0.0,0.0,3.0,32.93384000000009,31.8565175,12.606411,4.550931071428571,5.0,0.0,0.0,5.0,78.5577600000002,62.4285651,15.92465,4.459183221428572,10.0,0.0,1.0,12.0,164.0412800000003,114.82525003,31.941196,5.46786904904762,16.0,1.0,4.0,19.0,256.05966000000046,127.73671372999999,31.941196,4.562025490357143,18.0,1.0,5.0,26.0,354.0478900000006,1,46,0,0,0,30,0,3,0,0,3,3,3,0
宝兴-2,未知品种,2025-08-25,宝兴-2_白K888,3.四川雅安宝兴,3,7.0,,7.0,VT,0.0,0.0,0.0,0.0,0.0,0.0,0.0,0.0,0.0,0.0,0.0,0.0,0.0,0.0,0.0,0.0,0.0,0.0,10.0,45894,30.40625,102.71875,0.78285545,1.5600611,0.1335864,4.5860233,0.0,8.452878,0.015687577,0.018131694,0.014459172,293.95844,298.52338,291.4189,0.34790686,294.60727,299.4647,291.13174,84828.08,84929.67,84757.01,151.20541,603.5485,0.0,83.871346,294.57236,0.78285545,1.5600611,0.1335864,8.452878,4.5860233,0.0,20.80844000000002,25.373379999999997,18.26890000000003,21.45727000000005,26.314700000000016,17.981740000000002,84.82808,84.92967,84.75701,86.2669881575337,75.6095593044012,93.10587342035689,83.871346,21.422360000000026,,151.20541,603.5485,0.0,7.104479999999967,-17.496314115955684,8.332960000000014,0.17266000000000759,1,1,0,1,0,0,0,1,0,1795.0814470567523,729.2043263230772,97.71360437037988,0,1,1,1,10.808440000000019,973.335320000002,20.977946666666696,21.203900000000033,20.80844000000002,0.20368314248684774,21.22253714285717,22.141560000000027,20.52618000000001,0.5699890648575544,21.71723428571431,22.9563,20.52618000000001,0.752342727809571,22.193317142857165,25.87444000000005,20.296170000000018,1.4628991256513295,22.644567500000022,25.87444000000005,20.296170000000018,1.549526820143943,82.52070804965838,86.2669881575337,80.02164444844246,3.3042005496087206,82.75964776009573,89.07585870226696,77.4845989961362,4.208188422543732,84.85612622408243,90.8796661026216,77.4845989961362,4.15107572650932,86.3325734023782,95.09219270786517,77.4845989961362,4.572594412140667,86.0859080345458,95.09219270786517,77.4845989961362,4.22313686168017,0.7049538833333333,0.78285545,0.5650426,0.12142698681549698,0.6498320942857143,0.84908813,0.27223942,0.21239419881279442,0.46103575714285716,0.84908813,0.27223942,0.24332386948512819,0.419623719047619,0.84908813,0.27223942,0.20950288723070004,0.48965223,1.1082168,0.27223942,0.26136945181645077,183.80143666666672,216.27112,151.20541,32.5330389977552,186.60524857142858,230.17647,120.42692,38.97130947894682,223.21239857142857,326.17828,120.42692,57.75634854395311,213.96354447619046,326.17828,108.038864,65.69409070268918,226.50776085714284,352.47195,108.038864,70.77300337702528,83.89260533333334,84.61567,83.1908,0.7126728552901214,85.25890314285714,87.621956,83.1908,1.5656645046854631,82.31211114285715,89.705864,73.46094,4.874257229675082,79.07568004761904,90.69267,64.460495,8.712690505729768,77.37998449999999,90.69267,64.460495,8.384792135702016,,,,,,,,,,,,,,,,,,,,,9.112126666666654,10.80104,7.104479999999967,1.8687782537619069,9.539855714285718,11.891520000000014,7.104479999999967,1.827535364234747,10.278933571428578,13.729710000000011,7.104479999999967,2.039772841348201,10.102709523809532,13.729710000000011,5.567980000000034,2.2979830095639806,10.582167500000008,15.72198000000003,5.567980000000034,2.586557747789344,-25.294266174117528,-17.496314115955684,-30.123699075420703,6.8170222397399005,-27.08509938516421,-17.496314115955684,-31.2874197561057,4.586443075147879,-25.268079516005283,-10.544650805155499,-31.2874197561057,5.775555296174565,-22.579545341935976,-3.570162180228209,-31.2874197561057,7.681839159672208,-23.71849744623143,-3.570162180228209,-35.80576634199362,7.631362293770314,12.675298999999995,8.452878,4.225099666666665,2.0,0.0,0.0,3.0,32.93384000000009,31.8565175,12.606411,4.550931071428571,5.0,0.0,0.0,5.0,78.5577600000002,62.4285651,15.92465,4.459183221428572,10.0,0.0,1.0,12.0,164.0412800000003,114.82525003,31.941196,5.46786904904762,16.0,1.0,4.0,19.0,256.05966000000046,127.73671372999999,31.941196,4.562025490357143,18.0,1.0,5.0,26.0,354.0478900000006,1,46,0,0,0,30,0,3,0,0,3,3,3,0
宝兴-2,未知品种,2025-08-25,宝兴-2_郑单958,3.四川雅安宝兴,3,7.0,,9.0,R1,0.0,0.0,0.0,0.0,0.0,0.0,0.0,0.0,0.0,0.0,0.0,0.0,0.0,0.0,0.0,0.0,0.0,0.0,21.0,45894,30.40625,102.71875,0.78285545,1.5600611,0.1335864,4.5860233,0.0,8.452878,0.015687577,0.018131694,0.014459172,293.95844,298.52338,291.4189,0.34790686,294.60727,299.4647,291.13174,84828.08,84929.67,84757.01,151.20541,603.5485,0.0,83.871346,294.57236,0.78285545,1.5600611,0.1335864,8.452878,4.5860233,0.0,20.80844000000002,25.373379999999997,18.26890000000003,21.45727000000005,26.314700000000016,17.981740000000002,84.82808,84.92967,84.75701,86.2669881575337,75.6095593044012,93.10587342035689,83.871346,21.422360000000026,,151.20541,603.5485,0.0,7.104479999999967,-17.496314115955684,8.332960000000014,0.17266000000000759,1,1,0,1,0,0,0,1,0,1795.0814470567523,729.2043263230772,97.71360437037988,0,1,1,1,10.808440000000019,973.335320000002,20.977946666666696,21.203900000000033,20.80844000000002,0.20368314248684774,21.22253714285717,22.141560000000027,20.52618000000001,0.5699890648575544,21.71723428571431,22.9563,20.52618000000001,0.752342727809571,22.193317142857165,25.87444000000005,20.296170000000018,1.4628991256513295,22.644567500000022,25.87444000000005,20.296170000000018,1.549526820143943,82.52070804965838,86.2669881575337,80.02164444844246,3.3042005496087206,82.75964776009573,89.07585870226696,77.4845989961362,4.208188422543732,84.85612622408243,90.8796661026216,77.4845989961362,4.15107572650932,86.3325734023782,95.09219270786517,77.4845989961362,4.572594412140667,86.0859080345458,95.09219270786517,77.4845989961362,4.22313686168017,0.7049538833333333,0.78285545,0.5650426,0.12142698681549698,0.6498320942857143,0.84908813,0.27223942,0.21239419881279442,0.46103575714285716,0.84908813,0.27223942,0.24332386948512819,0.419623719047619,0.84908813,0.27223942,0.20950288723070004,0.48965223,1.1082168,0.27223942,0.26136945181645077,183.80143666666672,216.27112,151.20541,32.5330389977552,186.60524857142858,230.17647,120.42692,38.97130947894682,223.21239857142857,326.17828,120.42692,57.75634854395311,213.96354447619046,326.17828,108.038864,65.69409070268918,226.50776085714284,352.47195,108.038864,70.77300337702528,83.89260533333334,84.61567,83.1908,0.7126728552901214,85.25890314285714,87.621956,83.1908,1.5656645046854631,82.31211114285715,89.705864,73.46094,4.874257229675082,79.07568004761904,90.69267,64.460495,8.712690505729768,77.37998449999999,90.69267,64.460495,8.384792135702016,,,,,,,,,,,,,,,,,,,,,9.112126666666654,10.80104,7.104479999999967,1.8687782537619069,9.539855714285718,11.891520000000014,7.104479999999967,1.827535364234747,10.278933571428578,13.729710000000011,7.104479999999967,2.039772841348201,10.102709523809532,13.729710000000011,5.567980000000034,2.2979830095639806,10.582167500000008,15.72198000000003,5.567980000000034,2.586557747789344,-25.294266174117528,-17.496314115955684,-30.123699075420703,6.8170222397399005,-27.08509938516421,-17.496314115955684,-31.2874197561057,4.586443075147879,-25.268079516005283,-10.544650805155499,-31.2874197561057,5.775555296174565,-22.579545341935976,-3.570162180228209,-31.2874197561057,7.681839159672208,-23.71849744623143,-3.570162180228209,-35.80576634199362,7.631362293770314,12.675298999999995,8.452878,4.225099666666665,2.0,0.0,0.0,3.0,32.93384000000009,31.8565175,12.606411,4.550931071428571,5.0,0.0,0.0,5.0,78.5577600000002,62.4285651,15.92465,4.459183221428572,10.0,0.0,1.0,12.0,164.0412800000003,114.82525003,31.941196,5.46786904904762,16.0,1.0,4.0,19.0,256.05966000000046,127.73671372999999,31.941196,4.562025490357143,18.0,1.0,5.0,26.0,354.0478900000006,1,46,0,0,0,30,0,3,0,0,3,3,3,0
宝兴-2,未知品种,2025-09-04,宝兴-2_内玉9018,3.四川雅安宝兴,3,7.0,,9.0,R1,50.0,5.555555555555555,0.0,0.0,0.0,0.0,10.0,40.0,1.1111111111111112,4.444444444444445,0.0,0.0,0.0,0.0,0.0,0.0,0.0,0.0,21.0,45904,30.40625,102.71875,0.74036086,1.9420415,0.060731906,0.25225216,0.0,0.25225216,0.015085245,0.018128853,0.014060771,294.1009,300.53336,290.69333,0.35036084,294.41043,301.77325,290.45435,84491.16,84643.44,84261.95,168.30846,633.87524,0.0,84.46294,294.0962,0.74036086,1.9420415,0.060731906,0.25225216,0.25225216,0.0,20.950900000000047,27.38336000000004,17.543330000000026,21.260430000000042,28.62325000000004,17.30435,84.49116000000001,84.64344,84.26195,81.93354473695008,66.90755011924864,94.24192295671503,84.46294,20.946200000000033,,168.30846,633.87524,0.0,9.840030000000013,-27.33437283746639,11.318900000000042,0.38148999999999944,1,1,0,1,0,0,0,1,0,1716.5815024293713,20.667913636352292,97.49804951286056,0,1,1,1,10.950900000000047,1058.0307200000022,19.968460000000032,20.950900000000047,19.41332,0.8532157005119014,18.28543428571431,20.950900000000047,15.785400000000038,1.939098606215992,19.197901428571452,21.203900000000033,15.785400000000038,1.898665440703279,20.092088571428594,22.9563,15.785400000000038,2.0534702737908925,20.628259642857163,24.573080000000004,15.785400000000038,2.1162229858484176,83.55489891078751,85.04910974895941,81.93354473695008,1.5616691092761754,85.67781365028041,93.86602858252245,79.6878783257371,4.887626960514069,86.37853061754068,97.1416739008279,79.6878783257371,5.981534003802766,86.5028330835313,97.1416739008279,77.4845989961362,5.4103650583382565,86.8981120548972,97.1416739008279,77.4845989961362,5.1840593829277335,0.6801632033333332,0.74036086,0.60603565,0.06823743126938556,0.5925679085714286,0.74036086,0.47325635,0.09977897992335857,0.633289105,0.81395686,0.47325635,0.11656580317053322,0.5511910142857143,0.84908813,0.27223942,0.1938517706982629,0.4901515467857143,0.84908813,0.27223942,0.2020023157596902,159.7113666666667,179.41292,131.41272,25.128416391538856,164.18312142857144,283.03036,84.72739,63.87423615159562,159.69235857142857,283.03036,73.48264,56.2738445052933,181.68231952380953,326.17828,73.48264,65.79528414701076,185.98508371428574,326.17828,73.48264,68.13156954109883,85.23008333333334,85.789474,84.46294,0.6872364885337489,88.70778714285714,96.0766,84.46294,4.391201535590359,88.878645,100.69438,83.1908,5.425592000007634,86.59061904761904,100.69438,73.46094,6.563588555005432,84.65076035714286,100.69438,64.673805,7.922245936526125,,,,,,,,,,,,,,,,,,,,,8.388073333333333,9.840030000000013,7.518070000000023,1.2656527256847994,8.172272857142868,12.03343000000001,3.529679999999985,3.2202381013092687,7.811397857142858,12.03343000000001,3.1748000000000047,2.880908864158571,8.691168571428577,13.20673000000005,3.1748000000000047,2.90196861571122,8.91334857142858,13.729710000000011,3.1748000000000047,2.830937982583676,-25.11992641305197,-20.37916111363637,-27.64624528805315,4.108583432822795,-23.311641473067475,-7.9843977949712865,-35.94235652647359,9.899151637084406,-22.114021457100893,-0.6373115613402689,-35.94235652647359,9.989303701503681,-22.640654090900927,-0.6373115613402689,-35.94235652647359,8.887904247048093,-21.866937932753665,-0.6373115613402689,-35.94235652647359,9.057425333058886,0.80569226,0.5534401,0.2685640866666667,2.0,0.0,0.0,1.0,29.905380000000093,9.94873226,7.691068,1.4212474657142857,4.0,0.0,2.0,1.0,57.998040000000174,145.45669026,66.72352,10.38976359,9.0,2.0,4.0,5.0,128.77062000000035,194.94368115999998,66.72352,9.283032436190476,16.0,2.0,5.0,11.0,211.9338600000005,239.10929645999997,66.72352,8.539617730714285,20.0,3.0,7.0,18.0,297.5912700000006,1,56,0,0,0,1,0,3,0,0,1,3,1,0
宝兴-2,未知品种,2025-09-04,宝兴-2_白K888,3.四川雅安宝兴,3,7.0,,7.0,R1,22.5,2.5,0.0,0.0,0.0,0.0,0.0,22.5,0.0,2.5,0.0,0.0,0.0,0.0,0.0,0.0,0.0,0.0,21.0,45904,30.40625,102.71875,0.74036086,1.9420415,0.060731906,0.25225216,0.0,0.25225216,0.015085245,0.018128853,0.014060771,294.1009,300.53336,290.69333,0.35036084,294.41043,301.77325,290.45435,84491.16,84643.44,84261.95,168.30846,633.87524,0.0,84.46294,294.0962,0.74036086,1.9420415,0.060731906,0.25225216,0.25225216,0.0,20.950900000000047,27.38336000000004,17.543330000000026,21.260430000000042,28.62325000000004,17.30435,84.49116000000001,84.64344,84.26195,81.93354473695008,66.90755011924864,94.24192295671503,84.46294,20.946200000000033,,168.30846,633.87524,0.0,9.840030000000013,-27.33437283746639,11.318900000000042,0.38148999999999944,1,1,0,1,0,0,0,1,0,1716.5815024293713,20.667913636352292,97.49804951286056,0,1,1,1,10.950900000000047,1058.0307200000022,19.968460000000032,20.950900000000047,19.41332,0.8532157005119014,18.28543428571431,20.950900000000047,15.785400000000038,1.939098606215992,19.197901428571452,21.203900000000033,15.785400000000038,1.898665440703279,20.092088571428594,22.9563,15.785400000000038,2.0534702737908925,20.628259642857163,24.573080000000004,15.785400000000038,2.1162229858484176,83.55489891078751,85.04910974895941,81.93354473695008,1.5616691092761754,85.67781365028041,93.86602858252245,79.6878783257371,4.887626960514069,86.37853061754068,97.1416739008279,79.6878783257371,5.981534003802766,86.5028330835313,97.1416739008279,77.4845989961362,5.4103650583382565,86.8981120548972,97.1416739008279,77.4845989961362,5.1840593829277335,0.6801632033333332,0.74036086,0.60603565,0.06823743126938556,0.5925679085714286,0.74036086,0.47325635,0.09977897992335857,0.633289105,0.81395686,0.47325635,0.11656580317053322,0.5511910142857143,0.84908813,0.27223942,0.1938517706982629,0.4901515467857143,0.84908813,0.27223942,0.2020023157596902,159.7113666666667,179.41292,131.41272,25.128416391538856,164.18312142857144,283.03036,84.72739,63.87423615159562,159.69235857142857,283.03036,73.48264,56.2738445052933,181.68231952380953,326.17828,73.48264,65.79528414701076,185.98508371428574,326.17828,73.48264,68.13156954109883,85.23008333333334,85.789474,84.46294,0.6872364885337489,88.70778714285714,96.0766,84.46294,4.391201535590359,88.878645,100.69438,83.1908,5.425592000007634,86.59061904761904,100.69438,73.46094,6.563588555005432,84.65076035714286,100.69438,64.673805,7.922245936526125,,,,,,,,,,,,,,,,,,,,,8.388073333333333,9.840030000000013,7.518070000000023,1.2656527256847994,8.172272857142868,12.03343000000001,3.529679999999985,3.2202381013092687,7.811397857142858,12.03343000000001,3.1748000000000047,2.880908864158571,8.691168571428577,13.20673000000005,3.1748000000000047,2.90196861571122,8.91334857142858,13.729710000000011,3.1748000000000047,2.830937982583676,-25.11992641305197,-20.37916111363637,-27.64624528805315,4.108583432822795,-23.311641473067475,-7.9843977949712865,-35.94235652647359,9.899151637084406,-22.114021457100893,-0.6373115613402689,-35.94235652647359,9.989303701503681,-22.640654090900927,-0.6373115613402689,-35.94235652647359,8.887904247048093,-21.866937932753665,-0.6373115613402689,-35.94235652647359,9.057425333058886,0.80569226,0.5534401,0.2685640866666667,2.0,0.0,0.0,1.0,29.905380000000093,9.94873226,7.691068,1.4212474657142857,4.0,0.0,2.0,1.0,57.998040000000174,145.45669026,66.72352,10.38976359,9.0,2.0,4.0,5.0,128.77062000000035,194.94368115999998,66.72352,9.283032436190476,16.0,2.0,5.0,11.0,211.9338600000005,239.10929645999997,66.72352,8.539617730714285,20.0,3.0,7.0,18.0,297.5912700000006,1,56,0,0,0,1,0,3,0,0,1,3,1,0
宝兴-2,未知品种,2025-09-04,宝兴-2_郑单958,3.四川雅安宝兴,3,7.0,,9.0,R2,70.0,7.777777777777778,0.0,0.0,95.0,10.555555555555555,0.0,70.0,0.0,7.777777777777778,0.0,0.0,0.0,0.0,0.0,95.0,0.0,10.555555555555555,22.0,45904,30.40625,102.71875,0.74036086,1.9420415,0.060731906,0.25225216,0.0,0.25225216,0.015085245,0.018128853,0.014060771,294.1009,300.53336,290.69333,0.35036084,294.41043,301.77325,290.45435,84491.16,84643.44,84261.95,168.30846,633.87524,0.0,84.46294,294.0962,0.74036086,1.9420415,0.060731906,0.25225216,0.25225216,0.0,20.950900000000047,27.38336000000004,17.543330000000026,21.260430000000042,28.62325000000004,17.30435,84.49116000000001,84.64344,84.26195,81.93354473695008,66.90755011924864,94.24192295671503,84.46294,20.946200000000033,,168.30846,633.87524,0.0,9.840030000000013,-27.33437283746639,11.318900000000042,0.38148999999999944,1,1,0,1,0,0,0,1,0,1716.5815024293713,20.667913636352292,97.49804951286056,0,1,1,1,10.950900000000047,1058.0307200000022,19.968460000000032,20.950900000000047,19.41332,0.8532157005119014,18.28543428571431,20.950900000000047,15.785400000000038,1.939098606215992,19.197901428571452,21.203900000000033,15.785400000000038,1.898665440703279,20.092088571428594,22.9563,15.785400000000038,2.0534702737908925,20.628259642857163,24.573080000000004,15.785400000000038,2.1162229858484176,83.55489891078751,85.04910974895941,81.93354473695008,1.5616691092761754,85.67781365028041,93.86602858252245,79.6878783257371,4.887626960514069,86.37853061754068,97.1416739008279,79.6878783257371,5.981534003802766,86.5028330835313,97.1416739008279,77.4845989961362,5.4103650583382565,86.8981120548972,97.1416739008279,77.4845989961362,5.1840593829277335,0.6801632033333332,0.74036086,0.60603565,0.06823743126938556,0.5925679085714286,0.74036086,0.47325635,0.09977897992335857,0.633289105,0.81395686,0.47325635,0.11656580317053322,0.5511910142857143,0.84908813,0.27223942,0.1938517706982629,0.4901515467857143,0.84908813,0.27223942,0.2020023157596902,159.7113666666667,179.41292,131.41272,25.128416391538856,164.18312142857144,283.03036,84.72739,63.87423615159562,159.69235857142857,283.03036,73.48264,56.2738445052933,181.68231952380953,326.17828,73.48264,65.79528414701076,185.98508371428574,326.17828,73.48264,68.13156954109883,85.23008333333334,85.789474,84.46294,0.6872364885337489,88.70778714285714,96.0766,84.46294,4.391201535590359,88.878645,100.69438,83.1908,5.425592000007634,86.59061904761904,100.69438,73.46094,6.563588555005432,84.65076035714286,100.69438,64.673805,7.922245936526125,,,,,,,,,,,,,,,,,,,,,8.388073333333333,9.840030000000013,7.518070000000023,1.2656527256847994,8.172272857142868,12.03343000000001,3.529679999999985,3.2202381013092687,7.811397857142858,12.03343000000001,3.1748000000000047,2.880908864158571,8.691168571428577,13.20673000000005,3.1748000000000047,2.90196861571122,8.91334857142858,13.729710000000011,3.1748000000000047,2.830937982583676,-25.11992641305197,-20.37916111363637,-27.64624528805315,4.108583432822795,-23.311641473067475,-7.9843977949712865,-35.94235652647359,9.899151637084406,-22.114021457100893,-0.6373115613402689,-35.94235652647359,9.989303701503681,-22.640654090900927,-0.6373115613402689,-35.94235652647359,8.887904247048093,-21.866937932753665,-0.6373115613402689,-35.94235652647359,9.057425333058886,0.80569226,0.5534401,0.2685640866666667,2.0,0.0,0.0,1.0,29.905380000000093,9.94873226,7.691068,1.4212474657142857,4.0,0.0,2.0,1.0,57.998040000000174,145.45669026,66.72352,10.38976359,9.0,2.0,4.0,5.0,128.77062000000035,194.94368115999998,66.72352,9.283032436190476,16.0,2.0,5.0,11.0,211.9338600000005,239.10929645999997,66.72352,8.539617730714285,20.0,3.0,7.0,18.0,297.5912700000006,1,56,0,0,0,1,0,3,0,0,1,3,1,0
宝兴-2,未知品种,2025-09-11,宝兴-2_内玉9018,3.四川雅安宝兴,3,7.0,,9.0,R2,70.0,18.88888888888889,0.0,0.0,30.0,3.3333333333333335,50.0,20.0,5.555555555555555,13.333333333333334,0.0,0.0,0.0,0.0,0.0,30.0,0.0,3.3333333333333335,22.0,45911,30.40625,102.71875,0.81344616,2.9842322,0.15179846,2.6860366,0.0,4.8181176,0.014534159,0.01597131,0.013560251,292.73782,298.45538,289.79355,0.37081486,293.15472,299.80133,289.44803,84697.35,84880.97,83883.49,162.15746,627.68134,0.0,89.393875,292.9229,0.81344616,2.9842322,0.15179846,4.8181176,2.6860366,0.0,19.587820000000022,25.305380000000014,16.643550000000005,20.00472000000002,26.65133000000003,16.29803000000004,84.69735,84.88097,83.88349000000001,86.12150611338981,66.91942462504684,95.81589741326275,89.393875,19.77290000000005,,162.15746,627.68134,0.0,8.661830000000009,-28.896472788215902,10.35329999999999,0.9974799999999959,1,1,0,1,0,0,0,0,0,1686.9325598779812,414.94354434343103,94.2819729116709,0,0,1,0,9.587820000000022,1115.7546100000025,18.553306666666703,19.587820000000022,17.67530000000005,0.965817757205415,18.24627000000003,19.587820000000022,17.67530000000005,0.6479057409584023,18.26585214285717,20.950900000000047,15.785400000000038,1.3890971048528478,18.88069095238098,21.203900000000033,15.785400000000038,1.6372069423255653,19.630633928571456,22.9563,15.785400000000038,1.9695881026871918,89.01203629929337,94.64543033128756,86.12150611338981,4.87922100101635,86.87075718365558,94.64543033128756,80.1462292501111,4.810574747739395,86.27428541696801,94.64543033128756,79.6878783257371,4.699951392635473,86.54260613957898,97.1416739008279,79.6878783257371,5.500473554863786,86.59481410856237,97.1416739008279,77.4845989961362,5.181882470987367,0.61463949,0.81344616,0.47147796,0.17764528886808334,0.6128248928571428,0.81344616,0.47147796,0.11060795425531578,0.6026964007142857,0.81344616,0.47147796,0.10174477692804246,0.626467700952381,0.81395686,0.47147796,0.1122492019114528,0.5665994839285714,0.84908813,0.27223942,0.17689903544426872,127.11102333333336,162.15746,84.40817,39.4360692895002,146.37303,193.87585,84.40817,42.58747805386479,155.27807571428573,283.03036,84.40817,52.967236414496725,155.25258238095236,283.03036,73.48264,51.41874168642736,172.85499714285714,326.17828,73.48264,62.06566539253799,90.00042833333333,93.12068,87.48673,2.865532823099695,89.2209007142857,93.12068,86.817,2.0813912202552576,88.96434392857144,96.0766,84.46294,3.312105319392164,88.99273023809523,100.69438,83.1908,4.523391516178855,87.24818946428572,100.69438,73.46094,5.84975002473199,,,,,,,,,,,,,,,,,,,,,7.662789999999991,9.84200999999996,4.484530000000007,2.8149971010286863,9.049330000000007,13.044130000000052,4.484530000000007,2.6944721186471283,8.610801428571436,13.044130000000052,3.529679999999985,2.888611362883989,8.224041904761908,13.044130000000052,3.1748000000000047,2.816095711238564,8.780708928571434,13.20673000000005,3.1748000000000047,2.806493692659201,-19.327123109004035,-4.5899200068569,-28.896472788215902,12.951145075975138,-24.932445688087633,-4.5899200068569,-38.89664274564315,11.469228683972185,-24.122043580577554,-4.5899200068569,-38.89664274564315,10.327010813684526,-23.05349620076314,-0.6373115613402689,-38.89664274564315,10.304245306450179,-23.213601990197606,-0.6373115613402689,-38.89664274564315,9.421666712918057,27.4527836,13.034767,9.150927866666667,3.0,0.0,1.0,0.0,25.659920000000113,54.6905129,21.73123,7.812930414285715,5.0,0.0,2.0,0.0,57.72389000000021,64.63924516,21.73123,4.61708894,9.0,0.0,4.0,1.0,115.72193000000038,200.14720316,66.72352,9.530819198095239,14.0,2.0,6.0,5.0,186.49451000000056,249.63419406,66.72352,8.915506930714285,21.0,2.0,7.0,11.0,269.6577500000007,3,63,0,0,0,0,0,10,0,0,0,10,0,0
宝兴-2,未知品种,2025-09-11,宝兴-2_白K888,3.四川雅安宝兴,3,7.0,,7.0,R2,42.5,6.944444444444445,0.0,0.0,0.0,0.0,22.5,20.0,2.5,4.444444444444445,0.0,0.0,0.0,0.0,0.0,0.0,0.0,0.0,22.0,45911,30.40625,102.71875,0.81344616,2.9842322,0.15179846,2.6860366,0.0,4.8181176,0.014534159,0.01597131,0.013560251,292.73782,298.45538,289.79355,0.37081486,293.15472,299.80133,289.44803,84697.35,84880.97,83883.49,162.15746,627.68134,0.0,89.393875,292.9229,0.81344616,2.9842322,0.15179846,4.8181176,2.6860366,0.0,19.587820000000022,25.305380000000014,16.643550000000005,20.00472000000002,26.65133000000003,16.29803000000004,84.69735,84.88097,83.88349000000001,86.12150611338981,66.91942462504684,95.81589741326275,89.393875,19.77290000000005,,162.15746,627.68134,0.0,8.661830000000009,-28.896472788215902,10.35329999999999,0.9974799999999959,1,1,0,1,0,0,0,0,0,1686.9325598779812,414.94354434343103,94.2819729116709,0,0,1,0,9.587820000000022,1115.7546100000025,18.553306666666703,19.587820000000022,17.67530000000005,0.965817757205415,18.24627000000003,19.587820000000022,17.67530000000005,0.6479057409584023,18.26585214285717,20.950900000000047,15.785400000000038,1.3890971048528478,18.88069095238098,21.203900000000033,15.785400000000038,1.6372069423255653,19.630633928571456,22.9563,15.785400000000038,1.9695881026871918,89.01203629929337,94.64543033128756,86.12150611338981,4.87922100101635,86.87075718365558,94.64543033128756,80.1462292501111,4.810574747739395,86.27428541696801,94.64543033128756,79.6878783257371,4.699951392635473,86.54260613957898,97.1416739008279,79.6878783257371,5.500473554863786,86.59481410856237,97.1416739008279,77.4845989961362,5.181882470987367,0.61463949,0.81344616,0.47147796,0.17764528886808334,0.6128248928571428,0.81344616,0.47147796,0.11060795425531578,0.6026964007142857,0.81344616,0.47147796,0.10174477692804246,0.626467700952381,0.81395686,0.47147796,0.1122492019114528,0.5665994839285714,0.84908813,0.27223942,0.17689903544426872,127.11102333333336,162.15746,84.40817,39.4360692895002,146.37303,193.87585,84.40817,42.58747805386479,155.27807571428573,283.03036,84.40817,52.967236414496725,155.25258238095236,283.03036,73.48264,51.41874168642736,172.85499714285714,326.17828,73.48264,62.06566539253799,90.00042833333333,93.12068,87.48673,2.865532823099695,89.2209007142857,93.12068,86.817,2.0813912202552576,88.96434392857144,96.0766,84.46294,3.312105319392164,88.99273023809523,100.69438,83.1908,4.523391516178855,87.24818946428572,100.69438,73.46094,5.84975002473199,,,,,,,,,,,,,,,,,,,,,7.662789999999991,9.84200999999996,4.484530000000007,2.8149971010286863,9.049330000000007,13.044130000000052,4.484530000000007,2.6944721186471283,8.610801428571436,13.044130000000052,3.529679999999985,2.888611362883989,8.224041904761908,13.044130000000052,3.1748000000000047,2.816095711238564,8.780708928571434,13.20673000000005,3.1748000000000047,2.806493692659201,-19.327123109004035,-4.5899200068569,-28.896472788215902,12.951145075975138,-24.932445688087633,-4.5899200068569,-38.89664274564315,11.469228683972185,-24.122043580577554,-4.5899200068569,-38.89664274564315,10.327010813684526,-23.05349620076314,-0.6373115613402689,-38.89664274564315,10.304245306450179,-23.213601990197606,-0.6373115613402689,-38.89664274564315,9.421666712918057,27.4527836,13.034767,9.150927866666667,3.0,0.0,1.0,0.0,25.659920000000113,54.6905129,21.73123,7.812930414285715,5.0,0.0,2.0,0.0,57.72389000000021,64.63924516,21.73123,4.61708894,9.0,0.0,4.0,1.0,115.72193000000038,200.14720316,66.72352,9.530819198095239,14.0,2.0,6.0,5.0,186.49451000000056,249.63419406,66.72352,8.915506930714285,21.0,2.0,7.0,11.0,269.6577500000007,3,63,0,0,0,0,0,10,0,0,0,10,0,0
宝兴-2,未知品种,2025-09-11,宝兴-2_郑单958,3.四川雅安宝兴,3,7.0,,9.0,R3,75.0,13.88888888888889,0.0,0.0,100.0,33.33333333333333,70.0,5.0,7.777777777777778,6.111111111111112,0.0,0.0,0.0,0.0,95.0,5.0,10.555555555555555,22.77777777777777,23.0,45911,30.40625,102.71875,0.81344616,2.9842322,0.15179846,2.6860366,0.0,4.8181176,0.014534159,0.01597131,0.013560251,292.73782,298.45538,289.79355,0.37081486,293.15472,299.80133,289.44803,84697.35,84880.97,83883.49,162.15746,627.68134,0.0,89.393875,292.9229,0.81344616,2.9842322,0.15179846,4.8181176,2.6860366,0.0,19.587820000000022,25.305380000000014,16.643550000000005,20.00472000000002,26.65133000000003,16.29803000000004,84.69735,84.88097,83.88349000000001,86.12150611338981,66.91942462504684,95.81589741326275,89.393875,19.77290000000005,,162.15746,627.68134,0.0,8.661830000000009,-28.896472788215902,10.35329999999999,0.9974799999999959,1,1,0,1,0,0,0,0,0,1686.9325598779812,414.94354434343103,94.2819729116709,0,0,1,0,9.587820000000022,1115.7546100000025,18.553306666666703,19.587820000000022,17.67530000000005,0.965817757205415,18.24627000000003,19.587820000000022,17.67530000000005,0.6479057409584023,18.26585214285717,20.950900000000047,15.785400000000038,1.3890971048528478,18.88069095238098,21.203900000000033,15.785400000000038,1.6372069423255653,19.630633928571456,22.9563,15.785400000000038,1.9695881026871918,89.01203629929337,94.64543033128756,86.12150611338981,4.87922100101635,86.87075718365558,94.64543033128756,80.1462292501111,4.810574747739395,86.27428541696801,94.64543033128756,79.6878783257371,4.699951392635473,86.54260613957898,97.1416739008279,79.6878783257371,5.500473554863786,86.59481410856237,97.1416739008279,77.4845989961362,5.181882470987367,0.61463949,0.81344616,0.47147796,0.17764528886808334,0.6128248928571428,0.81344616,0.47147796,0.11060795425531578,0.6026964007142857,0.81344616,0.47147796,0.10174477692804246,0.626467700952381,0.81395686,0.47147796,0.1122492019114528,0.5665994839285714,0.84908813,0.27223942,0.17689903544426872,127.11102333333336,162.15746,84.40817,39.4360692895002,146.37303,193.87585,84.40817,42.58747805386479,155.27807571428573,283.03036,84.40817,52.967236414496725,155.25258238095236,283.03036,73.48264,51.41874168642736,172.85499714285714,326.17828,73.48264,62.06566539253799,90.00042833333333,93.12068,87.48673,2.865532823099695,89.2209007142857,93.12068,86.817,2.0813912202552576,88.96434392857144,96.0766,84.46294,3.312105319392164,88.99273023809523,100.69438,83.1908,4.523391516178855,87.24818946428572,100.69438,73.46094,5.84975002473199,,,,,,,,,,,,,,,,,,,,,7.662789999999991,9.84200999999996,4.484530000000007,2.8149971010286863,9.049330000000007,13.044130000000052,4.484530000000007,2.6944721186471283,8.610801428571436,13.044130000000052,3.529679999999985,2.888611362883989,8.224041904761908,13.044130000000052,3.1748000000000047,2.816095711238564,8.780708928571434,13.20673000000005,3.1748000000000047,2.806493692659201,-19.327123109004035,-4.5899200068569,-28.896472788215902,12.951145075975138,-24.932445688087633,-4.5899200068569,-38.89664274564315,11.469228683972185,-24.122043580577554,-4.5899200068569,-38.89664274564315,10.327010813684526,-23.05349620076314,-0.6373115613402689,-38.89664274564315,10.304245306450179,-23.213601990197606,-0.6373115613402689,-38.89664274564315,9.421666712918057,27.4527836,13.034767,9.150927866666667,3.0,0.0,1.0,0.0,25.659920000000113,54.6905129,21.73123,7.812930414285715,5.0,0.0,2.0,0.0,57.72389000000021,64.63924516,21.73123,4.61708894,9.0,0.0,4.0,1.0,115.72193000000038,200.14720316,66.72352,9.530819198095239,14.0,2.0,6.0,5.0,186.49451000000056,249.63419406,66.72352,8.915506930714285,21.0,2.0,7.0,11.0,269.6577500000007,3,63,0,0,0,0,0,10,0,0,0,10,0,0
宝兴-2,未知品种,2025-09-18,宝兴-2_内玉9018,3.四川雅安宝兴,3,7.0,,9.0,R3,90.0,36.666666666666664,0.0,0.0,70.0,18.88888888888889,70.0,20.0,18.88888888888889,17.777777777777775,0.0,0.0,0.0,0.0,30.0,40.0,3.3333333333333335,15.555555555555555,23.0,45918,30.40625,102.71875,0.8757717,2.418843,0.19374312,2.3489254,0.0,3.3617759,0.013588597,0.016360564,0.012403516,291.69244,298.24515,288.81354,0.36393693,292.2437,299.89746,288.14667,84773.99,85121.45,84306.95,153.16704,633.9085,0.0,87.73579,292.19412,0.8757717,2.418843,0.19374312,3.3617759,2.3489254,0.0,18.54244,25.095150000000046,15.663540000000012,19.093700000000013,26.747460000000046,14.996669999999995,84.77399000000001,85.12145,84.30695,86.0738983393902,69.59497277337856,93.83536506471467,87.73579,19.04412000000002,,153.16704,633.9085,0.0,9.431610000000035,-24.240392291336107,11.750790000000052,0.8144999999999953,1,1,0,1,0,0,0,0,0,1596.0200955242424,289.36115705641197,88.21110341629112,0,0,1,0,8.54244,1176.8901600000027,18.073633333333344,18.54244,17.16840000000002,0.7841222206603434,18.73365000000002,20.073900000000037,17.16840000000002,1.1633633305350166,18.489960000000025,20.073900000000037,17.16840000000002,0.9393354423945532,18.421784761904785,20.950900000000047,15.785400000000038,1.3081741977069317,18.843930714285737,21.203900000000033,15.785400000000038,1.5134327835871926,90.53849624796992,95.15003814756061,86.0738983393902,4.539853836494572,88.0765494854733,95.15003814756061,80.36994524936752,5.890311450459685,87.47365333456445,95.15003814756061,80.1462292501111,5.204385451675541,86.87504010646977,95.15003814756061,79.6878783257371,5.052211072310445,86.92609197605256,97.1416739008279,79.6878783257371,5.529824714068752,0.7166133933333333,0.8757717,0.59106714,0.14529796701317152,0.6401168500000001,0.8757717,0.54029053,0.1153594741269149,0.6264708714285715,0.8757717,0.47147796,0.10949483483733283,0.6151698838095239,0.8757717,0.47147796,0.10510887964985506,0.6298799882142856,0.8757717,0.47147796,0.11102595415391346,123.69516333333335,153.16704,85.5955,34.6021282808885,153.79473428571427,270.33795,85.5955,69.36391995742176,150.08388214285716,270.33795,84.40817,55.43052894171305,154.78362857142858,283.03036,84.40817,57.162161505778414,154.88812035714287,283.03036,73.48264,55.027608632556486,87.70911833333332,89.41134,85.980225,1.7157129914881966,87.29182414285712,91.50667,84.43143,2.4677919564910282,88.25636242857142,93.12068,84.43143,2.410837658098538,88.40683733333333,96.0766,84.43143,3.1000378675722375,88.56750371428572,100.69438,83.1908,4.1318549198571795,,,,,,,,,,,,,,,,,,,,,6.885053333333322,9.431610000000035,4.091199999999958,2.6787798478101075,8.90292857142856,14.261259999999993,4.091199999999958,3.2159508726576886,8.976129285714283,14.261259999999993,4.091199999999958,2.851317332595774,8.708177142857144,14.261259999999993,3.529679999999985,2.923399290347024,8.39376357142857,14.261259999999993,3.1748000000000047,2.8744184500176067,-18.432671258722653,-6.975087986957689,-24.240392291336107,9.922872097923012,-21.5989962190203,-5.8863427866220235,-37.43228948024309,11.761933200239959,-23.265720953553966,-4.5899200068569,-38.89664274564315,11.294005469352156,-23.281027793391804,-4.5899200068569,-38.89664274564315,10.597590135071526,-22.689871205327428,-0.6373115613402689,-38.89664274564315,10.478752056538598,12.8401367,7.168611,4.280045566666667,3.0,0.0,2.0,0.0,24.22090000000003,21.1257311,7.168611,3.0179615857142856,5.0,0.0,3.0,1.0,61.13555000000014,75.816244,21.73123,5.415446,10.0,0.0,5.0,1.0,118.85944000000035,85.76497626,21.73123,4.0840464885714285,14.0,0.0,7.0,2.0,176.85748000000052,221.27293426,66.72352,7.902604795,19.0,2.0,9.0,6.0,247.6300600000007,4,70,0,0,0,0,0,17,0,0,0,17,0,0
宝兴-2,未知品种,2025-09-18,宝兴-2_白K888,3.四川雅安宝兴,3,7.0,,7.0,R3,55.0,12.777777777777777,0.0,0.0,57.5,8.61111111111111,42.5,12.5,6.944444444444445,5.833333333333332,0.0,0.0,0.0,0.0,0.0,57.5,0.0,8.61111111111111,23.0,45918,30.40625,102.71875,0.8757717,2.418843,0.19374312,2.3489254,0.0,3.3617759,0.013588597,0.016360564,0.012403516,291.69244,298.24515,288.81354,0.36393693,292.2437,299.89746,288.14667,84773.99,85121.45,84306.95,153.16704,633.9085,0.0,87.73579,292.19412,0.8757717,2.418843,0.19374312,3.3617759,2.3489254,0.0,18.54244,25.095150000000046,15.663540000000012,19.093700000000013,26.747460000000046,14.996669999999995,84.77399000000001,85.12145,84.30695,86.0738983393902,69.59497277337856,93.83536506471467,87.73579,19.04412000000002,,153.16704,633.9085,0.0,9.431610000000035,-24.240392291336107,11.750790000000052,0.8144999999999953,1,1,0,1,0,0,0,0,0,1596.0200955242424,289.36115705641197,88.21110341629112,0,0,1,0,8.54244,1176.8901600000027,18.073633333333344,18.54244,17.16840000000002,0.7841222206603434,18.73365000000002,20.073900000000037,17.16840000000002,1.1633633305350166,18.489960000000025,20.073900000000037,17.16840000000002,0.9393354423945532,18.421784761904785,20.950900000000047,15.785400000000038,1.3081741977069317,18.843930714285737,21.203900000000033,15.785400000000038,1.5134327835871926,90.53849624796992,95.15003814756061,86.0738983393902,4.539853836494572,88.0765494854733,95.15003814756061,80.36994524936752,5.890311450459685,87.47365333456445,95.15003814756061,80.1462292501111,5.204385451675541,86.87504010646977,95.15003814756061,79.6878783257371,5.052211072310445,86.92609197605256,97.1416739008279,79.6878783257371,5.529824714068752,0.7166133933333333,0.8757717,0.59106714,0.14529796701317152,0.6401168500000001,0.8757717,0.54029053,0.1153594741269149,0.6264708714285715,0.8757717,0.47147796,0.10949483483733283,0.6151698838095239,0.8757717,0.47147796,0.10510887964985506,0.6298799882142856,0.8757717,0.47147796,0.11102595415391346,123.69516333333335,153.16704,85.5955,34.6021282808885,153.79473428571427,270.33795,85.5955,69.36391995742176,150.08388214285716,270.33795,84.40817,55.43052894171305,154.78362857142858,283.03036,84.40817,57.162161505778414,154.88812035714287,283.03036,73.48264,55.027608632556486,87.70911833333332,89.41134,85.980225,1.7157129914881966,87.29182414285712,91.50667,84.43143,2.4677919564910282,88.25636242857142,93.12068,84.43143,2.410837658098538,88.40683733333333,96.0766,84.43143,3.1000378675722375,88.56750371428572,100.69438,83.1908,4.1318549198571795,,,,,,,,,,,,,,,,,,,,,6.885053333333322,9.431610000000035,4.091199999999958,2.6787798478101075,8.90292857142856,14.261259999999993,4.091199999999958,3.2159508726576886,8.976129285714283,14.261259999999993,4.091199999999958,2.851317332595774,8.708177142857144,14.261259999999993,3.529679999999985,2.923399290347024,8.39376357142857,14.261259999999993,3.1748000000000047,2.8744184500176067,-18.432671258722653,-6.975087986957689,-24.240392291336107,9.922872097923012,-21.5989962190203,-5.8863427866220235,-37.43228948024309,11.761933200239959,-23.265720953553966,-4.5899200068569,-38.89664274564315,11.294005469352156,-23.281027793391804,-4.5899200068569,-38.89664274564315,10.597590135071526,-22.689871205327428,-0.6373115613402689,-38.89664274564315,10.478752056538598,12.8401367,7.168611,4.280045566666667,3.0,0.0,2.0,0.0,24.22090000000003,21.1257311,7.168611,3.0179615857142856,5.0,0.0,3.0,1.0,61.13555000000014,75.816244,21.73123,5.415446,10.0,0.0,5.0,1.0,118.85944000000035,85.76497626,21.73123,4.0840464885714285,14.0,0.0,7.0,2.0,176.85748000000052,221.27293426,66.72352,7.902604795,19.0,2.0,9.0,6.0,247.6300600000007,4,70,0,0,0,0,0,17,0,0,0,17,0,0
宝兴-2,未知品种,2025-09-18,宝兴-2_郑单958,3.四川雅安宝兴,3,7.0,,9.0,R4,97.5,23.61111111111111,0.0,0.0,100.0,55.55555555555556,75.0,22.5,13.88888888888889,9.722222222222221,0.0,0.0,0.0,0.0,100.0,0.0,33.33333333333333,22.22222222222223,24.0,45918,30.40625,102.71875,0.8757717,2.418843,0.19374312,2.3489254,0.0,3.3617759,0.013588597,0.016360564,0.012403516,291.69244,298.24515,288.81354,0.36393693,292.2437,299.89746,288.14667,84773.99,85121.45,84306.95,153.16704,633.9085,0.0,87.73579,292.19412,0.8757717,2.418843,0.19374312,3.3617759,2.3489254,0.0,18.54244,25.095150000000046,15.663540000000012,19.093700000000013,26.747460000000046,14.996669999999995,84.77399000000001,85.12145,84.30695,86.0738983393902,69.59497277337856,93.83536506471467,87.73579,19.04412000000002,,153.16704,633.9085,0.0,9.431610000000035,-24.240392291336107,11.750790000000052,0.8144999999999953,1,1,0,1,0,0,0,0,0,1596.0200955242424,289.36115705641197,88.21110341629112,0,0,1,0,8.54244,1176.8901600000027,18.073633333333344,18.54244,17.16840000000002,0.7841222206603434,18.73365000000002,20.073900000000037,17.16840000000002,1.1633633305350166,18.489960000000025,20.073900000000037,17.16840000000002,0.9393354423945532,18.421784761904785,20.950900000000047,15.785400000000038,1.3081741977069317,18.843930714285737,21.203900000000033,15.785400000000038,1.5134327835871926,90.53849624796992,95.15003814756061,86.0738983393902,4.539853836494572,88.0765494854733,95.15003814756061,80.36994524936752,5.890311450459685,87.47365333456445,95.15003814756061,80.1462292501111,5.204385451675541,86.87504010646977,95.15003814756061,79.6878783257371,5.052211072310445,86.92609197605256,97.1416739008279,79.6878783257371,5.529824714068752,0.7166133933333333,0.8757717,0.59106714,0.14529796701317152,0.6401168500000001,0.8757717,0.54029053,0.1153594741269149,0.6264708714285715,0.8757717,0.47147796,0.10949483483733283,0.6151698838095239,0.8757717,0.47147796,0.10510887964985506,0.6298799882142856,0.8757717,0.47147796,0.11102595415391346,123.69516333333335,153.16704,85.5955,34.6021282808885,153.79473428571427,270.33795,85.5955,69.36391995742176,150.08388214285716,270.33795,84.40817,55.43052894171305,154.78362857142858,283.03036,84.40817,57.162161505778414,154.88812035714287,283.03036,73.48264,55.027608632556486,87.70911833333332,89.41134,85.980225,1.7157129914881966,87.29182414285712,91.50667,84.43143,2.4677919564910282,88.25636242857142,93.12068,84.43143,2.410837658098538,88.40683733333333,96.0766,84.43143,3.1000378675722375,88.56750371428572,100.69438,83.1908,4.1318549198571795,,,,,,,,,,,,,,,,,,,,,6.885053333333322,9.431610000000035,4.091199999999958,2.6787798478101075,8.90292857142856,14.261259999999993,4.091199999999958,3.2159508726576886,8.976129285714283,14.261259999999993,4.091199999999958,2.851317332595774,8.708177142857144,14.261259999999993,3.529679999999985,2.923399290347024,8.39376357142857,14.261259999999993,3.1748000000000047,2.8744184500176067,-18.432671258722653,-6.975087986957689,-24.240392291336107,9.922872097923012,-21.5989962190203,-5.8863427866220235,-37.43228948024309,11.761933200239959,-23.265720953553966,-4.5899200068569,-38.89664274564315,11.294005469352156,-23.281027793391804,-4.5899200068569,-38.89664274564315,10.597590135071526,-22.689871205327428,-0.6373115613402689,-38.89664274564315,10.478752056538598,12.8401367,7.168611,4.280045566666667,3.0,0.0,2.0,0.0,24.22090000000003,21.1257311,7.168611,3.0179615857142856,5.0,0.0,3.0,1.0,61.13555000000014,75.816244,21.73123,5.415446,10.0,0.0,5.0,1.0,118.85944000000035,85.76497626,21.73123,4.0840464885714285,14.0,0.0,7.0,2.0,176.85748000000052,221.27293426,66.72352,7.902604795,19.0,2.0,9.0,6.0,247.6300600000007,4,70,0,0,0,0,0,17,0,0,0,17,0,0
宝兴-2,未知品种,2025-09-29,宝兴-2_内玉9018,3.四川雅安宝兴,3,7.0,,9.0,R4,90.0,50.0,0.0,0.0,100.0,42.22222222222222,90.0,0.0,36.666666666666664,13.333333333333336,0.0,0.0,0.0,0.0,70.0,30.0,18.88888888888889,23.333333333333332,24.0,45929,30.40625,102.71875,0.46483922,1.2811433,0.049235117,2.0205212,0.0,10.762772,0.011568022,0.012585037,0.010757958,289.2119,292.93472,286.88983,0.38389024,289.67548,295.3034,286.05313,85374.41,85557.69,85159.55,106.44021,406.35382,0.0,92.546005,289.95392,0.46483922,1.2811433,0.049235117,10.762772,2.0205212,0.0,16.061900000000037,19.78472000000005,13.73983000000004,16.525480000000016,22.153400000000033,12.903130000000033,85.37441,85.55769000000001,85.15955,86.43673420026985,74.50130656510008,93.16923201376629,92.546005,16.803920000000005,,106.44021,406.35382,0.0,6.044890000000009,-18.66792544866621,9.25027,0.39814000000001215,1,1,0,1,0,0,1,0,0,1388.3381810513176,930.2988626221068,153.02891714967998,0,0,1,0,6.061900000000037,1255.4987000000028,16.958666666666698,17.71932000000004,16.061900000000037,0.8370516075686828,17.140022857142874,18.19344000000001,15.598749999999995,0.9592186193411424,17.344960000000015,18.54244,15.598749999999995,0.9041524837446704,17.87638142857145,20.073900000000037,15.598749999999995,1.2194227483333402,18.120477142857165,20.950900000000047,15.598749999999995,1.2604228532751058,87.69837751410478,90.87510021500226,85.78329812704224,2.770454838875133,83.8634780796572,90.87510021500226,76.97029509485363,5.217166743578587,85.70705099896452,95.15003814756061,76.97029509485363,5.095433163497872,86.27881812084698,95.15003814756061,76.97029509485363,5.2310083011789725,85.8421095949235,95.15003814756061,76.97029509485363,4.869950426894186,0.5943337166666667,0.75804293,0.46483922,0.14956633650951112,0.6122465071428572,0.75804293,0.46483922,0.10899902068145137,0.6343789685714285,0.8757717,0.46483922,0.11376979217943932,0.6217238952380952,0.8757717,0.46483922,0.1110753427051885,0.6265195424999999,0.8757717,0.46483922,0.10117122196143209,101.5661866666667,106.44021,95.17425,5.784333094321933,150.34867642857145,260.00824,95.17425,61.82715867426807,140.46093321428572,260.00824,85.5955,49.77875924423291,145.39351357142857,270.33795,84.40817,55.7771986727434,149.13128660714284,270.33795,84.40817,51.093352870419615,87.68253333333332,92.546005,82.77974,4.883251238433374,86.17392857142856,92.546005,82.660835,3.741877864624362,86.8547927857143,92.546005,82.660835,3.194998155262803,87.3277999047619,93.12068,82.660835,3.1930655033701396,87.28996671428571,93.12068,82.660835,2.9265557250283503,,,,,,,,,,,,,,,,,,,,,6.075303333333333,6.451720000000023,5.7292999999999665,0.3621690105922371,8.14797571428572,12.854379999999992,5.7292999999999665,2.669645285494301,7.850723571428574,12.854379999999992,4.091199999999958,2.310394599239274,8.312563809523809,14.261259999999993,4.091199999999958,2.5838233224419134,8.574464285714287,14.261259999999993,4.091199999999958,2.4725827060524894,-18.73828082207467,-18.66792544866621,-18.83825154818446,0.08894125521999537,-25.17559499603265,-18.66792544866621,-37.985096138419436,8.836409405432438,-24.84064076646257,-6.975087986957689,-37.985096138419436,8.714865621108093,-23.887871419736296,-4.5899200068569,-37.985096138419436,9.94594519649316,-24.76967248368641,-4.5899200068569,-38.89664274564315,9.41631928242138,30.344397,19.581625,10.114799,2.0,0.0,1.0,0.0,20.87600000000009,30.344396999999994,19.581625,4.3349138571428565,2.0,0.0,1.0,0.0,49.980160000000126,69.0585277,19.581625,4.932751978571429,7.0,0.0,4.0,0.0,102.8294400000002,104.79690570000001,19.581625,4.990328842857143,12.0,0.0,6.0,1.0,165.40401000000043,132.84032726,21.73123,4.744297402142857,16.0,0.0,7.0,2.0,227.37336000000062,2,81,0,0,4,0,0,4,0,0,0,4,0,0
宝兴-2,未知品种,2025-09-29,宝兴-2_白K888,3.四川雅安宝兴,3,7.0,,7.0,R4,80.0,28.888888888888893,0.0,0.0,100.0,37.22222222222222,55.0,25.0,12.777777777777777,16.111111111111114,0.0,0.0,0.0,0.0,57.5,42.5,8.61111111111111,28.61111111111111,24.0,45929,30.40625,102.71875,0.46483922,1.2811433,0.049235117,2.0205212,0.0,10.762772,0.011568022,0.012585037,0.010757958,289.2119,292.93472,286.88983,0.38389024,289.67548,295.3034,286.05313,85374.41,85557.69,85159.55,106.44021,406.35382,0.0,92.546005,289.95392,0.46483922,1.2811433,0.049235117,10.762772,2.0205212,0.0,16.061900000000037,19.78472000000005,13.73983000000004,16.525480000000016,22.153400000000033,12.903130000000033,85.37441,85.55769000000001,85.15955,86.43673420026985,74.50130656510008,93.16923201376629,92.546005,16.803920000000005,,106.44021,406.35382,0.0,6.044890000000009,-18.66792544866621,9.25027,0.39814000000001215,1,1,0,1,0,0,1,0,0,1388.3381810513176,930.2988626221068,153.02891714967998,0,0,1,0,6.061900000000037,1255.4987000000028,16.958666666666698,17.71932000000004,16.061900000000037,0.8370516075686828,17.140022857142874,18.19344000000001,15.598749999999995,0.9592186193411424,17.344960000000015,18.54244,15.598749999999995,0.9041524837446704,17.87638142857145,20.073900000000037,15.598749999999995,1.2194227483333402,18.120477142857165,20.950900000000047,15.598749999999995,1.2604228532751058,87.69837751410478,90.87510021500226,85.78329812704224,2.770454838875133,83.8634780796572,90.87510021500226,76.97029509485363,5.217166743578587,85.70705099896452,95.15003814756061,76.97029509485363,5.095433163497872,86.27881812084698,95.15003814756061,76.97029509485363,5.2310083011789725,85.8421095949235,95.15003814756061,76.97029509485363,4.869950426894186,0.5943337166666667,0.75804293,0.46483922,0.14956633650951112,0.6122465071428572,0.75804293,0.46483922,0.10899902068145137,0.6343789685714285,0.8757717,0.46483922,0.11376979217943932,0.6217238952380952,0.8757717,0.46483922,0.1110753427051885,0.6265195424999999,0.8757717,0.46483922,0.10117122196143209,101.5661866666667,106.44021,95.17425,5.784333094321933,150.34867642857145,260.00824,95.17425,61.82715867426807,140.46093321428572,260.00824,85.5955,49.77875924423291,145.39351357142857,270.33795,84.40817,55.7771986727434,149.13128660714284,270.33795,84.40817,51.093352870419615,87.68253333333332,92.546005,82.77974,4.883251238433374,86.17392857142856,92.546005,82.660835,3.741877864624362,86.8547927857143,92.546005,82.660835,3.194998155262803,87.3277999047619,93.12068,82.660835,3.1930655033701396,87.28996671428571,93.12068,82.660835,2.9265557250283503,,,,,,,,,,,,,,,,,,,,,6.075303333333333,6.451720000000023,5.7292999999999665,0.3621690105922371,8.14797571428572,12.854379999999992,5.7292999999999665,2.669645285494301,7.850723571428574,12.854379999999992,4.091199999999958,2.310394599239274,8.312563809523809,14.261259999999993,4.091199999999958,2.5838233224419134,8.574464285714287,14.261259999999993,4.091199999999958,2.4725827060524894,-18.73828082207467,-18.66792544866621,-18.83825154818446,0.08894125521999537,-25.17559499603265,-18.66792544866621,-37.985096138419436,8.836409405432438,-24.84064076646257,-6.975087986957689,-37.985096138419436,8.714865621108093,-23.887871419736296,-4.5899200068569,-37.985096138419436,9.94594519649316,-24.76967248368641,-4.5899200068569,-38.89664274564315,9.41631928242138,30.344397,19.581625,10.114799,2.0,0.0,1.0,0.0,20.87600000000009,30.344396999999994,19.581625,4.3349138571428565,2.0,0.0,1.0,0.0,49.980160000000126,69.0585277,19.581625,4.932751978571429,7.0,0.0,4.0,0.0,102.8294400000002,104.79690570000001,19.581625,4.990328842857143,12.0,0.0,6.0,1.0,165.40401000000043,132.84032726,21.73123,4.744297402142857,16.0,0.0,7.0,2.0,227.37336000000062,2,81,0,0,4,0,0,4,0,0,0,4,0,0
宝兴-2,未知品种,2025-09-29,宝兴-2_郑单958,3.四川雅安宝兴,3,7.0,,9.0,R5,100.0,41.111111111111114,0.0,0.0,100.0,80.0,97.5,2.5,23.61111111111111,17.500000000000004,0.0,0.0,0.0,0.0,100.0,0.0,55.55555555555556,24.444444444444443,25.0,45929,30.40625,102.71875,0.46483922,1.2811433,0.049235117,2.0205212,0.0,10.762772,0.011568022,0.012585037,0.010757958,289.2119,292.93472,286.88983,0.38389024,289.67548,295.3034,286.05313,85374.41,85557.69,85159.55,106.44021,406.35382,0.0,92.546005,289.95392,0.46483922,1.2811433,0.049235117,10.762772,2.0205212,0.0,16.061900000000037,19.78472000000005,13.73983000000004,16.525480000000016,22.153400000000033,12.903130000000033,85.37441,85.55769000000001,85.15955,86.43673420026985,74.50130656510008,93.16923201376629,92.546005,16.803920000000005,,106.44021,406.35382,0.0,6.044890000000009,-18.66792544866621,9.25027,0.39814000000001215,1,1,0,1,0,0,1,0,0,1388.3381810513176,930.2988626221068,153.02891714967998,0,0,1,0,6.061900000000037,1255.4987000000028,16.958666666666698,17.71932000000004,16.061900000000037,0.8370516075686828,17.140022857142874,18.19344000000001,15.598749999999995,0.9592186193411424,17.344960000000015,18.54244,15.598749999999995,0.9041524837446704,17.87638142857145,20.073900000000037,15.598749999999995,1.2194227483333402,18.120477142857165,20.950900000000047,15.598749999999995,1.2604228532751058,87.69837751410478,90.87510021500226,85.78329812704224,2.770454838875133,83.8634780796572,90.87510021500226,76.97029509485363,5.217166743578587,85.70705099896452,95.15003814756061,76.97029509485363,5.095433163497872,86.27881812084698,95.15003814756061,76.97029509485363,5.2310083011789725,85.8421095949235,95.15003814756061,76.97029509485363,4.869950426894186,0.5943337166666667,0.75804293,0.46483922,0.14956633650951112,0.6122465071428572,0.75804293,0.46483922,0.10899902068145137,0.6343789685714285,0.8757717,0.46483922,0.11376979217943932,0.6217238952380952,0.8757717,0.46483922,0.1110753427051885,0.6265195424999999,0.8757717,0.46483922,0.10117122196143209,101.5661866666667,106.44021,95.17425,5.784333094321933,150.34867642857145,260.00824,95.17425,61.82715867426807,140.46093321428572,260.00824,85.5955,49.77875924423291,145.39351357142857,270.33795,84.40817,55.7771986727434,149.13128660714284,270.33795,84.40817,51.093352870419615,87.68253333333332,92.546005,82.77974,4.883251238433374,86.17392857142856,92.546005,82.660835,3.741877864624362,86.8547927857143,92.546005,82.660835,3.194998155262803,87.3277999047619,93.12068,82.660835,3.1930655033701396,87.28996671428571,93.12068,82.660835,2.9265557250283503,,,,,,,,,,,,,,,,,,,,,6.075303333333333,6.451720000000023,5.7292999999999665,0.3621690105922371,8.14797571428572,12.854379999999992,5.7292999999999665,2.669645285494301,7.850723571428574,12.854379999999992,4.091199999999958,2.310394599239274,8.312563809523809,14.261259999999993,4.091199999999958,2.5838233224419134,8.574464285714287,14.261259999999993,4.091199999999958,2.4725827060524894,-18.73828082207467,-18.66792544866621,-18.83825154818446,0.08894125521999537,-25.17559499603265,-18.66792544866621,-37.985096138419436,8.836409405432438,-24.84064076646257,-6.975087986957689,-37.985096138419436,8.714865621108093,-23.887871419736296,-4.5899200068569,-37.985096138419436,9.94594519649316,-24.76967248368641,-4.5899200068569,-38.89664274564315,9.41631928242138,30.344397,19.581625,10.114799,2.0,0.0,1.0,0.0,20.87600000000009,30.344396999999994,19.581625,4.3349138571428565,2.0,0.0,1.0,0.0,49.980160000000126,69.0585277,19.581625,4.932751978571429,7.0,0.0,4.0,0.0,102.8294400000002,104.79690570000001,19.581625,4.990328842857143,12.0,0.0,6.0,1.0,165.40401000000043,132.84032726,21.73123,4.744297402142857,16.0,0.0,7.0,2.0,227.37336000000062,2,81,0,0,4,0,0,4,0,0,0,4,0,0
宝兴-2,未知品种,2025-10-09,宝兴-2_内玉9018,3.四川雅安宝兴,3,7.0,,9.0,R5,100.0,64.44444444444444,0.0,0.0,100.0,100.0,90.0,10.0,50.0,14.444444444444443,0.0,0.0,0.0,0.0,100.0,0.0,42.22222222222222,57.77777777777778,25.0,45939,30.40625,102.71875,0.5388445,1.1283227,0.100205645,0.0,0.0,0.0,0.013799784,0.014185216,0.013177712,292.3381,297.1112,289.5712,0.33964854,292.40128,299.0764,288.44708,84718.8,84930.93,84577.055,132.99373,543.89453,0.0,81.880486,292.11926,0.5388445,1.1283227,0.100205645,0.0,0.0,0.0,19.18810000000002,23.96120000000002,16.4212,19.25128000000001,25.9264,15.29708000000005,84.7188,84.93092999999999,84.57705499999999,83.88877853314534,64.52183450715094,95.24250143460397,81.880486,18.96926000000002,,132.99373,543.89453,0.0,7.5400000000000205,-30.720666927453024,10.62931999999995,0.35387500000000216,1,0,0,1,0,0,0,0,0,1609.6662713718479,0.0,131.3132985149678,0,0,1,0,9.18810000000002,1331.375620000003,18.17527666666668,19.18810000000002,16.750699999999995,1.2697973443165478,17.83502142857145,19.18810000000002,16.750699999999995,0.8723319388366552,17.455022857142882,19.18810000000002,16.061900000000037,0.8611306358810321,17.356450476190496,19.18810000000002,15.598749999999995,0.8856782476468167,17.700750357142876,20.073900000000037,15.598749999999995,1.1183083599479338,86.50015390779924,91.63023541550615,83.88877853314534,4.443022518947194,86.3262993184921,91.63023541550615,83.71421095106436,2.8855351886585616,86.10720278962263,91.63023541550615,81.94369918148266,2.6962330717391114,85.17834440821491,91.63023541550615,76.97029509485363,3.7131056755172103,85.9028956775295,95.15003814756061,76.97029509485363,4.422231507116235,0.5361201466666666,0.55297494,0.516541,0.018369120060431454,0.5962312742857143,0.69093394,0.516541,0.06292548637958767,0.5884654714285714,0.75804293,0.46372613,0.0882432595872649,0.6021260728571428,0.75804293,0.46372613,0.08849553782908562,0.6116237671428572,0.8757717,0.46372613,0.09507372859558061,108.5734266666667,132.99373,69.20219,34.42365392497238,108.15112928571429,132.99373,69.20219,23.897729217747482,113.98959864285715,162.33684,69.20219,22.945008874212476,129.72316933333335,260.00824,69.20219,43.66025924542858,135.74106057142856,270.33795,69.20219,50.930070559694414,82.886482,83.85663,81.880486,0.9885596019028812,83.687193,84.86012,81.880486,1.027218695076249,85.27445257142857,92.546005,81.880486,2.9908745766711875,85.76064976190476,92.546005,81.880486,3.0282338654407077,86.14344335714284,92.546005,81.880486,2.9329077241094472,,,,,,,,,,,,,,,,,,,,,6.002889999999998,7.5400000000000205,3.187220000000025,2.4418661280463154,6.298679999999998,8.705809999999985,3.187220000000025,1.7982344032133368,6.497420714285714,8.705809999999985,3.187220000000025,1.3424848790465713,7.33279142857143,12.854379999999992,3.187220000000025,2.072891329530533,7.725325714285712,14.261259999999993,3.187220000000025,2.4414218327888317,-23.239136829656946,-13.920824622770013,-30.720666927453024,8.549210592374068,-23.01978874738535,-13.5892021264239,-31.398797072667897,7.141160081967563,-21.708356484756077,-13.5892021264239,-31.398797072667897,5.381250802816664,-24.522948270352884,-13.5892021264239,-37.985096138419436,7.304303282528793,-23.79196025751974,-5.8863427866220235,-37.985096138419436,8.48091586685188,0.5802784,0.5802784,0.19342613333333333,1.0,0.0,1.0,0.0,24.52583000000004,1.3212144499999963,0.5802784,0.18874492142857088,3.0,0.0,1.0,0.0,54.84515000000016,31.872108695999998,19.581625,2.2765791925714285,7.0,0.0,2.0,0.0,104.37032000000033,57.746102696,19.581625,2.7498144140952383,9.0,0.0,3.0,0.0,154.4854600000004,78.871833796,19.581625,2.816851207,14.0,0.0,6.0,1.0,215.62101000000052,0,91,0,0,0,0,0,14,0,0,0,14,0,2
宝兴-2,未知品种,2025-10-09,宝兴-2_白K888,3.四川雅安宝兴,3,7.0,,7.0,R5,90.0,43.888888888888886,0.0,0.0,100.0,57.777777777777786,80.0,10.0,28.888888888888893,14.999999999999993,0.0,0.0,0.0,0.0,100.0,0.0,37.22222222222222,20.555555555555564,25.0,45939,30.40625,102.71875,0.5388445,1.1283227,0.100205645,0.0,0.0,0.0,0.013799784,0.014185216,0.013177712,292.3381,297.1112,289.5712,0.33964854,292.40128,299.0764,288.44708,84718.8,84930.93,84577.055,132.99373,543.89453,0.0,81.880486,292.11926,0.5388445,1.1283227,0.100205645,0.0,0.0,0.0,19.18810000000002,23.96120000000002,16.4212,19.25128000000001,25.9264,15.29708000000005,84.7188,84.93092999999999,84.57705499999999,83.88877853314534,64.52183450715094,95.24250143460397,81.880486,18.96926000000002,,132.99373,543.89453,0.0,7.5400000000000205,-30.720666927453024,10.62931999999995,0.35387500000000216,1,0,0,1,0,0,0,0,0,1609.6662713718479,0.0,131.3132985149678,0,0,1,0,9.18810000000002,1331.375620000003,18.17527666666668,19.18810000000002,16.750699999999995,1.2697973443165478,17.83502142857145,19.18810000000002,16.750699999999995,0.8723319388366552,17.455022857142882,19.18810000000002,16.061900000000037,0.8611306358810321,17.356450476190496,19.18810000000002,15.598749999999995,0.8856782476468167,17.700750357142876,20.073900000000037,15.598749999999995,1.1183083599479338,86.50015390779924,91.63023541550615,83.88877853314534,4.443022518947194,86.3262993184921,91.63023541550615,83.71421095106436,2.8855351886585616,86.10720278962263,91.63023541550615,81.94369918148266,2.6962330717391114,85.17834440821491,91.63023541550615,76.97029509485363,3.7131056755172103,85.9028956775295,95.15003814756061,76.97029509485363,4.422231507116235,0.5361201466666666,0.55297494,0.516541,0.018369120060431454,0.5962312742857143,0.69093394,0.516541,0.06292548637958767,0.5884654714285714,0.75804293,0.46372613,0.0882432595872649,0.6021260728571428,0.75804293,0.46372613,0.08849553782908562,0.6116237671428572,0.8757717,0.46372613,0.09507372859558061,108.5734266666667,132.99373,69.20219,34.42365392497238,108.15112928571429,132.99373,69.20219,23.897729217747482,113.98959864285715,162.33684,69.20219,22.945008874212476,129.72316933333335,260.00824,69.20219,43.66025924542858,135.74106057142856,270.33795,69.20219,50.930070559694414,82.886482,83.85663,81.880486,0.9885596019028812,83.687193,84.86012,81.880486,1.027218695076249,85.27445257142857,92.546005,81.880486,2.9908745766711875,85.76064976190476,92.546005,81.880486,3.0282338654407077,86.14344335714284,92.546005,81.880486,2.9329077241094472,,,,,,,,,,,,,,,,,,,,,6.002889999999998,7.5400000000000205,3.187220000000025,2.4418661280463154,6.298679999999998,8.705809999999985,3.187220000000025,1.7982344032133368,6.497420714285714,8.705809999999985,3.187220000000025,1.3424848790465713,7.33279142857143,12.854379999999992,3.187220000000025,2.072891329530533,7.725325714285712,14.261259999999993,3.187220000000025,2.4414218327888317,-23.239136829656946,-13.920824622770013,-30.720666927453024,8.549210592374068,-23.01978874738535,-13.5892021264239,-31.398797072667897,7.141160081967563,-21.708356484756077,-13.5892021264239,-31.398797072667897,5.381250802816664,-24.522948270352884,-13.5892021264239,-37.985096138419436,7.304303282528793,-23.79196025751974,-5.8863427866220235,-37.985096138419436,8.48091586685188,0.5802784,0.5802784,0.19342613333333333,1.0,0.0,1.0,0.0,24.52583000000004,1.3212144499999963,0.5802784,0.18874492142857088,3.0,0.0,1.0,0.0,54.84515000000016,31.872108695999998,19.581625,2.2765791925714285,7.0,0.0,2.0,0.0,104.37032000000033,57.746102696,19.581625,2.7498144140952383,9.0,0.0,3.0,0.0,154.4854600000004,78.871833796,19.581625,2.816851207,14.0,0.0,6.0,1.0,215.62101000000052,0,91,0,0,0,0,0,14,0,0,0,14,0,2
宝兴-2,未知品种,2025-10-09,宝兴-2_郑单958,3.四川雅安宝兴,3,7.0,,9.0,R6,100.0,,0.0,0.0,100.0,100.0,100.0,0.0,41.111111111111114,,0.0,0.0,0.0,0.0,100.0,0.0,80.0,20.0,26.0,45939,30.40625,102.71875,0.5388445,1.1283227,0.100205645,0.0,0.0,0.0,0.013799784,0.014185216,0.013177712,292.3381,297.1112,289.5712,0.33964854,292.40128,299.0764,288.44708,84718.8,84930.93,84577.055,132.99373,543.89453,0.0,81.880486,292.11926,0.5388445,1.1283227,0.100205645,0.0,0.0,0.0,19.18810000000002,23.96120000000002,16.4212,19.25128000000001,25.9264,15.29708000000005,84.7188,84.93092999999999,84.57705499999999,83.88877853314534,64.52183450715094,95.24250143460397,81.880486,18.96926000000002,,132.99373,543.89453,0.0,7.5400000000000205,-30.720666927453024,10.62931999999995,0.35387500000000216,1,0,0,1,0,0,0,0,0,1609.6662713718479,0.0,131.3132985149678,0,0,1,0,9.18810000000002,1331.375620000003,18.17527666666668,19.18810000000002,16.750699999999995,1.2697973443165478,17.83502142857145,19.18810000000002,16.750699999999995,0.8723319388366552,17.455022857142882,19.18810000000002,16.061900000000037,0.8611306358810321,17.356450476190496,19.18810000000002,15.598749999999995,0.8856782476468167,17.700750357142876,20.073900000000037,15.598749999999995,1.1183083599479338,86.50015390779924,91.63023541550615,83.88877853314534,4.443022518947194,86.3262993184921,91.63023541550615,83.71421095106436,2.8855351886585616,86.10720278962263,91.63023541550615,81.94369918148266,2.6962330717391114,85.17834440821491,91.63023541550615,76.97029509485363,3.7131056755172103,85.9028956775295,95.15003814756061,76.97029509485363,4.422231507116235,0.5361201466666666,0.55297494,0.516541,0.018369120060431454,0.5962312742857143,0.69093394,0.516541,0.06292548637958767,0.5884654714285714,0.75804293,0.46372613,0.0882432595872649,0.6021260728571428,0.75804293,0.46372613,0.08849553782908562,0.6116237671428572,0.8757717,0.46372613,0.09507372859558061,108.5734266666667,132.99373,69.20219,34.42365392497238,108.15112928571429,132.99373,69.20219,23.897729217747482,113.98959864285715,162.33684,69.20219,22.945008874212476,129.72316933333335,260.00824,69.20219,43.66025924542858,135.74106057142856,270.33795,69.20219,50.930070559694414,82.886482,83.85663,81.880486,0.9885596019028812,83.687193,84.86012,81.880486,1.027218695076249,85.27445257142857,92.546005,81.880486,2.9908745766711875,85.76064976190476,92.546005,81.880486,3.0282338654407077,86.14344335714284,92.546005,81.880486,2.9329077241094472,,,,,,,,,,,,,,,,,,,,,6.002889999999998,7.5400000000000205,3.187220000000025,2.4418661280463154,6.298679999999998,8.705809999999985,3.187220000000025,1.7982344032133368,6.497420714285714,8.705809999999985,3.187220000000025,1.3424848790465713,7.33279142857143,12.854379999999992,3.187220000000025,2.072891329530533,7.725325714285712,14.261259999999993,3.187220000000025,2.4414218327888317,-23.239136829656946,-13.920824622770013,-30.720666927453024,8.549210592374068,-23.01978874738535,-13.5892021264239,-31.398797072667897,7.141160081967563,-21.708356484756077,-13.5892021264239,-31.398797072667897,5.381250802816664,-24.522948270352884,-13.5892021264239,-37.985096138419436,7.304303282528793,-23.79196025751974,-5.8863427866220235,-37.985096138419436,8.48091586685188,0.5802784,0.5802784,0.19342613333333333,1.0,0.0,1.0,0.0,24.52583000000004,1.3212144499999963,0.5802784,0.18874492142857088,3.0,0.0,1.0,0.0,54.84515000000016,31.872108695999998,19.581625,2.2765791925714285,7.0,0.0,2.0,0.0,104.37032000000033,57.746102696,19.581625,2.7498144140952383,9.0,0.0,3.0,0.0,154.4854600000004,78.871833796,19.581625,2.816851207,14.0,0.0,6.0,1.0,215.62101000000052,0,91,0,0,0,0,0,14,0,0,0,14,0,2
德宏农科所定点监测1,未知品种,2025-07-31,德宏农科所定点监测1_垦丰680,9.云南德宏农科所,9,,,,R3,0.0,0.0,7.0,0.7777777777777778,99.0,19.444444444444446,,,,,,,,,,,,,23.0,45869,24.46875,98.59375,2.0606084,2.0606084,2.0606084,1.5098686,0.0,11.989947,0.019210316,0.021029893,0.018004103,296.08868,297.36197,295.08926,0.369622,299.26715,301.46445,297.61514,89007.53,89115.45,88856.02,97.292786,331.9352,0.0,87.376854,299.4559,2.0606084,2.0606084,2.0606084,11.989947,1.5098686,0.0,22.938680000000033,24.211970000000008,21.939260000000047,26.117150000000038,28.314450000000022,24.46514000000002,89.00753,89.11545,88.85602,97.11033635538749,98.4607652757341,96.62366589170558,87.376854,26.30590000000001,,97.292786,331.9352,0.0,2.272709999999961,1.8370993840285195,3.8493100000000027,0.2594299999999947,1,1,1,1,0,0,0,1,1,2227.582930348603,1164.3477860532691,44.94582931149739,0,1,1,1,12.938680000000033,889.1606500000016,24.600863333333375,25.822050000000047,22.938680000000033,1.4914134853330767,24.61210000000003,25.822050000000047,22.938680000000033,1.0062282598396892,25.861312857142885,27.884400000000028,22.938680000000033,1.5254252519439069,25.78582190476193,27.884400000000028,22.938680000000033,1.2916591350260096,25.153321071428596,27.884400000000028,22.578120000000013,1.6376606806081335,94.40668175069567,97.11033635538749,91.43484605985638,2.847233454582274,94.70738621360056,99.10821430109279,90.90741325418678,2.975093024943536,90.87144501998318,99.10821430109279,81.43191562299863,5.315197762784908,90.62241701297664,99.10821430109279,81.43191562299863,4.684934450599141,91.8777091508936,99.10821430109279,81.43191562299863,4.76320810938524,1.8948529666666667,2.0606084,1.5633421,0.2870968321639292,1.2071220599999999,2.0606084,0.39322248,0.6913362080710038,1.1135705892857144,2.0606084,0.39322248,0.5463167540588895,1.0881767880952382,2.0606084,0.39322248,0.4759262038957327,1.0904879911111112,2.0606084,0.39322248,0.46244662546072857,190.765182,255.39836,97.292786,82.90427313236638,173.79179514285715,255.95035,88.16415,70.58543295336358,167.81273685714288,255.95035,88.16415,56.75940644900842,184.67299314285714,282.67505,88.16415,60.59595722001637,175.52581614814812,282.67505,88.16415,56.98130444280472,87.08405333333333,87.53064,86.344666,0.6449284882602034,88.69991342857142,91.15882,86.344666,1.8825981631177184,87.85757742857142,91.15882,85.04982,1.939342383090643,88.03160652380953,91.693504,85.04982,2.001325064215553,89.06678181481482,94.445496,85.04982,2.716720771122354,,,,,,,,,,,,,,,,,,,,,5.683486666666643,7.455150000000003,2.272709999999961,2.954562654274474,6.020362857142849,9.688210000000026,2.272709999999961,2.582285929350946,7.3011778571428545,11.793949999999995,2.272709999999961,2.8848969397328132,7.5604971428571375,11.793949999999995,2.272709999999961,2.624642282417064,6.919294642857139,11.793949999999995,2.272709999999961,2.653382120557175,-9.777035796010864,1.8370993840285195,-17.771455044986197,10.293231235385095,-12.22134404410427,1.8370993840285195,-19.446342285552248,7.249424033776527,-19.3673437755832,1.8370993840285195,-34.67954149178229,11.141424852441984,-18.832148640026883,1.8370993840285195,-34.67954149178229,9.659633068280367,-15.275741935513974,1.8370993840285195,-34.67954149178229,10.921848813104058,21.9121247,11.989947,7.304041566666666,3.0,0.0,3.0,3.0,43.80259000000012,71.0452947,22.378237,10.149327814285714,7.0,0.0,7.0,7.0,102.28470000000021,165.45023826000002,41.843777,11.817874161428573,13.0,2.0,9.0,14.0,222.0583800000004,212.16970966000002,41.843777,10.103319507619048,18.0,2.0,12.0,21.0,331.50226000000055,338.49500766,41.843777,12.536852135555556,24.0,4.0,18.0,27.0,424.29299000000077,10,21,1,0,0,61,7,21,0,0,21,21,21,0
德宏农科所定点监测1,未知品种,2025-08-06,德宏农科所定点监测1_垦丰680,9.云南德宏农科所,9,,,,R4,0.0,0.0,13.0,1.4444444444444446,99.0,28.999999999999996,0.0,0.0,0.0,0.0,7.0,6.0,0.7777777777777778,0.6666666666666669,99.0,0.0,19.444444444444446,9.55555555555555,24.0,45875,24.46875,98.59375,0.97918457,1.5130813,0.13168462,3.4222536,0.0,5.5530176,0.020640945,0.0249612,0.018189017,297.42288,300.94678,295.4347,0.37040478,299.62814,304.1674,297.15485,89095.695,89238.06,88961.945,127.19721,779.9505,0.0,87.5619,299.4787,0.97918457,1.5130813,0.13168462,5.5530176,3.4222536,0.0,24.272880000000043,27.796780000000012,22.284700000000043,26.478139999999996,31.01740000000001,24.004850000000033,89.095695,89.23806,88.961945,96.28820403751293,94.41372970291867,95.68434564878568,87.5619,26.328700000000026,,127.19721,779.9505,0.0,5.512079999999969,-1.2706159458670072,7.012549999999976,0.27611500000000433,1,1,1,1,0,0,0,1,0,2337.192022018071,534.6900916927004,89.22311040595487,0,1,1,1,14.272880000000043,968.2465200000017,23.19280333333336,24.272880000000043,22.526970000000006,0.9437947798294751,23.146364285714316,24.272880000000043,22.526970000000006,0.5844865922003132,24.14996714285717,26.728970000000004,22.526970000000006,1.2965711237569788,25.11642238095241,27.884400000000028,22.526970000000006,1.7873928774052488,25.211095000000025,27.884400000000028,22.526970000000006,1.5757923754181276,97.01065951604807,97.47084101156506,96.28820403751293,0.6334416190346985,96.82085997389036,97.47084101156506,95.83315497223231,0.6055010844132209,95.19486315460456,99.10821430109279,89.14069720741487,2.888455058508855,92.44235521014568,99.10821430109279,81.43191562299863,5.15914405987766,91.9891274346057,99.10821430109279,81.43191562299863,4.873754455968642,1.3247333233333334,1.4975077,0.97918457,0.2992539986327094,1.6487653242857143,2.0606084,0.97918457,0.3970736764657323,1.3531134564285714,2.0606084,0.39322248,0.5677135213393468,1.2509235485714287,2.0606084,0.39322248,0.526555856928991,1.1974985711111112,2.0606084,0.39322248,0.49643457839733063,104.92491500000001,127.19721,77.486565,25.25476489251598,109.23845928571428,150.9804,77.486565,23.767603894045756,146.38249964285714,255.95035,77.486565,59.583873933373425,150.62984595238095,255.95035,77.486565,54.11528664637928,168.35219574074074,282.67505,77.486565,62.58290769760599,88.42444,89.5605,87.5619,1.0269909360847074,88.459822,90.54425,87.376854,1.157954495373016,88.75801957142858,91.15882,86.344666,1.500957543876133,87.95823085714285,91.15882,85.04982,1.8125153384855124,88.16687544444443,91.693504,85.04982,1.845076954202667,,,,,,,,,,,,,,,,,,,,,3.3007499999999745,5.512079999999969,1.7839999999999918,1.9586924602652598,3.2318057142856964,5.682380000000023,1.7839999999999918,1.6460165771933375,5.161709999999991,9.771470000000022,1.7839999999999918,2.779065980134072,6.117872857142851,11.793949999999995,1.7839999999999918,3.062820930885689,6.67135035714285,11.793949999999995,1.7839999999999918,2.9508996657911952,0.11833325590808386,0.92855817129049,-1.2706159458670072,1.2084217182504782,0.21666980066874178,4.0549789437665,-4.228463384437887,2.6007554847900742,-8.488955548737279,4.0549789437665,-32.975558594244674,10.658709843794814,-13.98023002315632,4.0549789437665,-34.67954149178229,12.820965015632575,-14.65909378592266,4.0549789437665,-34.67954149178229,11.683897408296751,20.0556641,9.378037,6.685221366666667,3.0,0.0,3.0,3.0,39.578410000000076,82.6744161,26.833271,11.810630871428572,7.0,1.0,7.0,7.0,92.0245500000002,183.57354080000002,41.843777,13.112395771428572,14.0,2.0,13.0,14.0,198.0995400000004,236.13470736000002,41.843777,11.244509874285715,19.0,3.0,15.0,21.0,317.4448700000006,282.85417875999997,41.843777,10.476080694814813,24.0,3.0,18.0,27.0,425.91066000000075,16,27,0,0,0,67,13,27,0,0,27,27,27,0
德宏农科所定点监测1,未知品种,2025-08-14,德宏农科所定点监测1_垦丰680,9.云南德宏农科所,9,,,,R4-R5,0.0,0.0,13.0,2.555555555555556,100.0,48.77777777777778,0.0,0.0,0.0,0.0,13.0,0.0,1.4444444444444446,1.1111111111111112,99.0,1.0,28.999999999999996,19.777777777777782,24.0,45883,24.46875,98.59375,1.788828,1.788828,1.788828,4.7716455,0.0,12.65299,0.019867593,0.025078319,0.016928324,297.12717,302.01773,294.2206,0.37387514,299.71536,305.89108,296.47058,89320.75,89533.09,89156.14,210.16275,968.8684,0.0,88.38228,299.53464,1.788828,1.788828,1.788828,12.65299,4.7716455,0.0,23.97717,28.867729999999995,21.070600000000013,26.56536,32.74108000000001,23.320580000000007,89.32075,89.53309,89.15614,94.62392804423743,89.41052043432973,96.20212876922906,88.38228,26.384640000000047,,210.16275,968.8684,0.0,7.7971299999999815,-6.791608334899337,9.420500000000004,0.3769500000000079,1,1,1,1,0,0,0,1,0,2268.8140087844486,1197.2756153044559,50.096635609085325,0,1,1,1,13.977170000000001,1074.487590000002,23.346886666666688,23.97717,22.82253000000003,0.5845628507126638,23.195732857142882,23.97717,22.69870000000003,0.46533958223053606,23.237638571428597,24.272880000000043,22.526970000000006,0.5357451374826057,23.69579238095241,25.822050000000047,22.526970000000006,0.9649423635477138,24.54947571428574,27.884400000000028,22.526970000000006,1.744482869075948,95.7063544531859,96.78246814473125,94.62392804423743,1.0792838964614597,96.4490662581742,97.67859669104443,94.62392804423743,1.0546335543387406,96.60441216657765,97.67859669104443,94.62392804423743,0.8375942047740776,95.97207018225195,99.10821430109279,90.90741325418678,1.987729507410943,93.73792859328043,99.10821430109279,81.43191562299863,4.739338808195783,1.788828,1.788828,1.788828,0.0,1.7499914,1.788828,1.6255977,0.06817348762773927,1.624845997857143,2.0606084,0.97918457,0.3121789954823633,1.4856046852380953,2.0606084,0.39322248,0.49743848641212074,1.3692082935714287,2.0606084,0.39322248,0.5083287131551355,145.1517266666667,210.16275,70.41947,70.37700518941128,126.91832285714285,210.16275,70.41947,46.054785113991656,120.9571685,210.16275,70.41947,36.20723965223943,138.56871071428571,255.95035,70.41947,54.75552224127127,144.38495267857144,255.95035,70.41947,52.455214587484846,87.87016333333334,88.38228,87.27491,0.5583465395554481,88.07631585714286,89.23858,86.803856,0.8730767468079302,88.35913792857143,90.54425,86.803856,0.9754837079394078,88.47272976190476,91.15882,86.344666,1.307237076695831,88.10835767857144,91.15882,85.04982,1.5278278699965078,,,,,,,,,,,,,,,,,,,,,4.966646666666672,7.7971299999999815,2.2301500000000374,2.7846798200570895,3.883814285714282,7.7971299999999815,2.2301500000000374,1.9181231528923965,3.743266428571421,7.7971299999999815,1.7839999999999918,1.7410383146519994,4.502298571428564,9.688210000000026,1.7839999999999918,2.2760980035914224,5.522222142857138,11.793949999999995,1.7839999999999918,2.9577964651663957,-2.6335225651674534,0.5678745638468001,-6.791608334899337,3.771861211748499,-0.9067382647387571,1.9197738278563463,-6.791608334899337,2.9386269683801753,-0.6390696722823311,4.0549789437665,-6.791608334899337,2.6973428631132994,-4.499827796222978,4.0549789437665,-19.446342285552248,7.197004557281179,-10.003206723932767,4.0549789437665,-34.67954149178229,12.41792139469164,49.821717,19.101852,16.607239,3.0,0.0,3.0,3.0,40.04066000000006,80.0458707,19.101852,11.435124385714285,7.0,0.0,7.0,7.0,92.37013000000019,161.61800879999998,26.833271,11.544143485714285,14.0,1.0,14.0,14.0,185.32694000000038,232.66330349999998,26.833271,11.079204928571428,21.0,1.0,21.0,21.0,287.6116400000006,327.06824706000003,41.843777,11.68100882357143,27.0,3.0,23.0,28.0,407.3853200000008,24,35,0,0,0,75,21,35,0,0,35,35,35,0
德宏农科所定点监测1,未知品种,2025-08-20,德宏农科所定点监测1_垦丰680,9.云南德宏农科所,9,,,,R5,0.0,0.0,22.0,4.222222222222222,100.0,54.333333333333336,0.0,0.0,0.0,0.0,13.0,9.0,2.555555555555556,1.6666666666666665,100.0,0.0,48.77777777777778,5.555555555555557,25.0,45889,24.46875,98.59375,0.7670064,1.7450281,0.070663854,6.689012,0.0,11.154131,0.019287584,0.020387486,0.017795319,297.9803,302.61917,296.24432,0.36945966,298.8985,303.31256,296.78992,90881.27,91066.42,90577.44,123.29945,551.79553,0.0,87.33848,299.0234,0.7670064,1.7450281,0.070663854,11.154131,6.689012,0.0,24.830300000000022,29.46917000000002,23.09432000000004,25.748500000000035,30.162560000000042,23.639920000000018,90.88127,91.06642,90.57744,88.83729350335078,71.60338125440335,90.7621761347384,87.33848,25.873400000000004,,123.29945,551.79553,0.0,6.374849999999981,-19.15879488033505,6.522640000000024,0.48897999999999797,1,1,0,1,0,0,0,1,0,2205.8566488762526,990.9028094218235,102.46440338081793,0,1,1,1,14.830300000000022,1161.9195100000022,24.6743766666667,25.14050000000003,24.05233000000004,0.5605912518344582,24.48701285714288,25.14050000000003,23.614530000000002,0.5952618809038378,23.833785000000027,25.14050000000003,22.69870000000003,0.8431993664312156,23.60464476190479,25.14050000000003,22.526970000000006,0.8215161329798654,23.991876071428603,26.728970000000004,22.526970000000006,1.0852011605444127,90.25742542748081,93.7493977716978,88.18558500739383,3.0416416834512474,91.9257274585804,95.16001900968654,88.18558500739383,3.195137777208623,94.33444650257624,97.67859669104443,88.18558500739383,3.342867110010683,95.16325099301427,97.67859669104443,88.18558500739383,2.9691933683947336,94.76465482859041,99.10821430109279,88.18558500739383,3.0966848972577368,1.4482207999999999,1.788828,0.7670064,0.5899489758237741,1.6428534857142856,1.788828,0.7670064,0.3862122625534454,1.6413029642857144,1.788828,0.7670064,0.3250267384108261,1.6437904176190477,2.0606084,0.7670064,0.3405595284182635,1.4972082103571431,2.0606084,0.39322248,0.47705134617611966,199.40133000000003,269.57294,123.29945,73.3168435347547,192.09860428571432,269.57294,115.31278,56.23671538884104,154.32510071428572,269.57294,70.41947,58.249782055715656,139.29622023809523,269.57294,70.41947,53.37850729676874,150.35380017857145,269.57294,70.41947,57.96044987245312,87.079918,87.33848,86.86566,0.23950328058776965,87.66797542857144,88.38228,86.86566,0.5911448625570098,87.8913985,89.23858,86.803856,0.7644180200255914,88.080873,90.54425,86.803856,0.9259948736320456,88.32470903571428,91.15882,86.344666,1.2493099506036156,,,,,,,,,,,,,,,,,,,,,7.2516266666666525,8.529539999999997,6.374849999999981,1.1319696188649953,7.338561428571422,8.737520000000018,4.433879999999988,1.575895694511847,5.402042857142853,8.737520000000018,2.2301500000000374,2.3843932124915628,4.678630476190468,8.737520000000018,1.7839999999999918,2.367965331142913,5.281876428571422,9.771470000000022,1.7839999999999918,2.5438038188234704,-15.736202611222595,-4.814456315368147,-23.235356637964586,9.675639284005978,-10.999880553511508,-1.3577192136755514,-23.235356637964586,8.791011556695862,-5.6310085837347525,1.9197738278563463,-23.235356637964586,8.243390824558702,-3.681782455600254,4.0549789437665,-23.235356637964586,7.360561253106747,-7.0599820662360155,4.0549789437665,-32.975558594244674,9.462353609908325,18.3974015,11.154131,6.132467166666667,3.0,0.0,1.0,3.0,44.023130000000094,64.7681771,18.945988,9.25259672857143,7.0,0.0,4.0,7.0,101.40909000000016,143.0487268,19.101852,10.2177662,14.0,0.0,11.0,14.0,193.67299000000037,225.7231429,26.833271,10.74872109047619,21.0,1.0,18.0,21.0,285.6975400000006,326.6222676,41.843777,11.665080985714285,28.0,2.0,24.0,28.0,391.77253000000076,30,41,0,0,0,81,0,41,0,0,41,41,41,0
德宏农科所定点监测1,未知品种,2025-08-26,德宏农科所定点监测1_垦丰680,9.云南德宏农科所,9,,,,R5,0.0,0.0,22.0,4.666666666666666,100.0,56.99999999999999,0.0,0.0,0.0,0.0,22.0,0.0,4.222222222222222,0.44444444444444375,100.0,0.0,54.333333333333336,2.666666666666657,25.0,45895,24.46875,98.59375,1.0105966,2.3019216,0.20294012,0.74388707,0.0,0.74388707,0.019494917,0.020678343,0.017367372,300.63116,307.32812,294.62393,0.3657485,301.37625,306.71307,296.19693,90651.05,90920.836,90335.79,232.13454,823.3589,0.0,86.46118,300.88132,1.0105966,2.3019216,0.20294012,0.74388707,0.74388707,0.0,27.481160000000045,34.178120000000035,21.473929999999996,28.22625000000005,33.56307000000004,23.04693000000003,90.65105,90.920836,90.33578999999999,76.55254142606805,55.491514152631936,97.53220918055484,86.46118,27.73132000000004,,232.13454,823.3589,0.0,12.70419000000004,-42.04069502792291,10.516140000000007,0.5850460000000055,1,1,0,0,0,0,0,1,0,2103.752639336408,56.94644574249138,68.92920564142555,0,0,0,0,17.481160000000045,1251.7898500000024,25.780896666666706,27.481160000000045,23.78475000000003,1.8658836866839685,24.957234285714314,27.481160000000045,23.49642,1.4114241166030213,24.608599285714313,27.481160000000045,23.24096000000003,1.138633520824695,24.181724285714314,27.481160000000045,22.69870000000003,1.1551612253515615,23.950347857142884,27.481160000000045,22.526970000000006,1.1462342778480117,83.93572151028191,94.27446637321812,76.55254142606805,9.223241205185081,88.31169205884632,96.12532991666681,76.55254142606805,7.171157920832853,90.60980787780181,96.12532991666681,76.55254142606805,5.829597547940717,92.68166695153113,97.67859669104443,76.55254142606805,5.58557567379549,93.65884587852561,97.67859669104443,76.55254142606805,5.129191877010818,0.8892756999999998,1.0105966,0.6924561,0.17198367571176632,0.8412626285714285,1.0724033,0.658275,0.16951200106097467,1.3150453142857141,1.788828,0.658275,0.50497420931699,1.3847265747619049,1.788828,0.658275,0.46463720256366897,1.4893585417857143,2.0606084,0.658275,0.4609807187072431,186.74900333333338,232.13454,103.78026,71.95886579214286,144.8296665714286,232.13454,91.94325,59.295205559818086,170.71938614285713,269.57294,91.94325,59.462228524020865,151.34556361904762,269.57294,70.41947,57.193992127773186,144.1190443214286,269.57294,70.41947,55.72332439895163,88.891938,92.053314,86.46118,2.866765191802799,89.02455057142856,92.053314,86.46118,2.0294491583059706,88.39017871428571,92.053314,86.46118,1.5777668324039469,88.2797549047619,92.053314,86.46118,1.3771744299750237,88.28129903571428,92.053314,86.344666,1.3530965261714352,,,,,,,,,,,,,,,,,,,,,9.509753333333341,12.70419000000004,4.416380000000004,4.458297768995854,7.106237142857132,12.70419000000004,3.823159999999973,3.500641773854795,7.115099999999992,12.70419000000004,3.823159999999973,2.678379280693127,5.929023333333326,12.70419000000004,2.2301500000000374,2.837252937068413,5.3193803571428475,12.70419000000004,1.7839999999999918,2.8515284709088204,-28.562392712890688,-12.007732347692553,-42.04069502792291,15.25098999991945,-20.836134684155223,-7.712146734217356,-42.04069502792291,11.956082305389465,-14.66929612198442,-1.3577192136755514,-42.04069502792291,11.866205290055303,-9.847565906043098,1.9197738278563463,-42.04069502792291,11.878761289718023,-7.7645832572654205,4.0549789437665,-42.04069502792291,11.203919013392284,23.09033707,22.34645,7.696779023333334,2.0,0.0,1.0,2.0,47.34269000000012,84.21970607,30.835468,12.031386581428572,6.0,1.0,3.0,6.0,104.70064000000019,155.90062717,30.835468,11.135759083571429,13.0,1.0,8.0,13.0,204.52039000000036,221.66731947,30.835468,10.55558664142857,20.0,1.0,15.0,20.0,297.8162100000006,304.02798097,30.835468,10.8581421775,27.0,2.0,22.0,27.0,390.6097400000008,1,47,0,0,0,87,0,0,0,0,0,0,0,0
德宏勐嘎-2,未知品种,2025-08-05,德宏勐嘎-2_垦丰680,11.云南德宏勐嘎,11,,,,VT,0.0,0.0,100.0,11.333333333333334,0.0,0.0,,,,,,,,,,,,,10.0,45874,24.28125,98.40625,0.96793485,0.96793485,0.96793485,2.5562546,0.0,5.061897,0.01573284,0.016638616,0.014956901,292.7891,293.52322,291.8405,0.32632428,294.7615,296.6185,293.25238,85732.51,85886.84,85634.62,90.177635,297.42828,0.0,78.29902,294.81586,0.96793485,0.96793485,0.96793485,5.061897,2.5562546,0.0,19.63910000000004,20.373220000000003,18.690500000000043,21.611500000000035,23.468500000000006,20.10238000000004,85.73250999999999,85.88683999999999,85.63462,93.995469975571,95.10536679656812,94.7415122140708,78.29902,21.66586000000001,,90.177635,297.42828,0.0,1.6827199999999607,0.36385458249732494,3.3661199999999667,0.2522199999999941,1,1,1,1,0,0,0,0,1,1845.9864343972404,475.79538748293294,88.01610882496342,0,0,1,0,9.639100000000042,689.4091200000014,19.73044333333335,20.020960000000002,19.531270000000006,0.2573067768896407,20.312605714285723,22.108180000000004,19.531270000000006,0.857857285835961,21.23196285714287,24.280970000000025,19.531270000000006,1.406113270480716,21.823958571428587,24.280970000000025,19.531270000000006,1.4591910700428719,21.767946785714305,24.280970000000025,19.531270000000006,1.3581987561065227,93.42470191305945,93.995469975571,92.98981959953537,0.516412502064208,91.82966531063983,93.995469975571,86.91953766875295,2.333188206403451,92.2673239466446,99.1964016828473,85.77133184165847,4.014141538826362,92.38040724723402,99.1964016828473,85.77133184165847,3.6654181199118923,91.34901442055778,99.1964016828473,82.8020269627132,4.020608631814634,0.96793485,0.96793485,0.96793485,0.0,0.7341922285714285,0.96793485,0.5430671,0.2197876019433669,0.8158029935714285,1.4790808,0.5430671,0.2810845581280452,0.8854293242857142,1.4790808,0.5430671,0.2661857221981094,0.8767100162962962,1.4790808,0.5280129,0.25508518752908965,94.42773166666665,104.9206,88.18496,9.141548162614816,136.26194928571428,260.33005,88.18496,59.18641762488411,153.78030321428574,269.14694,88.18496,60.39864856005725,157.96355476190476,269.14694,88.18496,53.50563356052698,169.84429888888891,269.14694,88.18496,53.966552102697285,80.23513833333334,81.77449,78.29902,1.7713810349719261,78.57256357142856,81.77449,75.87481,2.1777371979242646,78.84203707142856,84.7609,74.80326,2.7783823922981448,78.24217161904761,84.7609,74.80326,2.4522552019495274,78.5619232962963,84.7609,74.80326,2.359610684785971,,,,,,,,,,,,,,,,,,,,,2.154443333333328,2.6493500000000267,1.6827199999999607,0.4837318362826169,3.503239999999989,6.211950000000002,1.6827199999999607,1.644261369004355,5.109735714285713,9.751660000000015,1.6827199999999607,2.6506534162606266,5.939096666666669,10.607529999999997,1.6827199999999607,2.788556265913133,6.306812142857148,10.607529999999997,1.6827199999999607,2.6009419452110505,-0.13784863121629107,0.36385458249732494,-0.7919799099743301,0.5928018891306137,-5.0515627793945,0.36385458249732494,-14.108304312338518,5.568360299150084,-10.025627967268987,0.36385458249732494,-25.673614241850885,8.784076063855093,-13.82995632333128,0.36385458249732494,-29.27675435748864,9.745084772396456,-14.89728726054407,0.36385458249732494,-30.91009274633778,9.651490055177778,33.4304335,21.262518,11.143477833333334,3.0,0.0,3.0,1.0,29.19133000000005,63.959838399999995,21.262518,9.137119771428571,7.0,0.0,6.0,5.0,72.18824000000006,165.0881377,46.8306,11.792009835714286,14.0,1.0,10.0,12.0,157.24748000000022,204.2775262,46.8306,9.727501247619049,20.0,1.0,15.0,19.0,248.30313000000035,263.45717052,46.8306,9.757672982222221,26.0,1.0,16.0,24.0,329.50251000000054,15,26,1,0,0,0,6,26,0,0,0,26,0,0
德宏勐嘎-2,未知品种,2025-08-13,德宏勐嘎-2_垦丰680,11.云南德宏勐嘎,11,,,,R1,0.0,0.0,100.0,11.444444444444445,0.0,0.0,0.0,0.0,0.0,0.0,100.0,0.0,11.333333333333334,0.11111111111111072,0.0,0.0,0.0,0.0,21.0,45882,24.28125,98.40625,0.9830966,0.9830966,0.9830966,7.454008,0.0,22.779812,0.015461165,0.017852183,0.01426722,292.83777,297.21405,291.22845,0.34232527,294.81302,299.8276,292.61243,85980.11,86067.72,85906.72,125.227806,754.88104,0.0,82.13833,294.8648,0.9830966,0.9830966,0.9830966,22.779812,7.454008,0.0,19.68777,24.06405000000001,18.078450000000032,21.663020000000017,26.67760000000004,19.46243000000004,85.98011,86.06772,85.90672,92.37454283104887,81.6004309667626,94.24798673791737,82.13833,21.714800000000025,,125.227806,754.88104,0.0,5.985599999999977,-12.64755577115477,7.2151700000000005,0.16099999999998715,1,1,1,1,0,0,0,0,0,1818.6487531128391,2104.274719277241,85.2874460422541,0,0,1,0,9.68777,770.2080900000014,19.944840000000017,20.692530000000033,19.45422000000002,0.6579640208248642,19.999907142857165,20.692530000000033,19.45422000000002,0.441619377243672,20.062787857142872,20.799620000000004,19.45422000000002,0.43051972114531173,20.655499047619067,23.360280000000046,19.45422000000002,1.0346704475769315,21.294751785714304,24.280970000000025,19.45422000000002,1.480763879159208,92.66675663669731,94.17168823750626,91.45403884153683,1.3821889310118323,92.61951021905965,94.17168823750626,91.34784072969163,1.1211670034300225,92.56006315271132,94.17168823750626,91.34784072969163,1.0015051599287073,92.47067474630424,99.1964016828473,85.77133184165847,3.2512025462150906,92.49514514425076,99.1964016828473,85.77133184165847,3.1713939743751602,0.9830966,0.9830966,0.9830966,0.0,0.9917559714285714,1.1917245,0.8250689,0.10651585943580903,0.8864835571428571,1.1917245,0.5430671,0.19217519865221797,0.863167290952381,1.4790808,0.5430671,0.2430922515238178,0.9070280574999999,1.4790808,0.5430671,0.23847285753016134,104.93976866666664,125.227806,75.35388,26.20476394142763,122.69050942857143,145.66014,75.35388,22.981920160043295,120.12723578571429,146.41737,75.35388,22.335682325094712,140.8971490952381,269.14694,75.35388,51.79230322569296,148.17764842857144,269.14694,75.35388,49.91300464923233,77.37587666666667,82.13833,74.70457,4.134594021247247,78.26410628571428,82.13833,74.70457,2.982181138897382,78.52547171428571,82.13833,74.70457,2.427527692612291,78.77184419047619,84.7609,74.70457,2.6625982046257293,78.24521260714286,84.7609,74.70457,2.536756654135418,,,,,,,,,,,,,,,,,,,,,4.150076666666659,5.985599999999977,2.1171299999999746,1.9417767674563786,4.471811428571422,6.003629999999987,2.1171299999999746,1.356688829115816,3.9934499999999917,6.294890000000009,1.6827199999999607,1.5423267263007396,4.802775714285712,9.751660000000015,1.6827199999999607,2.1752366828820695,5.519437857142857,10.607529999999997,1.6827199999999607,2.5346657502706904,-7.119525144209239,-0.6872029175373342,-12.64755577115477,6.031236819157454,-7.174948806507907,-0.6872029175373342,-12.64755577115477,4.302908279093005,-5.861671576254669,0.36385458249732494,-12.64755577115477,4.541350707257611,-8.563099308363789,0.36385458249732494,-25.673614241850885,7.06517421043675,-11.691399465343613,0.36385458249732494,-29.27675435748864,8.823154149267221,25.0477513,22.779812,8.349250433333333,3.0,0.0,3.0,1.0,29.834520000000055,62.36748023999999,22.779812,8.909640034285713,7.0,0.0,7.0,3.0,69.99935000000016,121.46525134000001,22.779812,8.676089381428572,14.0,0.0,14.0,8.0,140.87903000000023,230.00571954,46.8306,10.952653311428572,21.0,1.0,18.0,15.0,223.76548000000037,263.47436354,46.8306,9.409798697857143,27.0,1.0,22.0,22.0,316.2530500000005,23,34,0,0,0,0,14,34,0,0,0,34,0,0
德宏勐嘎-2,未知品种,2025-08-19,德宏勐嘎-2_垦丰680,11.云南德宏勐嘎,11,,,,R1,35.0,4.111111111111112,100.0,12.333333333333336,28.0,3.111111111111111,0.0,35.0,0.0,4.111111111111112,100.0,0.0,11.444444444444445,0.8888888888888911,0.0,28.0,0.0,3.111111111111111,21.0,45888,24.28125,98.40625,0.9830966,0.9830966,0.9830966,0.0,0.0,0.0,0.0155958915,0.017953465,0.013844215,294.55902,299.0088,291.11453,0.30845872,297.15826,303.60904,292.771,85901.26,86030.46,85802.266,255.48462,982.76825,0.0,74.012314,297.05774,0.9830966,0.9830966,0.9830966,0.0,0.0,0.0,21.409019999999998,25.85880000000003,17.964530000000025,24.008260000000007,30.459040000000016,19.621000000000038,85.90126,86.03046,85.802266,83.7056369799406,73.68880220265352,92.02288517941713,74.012314,23.907740000000047,,255.48462,982.76825,0.0,7.894270000000006,-18.33408297676361,10.838039999999978,0.228194000000002,1,0,0,1,0,0,0,1,0,1792.0556562162878,0.0,77.28363008427928,0,1,1,1,11.409019999999998,838.2357300000017,21.69263000000001,21.957150000000013,21.409019999999998,0.2745631899946003,21.102201428571448,21.957150000000013,19.68777,0.8886872399486786,20.630472142857165,21.957150000000013,19.45422000000002,0.8498717072338432,20.524516666666685,22.108180000000004,19.45422000000002,0.8448874281307097,20.93121750000002,24.280970000000025,19.45422000000002,1.1804771694017209,84.4803852113421,86.02896765577763,83.7056369799406,1.3411118146029366,87.80010074619784,92.81657238781301,83.7056369799406,3.890876789706381,90.15563764461204,94.17168823750626,83.7056369799406,3.6890676627265258,90.7136468666213,94.17168823750626,83.7056369799406,3.3366164475322684,91.21148079562832,99.1964016828473,83.7056369799406,3.9328046534913454,0.9830966,0.9830966,0.9830966,0.0,0.9830966,0.9830966,0.9830966,0.0,0.9795050642857144,1.1917245,0.8250689,0.07879683801165308,0.897734119047619,1.1917245,0.5430671,0.1804699775630106,0.8976540289285715,1.4790808,0.5430671,0.21903962876491737,213.92388999999994,255.48462,183.66144,37.220701827704865,180.93017457142858,255.48462,110.243416,50.8916008856308,152.11150871428572,255.48462,75.35388,48.33583891558855,146.82832223809524,260.33005,75.35388,51.26553027509509,152.9459059642857,269.14694,75.35388,53.6849675682805,75.684013,77.37284,74.012314,1.6803284724890128,78.74831128571428,82.13833,74.012314,3.1954929680236592,78.16595128571429,82.13833,74.012314,2.799933616303287,78.30148871428571,82.13833,74.012314,2.560683109195104,78.50399417857143,84.7609,74.012314,2.7586035422098614,,,,,,,,,,,,,,,,,,,,,8.069116666666673,8.208680000000015,7.894270000000006,0.16014711122385072,7.135302857142847,8.998369999999966,3.8032799999999725,1.760489544555858,5.825649285714279,8.998369999999966,2.1171299999999746,2.050715759741781,5.051512857142849,8.998369999999966,1.6827199999999607,2.19160092368147,5.4676924999999965,9.751660000000015,1.6827199999999607,2.353845618441557,-19.80390590026086,-18.33408297676361,-21.792818164786496,1.786841510373486,-16.34979602724156,-4.636424988982768,-23.364087267305464,6.404864223363716,-11.615127381691323,-0.6872029175373342,-23.364087267305464,7.0827128654949,-9.427272514259048,0.36385458249732494,-23.364087267305464,7.208412700318608,-10.820377674480154,0.36385458249732494,-25.673614241850885,7.87143955613149,1.8539693000000037,1.1335995,0.6179897666666679,2.0,0.0,0.0,3.0,35.077890000000025,65.1218973,22.779812,9.303128185714286,6.0,0.0,2.0,6.0,77.71541000000013,107.73916564,22.779812,7.6956546885714285,13.0,0.0,9.0,10.0,148.8266100000003,171.69900404,22.779812,8.17614304952381,20.0,0.0,15.0,15.0,221.01485000000037,272.82730334,46.8306,9.743832262142858,27.0,1.0,19.0,22.0,306.0740900000005,0,40,0,0,0,6,0,40,0,0,6,40,6,1
德宏勐嘎-2,未知品种,2025-08-26,德宏勐嘎-2_垦丰680,11.云南德宏勐嘎,11,,,,R2,100.0,13.444444444444445,100.0,12.000000000000002,100.0,15.555555555555555,35.0,65.0,4.111111111111112,9.333333333333332,100.0,0.0,12.333333333333336,0.0,28.0,72.0,3.111111111111111,12.444444444444445,22.0,45895,24.28125,98.40625,0.97795486,1.8763525,0.1685927,5.645711,0.0,6.9603295,0.018222533,0.020732468,0.016472649,297.01913,303.06058,292.76303,0.32337555,298.27594,303.73856,293.76532,86225.83,86437.36,85977.24,245.56985,831.20605,0.0,77.59149,297.83023,0.97795486,1.8763525,0.1685927,6.9603295,5.645711,0.0,23.86913000000004,29.91058000000004,19.613030000000037,25.125940000000014,30.58856000000003,20.615319999999997,86.22583,86.43736,85.97724000000001,84.4115095360374,67.36314587588494,98.81240063735193,77.59149,24.680229999999995,,245.56985,831.20605,0.0,10.297550000000001,-31.44925476146699,9.973240000000033,0.4601199999999892,1,1,0,1,0,0,0,1,0,2014.8292946119197,587.5319199632124,78.30709120420627,0,1,1,1,13.869130000000041,918.9963600000017,22.372636666666683,23.86913000000004,20.337199999999996,1.8266026712543209,21.53723285714287,23.86913000000004,20.335080000000005,1.3695471353786368,21.31971714285716,23.86913000000004,19.68777,1.1318782688789526,20.932725714285734,23.86913000000004,19.45422000000002,1.1063594438633904,20.77769571428573,23.86913000000004,19.45422000000002,1.0700470808832971,89.82718204610666,98.9725429785534,84.4115095360374,7.964851255643739,93.50547825418595,98.9725429785534,84.4115095360374,5.894831911489733,90.6527895001919,98.9725429785534,83.7056369799406,5.638176577341337,91.27225118113668,98.9725429785534,83.7056369799406,4.67857246191867,91.41160471351247,98.9725429785534,83.7056369799406,4.181416732508102,0.8144624733333335,0.97795486,0.662976,0.15783227498819932,0.8368694257142856,1.2356148,0.5965852,0.21418527758604006,0.9099830128571428,1.2356148,0.5965852,0.16410370819327796,0.9319598514285714,1.2356148,0.5965852,0.15015179416384083,0.8825179457142857,1.2356148,0.5430671,0.18719062743986972,190.45585999999994,245.56985,111.42145,70.2003431285938,160.64911485714288,245.56985,90.003914,60.018273795812945,170.7896447142857,255.48462,90.003914,54.48536445813073,154.95737742857142,255.48462,75.35388,51.14973559627122,150.28352039285716,260.33005,75.35388,52.76751109893464,79.42013333333334,82.86185,77.59149,2.9825622904531928,78.92843085714286,82.971886,74.860565,3.3617180553546246,78.83837107142857,82.971886,74.012314,3.1523799588485653,78.42011114285714,82.971886,74.012314,2.936282861132681,78.45822425000001,82.971886,74.012314,2.7285350552020797,,,,,,,,,,,,,,,,,,,,,7.683766666666656,10.297550000000001,3.157379999999989,3.9356124733303397,6.237899999999992,10.297550000000001,3.157379999999989,2.7585382784607724,6.68660142857142,10.297550000000001,3.157379999999989,2.2714245416507244,5.963066190476184,10.297550000000001,2.1171299999999746,2.2485657684032225,5.348109642857135,10.297550000000001,1.6827199999999607,2.3500113762758272,-21.509417281927256,-1.316872903855682,-31.762124180459097,17.48795608879515,-15.43245078506762,-1.316872903855682,-31.762124180459097,11.820616378670707,-15.89112340615459,-1.316872903855682,-31.762124180459097,9.145999006607378,-12.88756851615009,-0.6872029175373342,-31.762124180459097,8.827533573693257,-10.928567081961193,0.36385458249732494,-31.762124180459097,8.749417915939251,18.928856500000002,11.968527,6.309618833333334,2.0,0.0,1.0,3.0,37.11791000000005,90.47826909999999,45.36685,12.925467014285713,6.0,1.0,5.0,7.0,80.7606300000001,155.6001664,45.36685,11.1142976,12.0,1.0,7.0,13.0,158.47604000000024,198.21743474,45.36685,9.438925463809523,19.0,1.0,14.0,17.0,229.5872400000004,262.17727314,45.36685,9.363474040714285,26.0,1.0,20.0,22.0,301.77548000000047,1,47,0,0,0,13,0,47,0,0,13,47,13,0
德宏勐嘎-2,未知品种,2025-09-01,德宏勐嘎-2_垦丰680,11.云南德宏勐嘎,11,,,,R3,100.0,22.22222222222222,100.0,28.888888888888893,100.0,22.22222222222222,100.0,0.0,13.444444444444445,8.777777777777777,100.0,0.0,12.000000000000002,16.888888888888893,100.0,0.0,15.555555555555555,6.666666666666666,23.0,45901,24.28125,98.40625,0.98305184,2.3988426,0.1392874,0.67179835,0.0,1.3261623,0.017424287,0.020146674,0.015474643,295.71884,301.8422,292.88696,0.30896306,296.58923,302.47223,293.32733,86265.17,86428.79,86048.664,154.05687,700.2071,0.0,74.13333,296.56064,0.98305184,2.3988426,0.1392874,1.3261623,0.67179835,0.0,22.568840000000023,28.692200000000014,19.73696000000001,23.43923000000001,29.322230000000047,20.17733000000004,86.26517,86.42878999999999,86.048664,87.39961028412863,70.2549012800464,92.24580016363826,74.13333,23.41064,,154.05687,700.2071,0.0,8.955240000000003,-21.990898883591868,9.144900000000007,0.38012599999998997,1,1,0,1,0,0,0,1,0,1972.5078205648556,115.90606819350367,80.69753178585489,0,1,1,1,12.568840000000023,992.6367500000019,22.643163333333366,23.355800000000045,22.004850000000033,0.6785347773204795,22.501360000000034,23.86913000000004,21.18282000000005,0.9039066821857455,21.843574285714308,23.86913000000004,20.335080000000005,1.1068976455266761,21.50336428571431,23.86913000000004,19.45422000000002,1.1748083668180604,21.17381178571431,23.86913000000004,19.45422000000002,1.1868222480627406,87.96850407240409,92.91418551763896,83.5917164154447,4.687199339381121,90.29560734342267,97.37327540818667,83.5917164154447,5.201484362809002,91.85012333051168,98.9725429785534,83.5917164154447,5.669918049339971,90.99849919562449,98.9725429785534,83.5917164154447,5.2316460187229765,91.37037452312009,98.9725429785534,83.5917164154447,4.582037516791745,0.9267100666666668,0.98305184,0.8387696,0.07715697803915657,0.8990922428571428,1.039496,0.71318024,0.12123990957773714,0.8683481014285714,1.2356148,0.5965852,0.17055408211797338,0.9065976009523811,1.2356148,0.5965852,0.14825654303147606,0.9233850917857144,1.2356148,0.5965852,0.14191648500516305,168.47348999999997,199.8988,151.4648,27.245959116322258,169.77779285714286,245.56985,102.62854,44.431787008570794,165.9216517142857,255.48462,90.003914,52.208632797192585,162.3468383809524,255.48462,75.35388,51.21708154574805,153.11275932142854,255.48462,75.35388,47.7644861885193,75.14336666666667,76.52385,74.13333,1.2375659648008401,77.08453428571428,79.3072,74.13333,2.0467228527971817,77.75082714285715,82.971886,74.012314,3.0345105456174535,78.11628642857143,82.971886,74.012314,3.0036445462903854,78.11148585714285,82.971886,74.012314,2.7669812967613994,,,,,,,,,,,,,,,,,,,,,8.498170000000016,9.615220000000022,6.9240500000000225,1.4025989201835303,7.683001428571434,10.297550000000001,3.7239700000000084,2.2003657123035123,6.788787857142856,10.297550000000001,3.157379999999989,2.3425693093766795,6.629190952380947,10.297550000000001,2.1171299999999746,2.35417770664601,6.0853774999999946,10.297550000000001,1.6827199999999607,2.356964373005979,-21.552485604184838,-12.32867400449372,-30.337883924468926,9.012605901630426,-20.314263213108237,-8.303366795310566,-31.44925476146699,8.573371483670748,-16.93655901446626,-1.316872903855682,-31.762124180459097,9.472272682078101,-15.900643730190108,-0.6872029175373342,-31.762124180459097,9.095350645267656,-13.608059713819472,0.36385458249732494,-31.762124180459097,9.03110414551468,4.0762136700000005,2.1119967,1.3587378900000002,3.0,0.0,1.0,3.0,37.9294900000001,36.03769336999999,12.755139,5.1482419099999985,7.0,0.0,4.0,7.0,87.50952000000024,119.55563297,45.36685,8.539688069285715,12.0,1.0,9.0,14.0,165.8100400000003,186.31411357,45.36685,8.872100646190475,19.0,1.0,12.0,19.0,241.57065000000046,232.35669561,45.36685,8.298453414642857,26.0,1.0,19.0,23.0,312.86673000000064,7,53,0,0,0,19,0,53,0,0,19,53,19,0
德宏勐嘎-2,未知品种,2025-09-17,德宏勐嘎-2_垦丰680,11.云南德宏勐嘎,11,,,,R4,100.0,57.777777777777786,100.0,55.55555555555556,100.0,57.777777777777786,100.0,0.0,22.22222222222222,35.555555555555564,100.0,0.0,28.888888888888893,26.666666666666664,100.0,0.0,22.22222222222222,35.555555555555564,24.0,45917,24.28125,98.40625,0.6747072,1.4764684,0.23439081,0.15562823,0.0,0.30983275,0.016931664,0.019083228,0.014851298,294.79013,300.32016,291.2181,0.31050435,296.21262,301.59656,292.23065,86485.56,86691.16,86264.625,198.94781,712.7304,0.0,74.50314,296.08383,0.6747072,1.4764684,0.23439081,0.30983275,0.15562823,0.0,21.64013,27.17016000000001,18.068100000000015,23.062620000000038,28.446560000000034,19.08065000000005,86.48555999999999,86.69116,86.264625,90.13441661200036,72.99996245041174,98.54454775272247,74.50314,22.93383,,198.94781,712.7304,0.0,9.102059999999994,-25.544585302310722,9.365909999999985,0.4265350000000012,1,1,1,1,0,0,0,1,0,1950.5204929578474,27.926594168541754,116.34642947942187,0,1,1,1,11.64013,1187.2455500000024,21.098913333333353,21.64013,20.726560000000006,0.4796234515047564,21.111834285714306,22.23684000000003,19.92953,0.7254352923327462,22.046671428571447,23.477800000000002,19.92953,1.1299325579932384,22.204795714285737,23.477800000000002,19.92953,1.0321892880793284,22.062869285714306,23.86913000000004,19.92953,1.1266271255748235,94.15026921011459,96.5512882571757,90.13441661200036,3.499975139321484,95.2991384010164,99.52756400315354,90.13441661200036,3.3036065440422746,91.52624416858772,99.52756400315354,84.7424003341775,4.796754332876259,91.22823729677442,99.52756400315354,83.5917164154447,4.645289669644652,91.75155056788107,99.52756400315354,83.5917164154447,4.94595575815592,0.9034018500000002,1.0987685,0.6747072,0.2139861285864636,0.8485931314285714,1.1077231,0.5704552,0.22226246912633438,0.8435680892857144,1.1077231,0.5704552,0.16203433401773076,0.8612805976190477,1.1077231,0.5704552,0.14472065853971047,0.8537790325000001,1.2356148,0.5704552,0.16179502322789632,146.39943999999994,198.94781,112.93202,46.073213714781275,127.92780428571427,198.94781,72.07063,44.74728558123836,160.92505357142858,217.05873,72.07063,47.94918780414333,160.91343285714288,217.05873,72.07063,42.81125533997425,159.3964469285714,245.56985,72.07063,45.77475157640828,76.66544,77.79057,74.50314,1.8731231160552635,74.99977942857143,78.24588,68.309906,3.6199017621155996,72.41456185714286,78.24588,67.95674,3.756629936718975,73.46522742857142,79.25742,67.95674,3.638733626561439,74.98983667857144,82.971886,67.95674,4.3403286361285565,,,,,,,,,,,,,,,,,,,,,6.7323233333333405,9.102059999999994,4.713009999999997,2.215409072842602,5.654338571428574,9.102059999999994,3.2915700000000356,2.033022130961921,7.411830714285713,10.926119999999969,3.2915700000000356,2.3921489140663175,7.437159047619048,10.926119999999969,3.2915700000000356,2.260314880749807,7.183522142857141,10.926119999999969,3.157379999999989,2.3865514705522743,-16.32574553393164,-8.688221212278648,-25.544585302310722,8.538716032898124,-12.939559751944355,-1.817852592709329,-25.544585302310722,8.902110679039868,-21.430015711448274,-1.817852592709329,-36.364352525442634,11.060641933506474,-21.086098176618847,-1.817852592709329,-36.364352525442634,10.117612250632499,-19.86446653013461,-1.316872903855682,-36.364352525442634,10.550445149485338,11.33689835,6.577956,3.7789661166666666,3.0,0.0,3.0,3.0,33.29674000000006,61.69259304999999,27.104548,8.813227578571427,7.0,1.0,7.0,6.0,77.78284000000014,62.07177095,27.104548,4.433697925,9.0,1.0,8.0,13.0,168.65340000000026,80.52648,27.104548,3.834594285714286,16.0,1.0,12.0,20.0,256.3007100000005,178.5300168,45.36685,6.3760720285714285,22.0,2.0,17.0,27.0,337.7603400000006,7,69,0,0,0,4,7,69,0,0,4,69,4,0
德宏勐嘎-3,未知品种,2025-08-05,德宏勐嘎-3_垦丰680,11.云南德宏勐嘎,11,,,,R2,0.0,0.0,100.0,38.111111111111114,0.0,0.0,,,,,,,,,,,,,22.0,45874,24.28125,98.40625,0.96793485,0.96793485,0.96793485,2.5562546,0.0,5.061897,0.01573284,0.016638616,0.014956901,292.7891,293.52322,291.8405,0.32632428,294.7615,296.6185,293.25238,85732.51,85886.84,85634.62,90.177635,297.42828,0.0,78.29902,294.81586,0.96793485,0.96793485,0.96793485,5.061897,2.5562546,0.0,19.63910000000004,20.373220000000003,18.690500000000043,21.611500000000035,23.468500000000006,20.10238000000004,85.73250999999999,85.88683999999999,85.63462,93.995469975571,95.10536679656812,94.7415122140708,78.29902,21.66586000000001,,90.177635,297.42828,0.0,1.6827199999999607,0.36385458249732494,3.3661199999999667,0.2522199999999941,1,1,1,1,0,0,0,0,1,1845.9864343972404,475.79538748293294,88.01610882496342,0,0,1,0,9.639100000000042,689.4091200000014,19.73044333333335,20.020960000000002,19.531270000000006,0.2573067768896407,20.312605714285723,22.108180000000004,19.531270000000006,0.857857285835961,21.23196285714287,24.280970000000025,19.531270000000006,1.406113270480716,21.823958571428587,24.280970000000025,19.531270000000006,1.4591910700428719,21.767946785714305,24.280970000000025,19.531270000000006,1.3581987561065227,93.42470191305945,93.995469975571,92.98981959953537,0.516412502064208,91.82966531063983,93.995469975571,86.91953766875295,2.333188206403451,92.2673239466446,99.1964016828473,85.77133184165847,4.014141538826362,92.38040724723402,99.1964016828473,85.77133184165847,3.6654181199118923,91.34901442055778,99.1964016828473,82.8020269627132,4.020608631814634,0.96793485,0.96793485,0.96793485,0.0,0.7341922285714285,0.96793485,0.5430671,0.2197876019433669,0.8158029935714285,1.4790808,0.5430671,0.2810845581280452,0.8854293242857142,1.4790808,0.5430671,0.2661857221981094,0.8767100162962962,1.4790808,0.5280129,0.25508518752908965,94.42773166666665,104.9206,88.18496,9.141548162614816,136.26194928571428,260.33005,88.18496,59.18641762488411,153.78030321428574,269.14694,88.18496,60.39864856005725,157.96355476190476,269.14694,88.18496,53.50563356052698,169.84429888888891,269.14694,88.18496,53.966552102697285,80.23513833333334,81.77449,78.29902,1.7713810349719261,78.57256357142856,81.77449,75.87481,2.1777371979242646,78.84203707142856,84.7609,74.80326,2.7783823922981448,78.24217161904761,84.7609,74.80326,2.4522552019495274,78.5619232962963,84.7609,74.80326,2.359610684785971,,,,,,,,,,,,,,,,,,,,,2.154443333333328,2.6493500000000267,1.6827199999999607,0.4837318362826169,3.503239999999989,6.211950000000002,1.6827199999999607,1.644261369004355,5.109735714285713,9.751660000000015,1.6827199999999607,2.6506534162606266,5.939096666666669,10.607529999999997,1.6827199999999607,2.788556265913133,6.306812142857148,10.607529999999997,1.6827199999999607,2.6009419452110505,-0.13784863121629107,0.36385458249732494,-0.7919799099743301,0.5928018891306137,-5.0515627793945,0.36385458249732494,-14.108304312338518,5.568360299150084,-10.025627967268987,0.36385458249732494,-25.673614241850885,8.784076063855093,-13.82995632333128,0.36385458249732494,-29.27675435748864,9.745084772396456,-14.89728726054407,0.36385458249732494,-30.91009274633778,9.651490055177778,33.4304335,21.262518,11.143477833333334,3.0,0.0,3.0,1.0,29.19133000000005,63.959838399999995,21.262518,9.137119771428571,7.0,0.0,6.0,5.0,72.18824000000006,165.0881377,46.8306,11.792009835714286,14.0,1.0,10.0,12.0,157.24748000000022,204.2775262,46.8306,9.727501247619049,20.0,1.0,15.0,19.0,248.30313000000035,263.45717052,46.8306,9.757672982222221,26.0,1.0,16.0,24.0,329.50251000000054,15,26,1,0,0,0,6,26,0,0,0,26,0,0
德宏勐嘎-3,未知品种,2025-08-13,德宏勐嘎-3_垦丰680,11.云南德宏勐嘎,11,,,,R3,0.0,0.0,100.0,52.33333333333333,0.0,0.0,0.0,0.0,0.0,0.0,100.0,0.0,38.111111111111114,14.222222222222214,0.0,0.0,0.0,0.0,23.0,45882,24.28125,98.40625,0.9830966,0.9830966,0.9830966,7.454008,0.0,22.779812,0.015461165,0.017852183,0.01426722,292.83777,297.21405,291.22845,0.34232527,294.81302,299.8276,292.61243,85980.11,86067.72,85906.72,125.227806,754.88104,0.0,82.13833,294.8648,0.9830966,0.9830966,0.9830966,22.779812,7.454008,0.0,19.68777,24.06405000000001,18.078450000000032,21.663020000000017,26.67760000000004,19.46243000000004,85.98011,86.06772,85.90672,92.37454283104887,81.6004309667626,94.24798673791737,82.13833,21.714800000000025,,125.227806,754.88104,0.0,5.985599999999977,-12.64755577115477,7.2151700000000005,0.16099999999998715,1,1,1,1,0,0,0,0,0,1818.6487531128391,2104.274719277241,85.2874460422541,0,0,1,0,9.68777,770.2080900000014,19.944840000000017,20.692530000000033,19.45422000000002,0.6579640208248642,19.999907142857165,20.692530000000033,19.45422000000002,0.441619377243672,20.062787857142872,20.799620000000004,19.45422000000002,0.43051972114531173,20.655499047619067,23.360280000000046,19.45422000000002,1.0346704475769315,21.294751785714304,24.280970000000025,19.45422000000002,1.480763879159208,92.66675663669731,94.17168823750626,91.45403884153683,1.3821889310118323,92.61951021905965,94.17168823750626,91.34784072969163,1.1211670034300225,92.56006315271132,94.17168823750626,91.34784072969163,1.0015051599287073,92.47067474630424,99.1964016828473,85.77133184165847,3.2512025462150906,92.49514514425076,99.1964016828473,85.77133184165847,3.1713939743751602,0.9830966,0.9830966,0.9830966,0.0,0.9917559714285714,1.1917245,0.8250689,0.10651585943580903,0.8864835571428571,1.1917245,0.5430671,0.19217519865221797,0.863167290952381,1.4790808,0.5430671,0.2430922515238178,0.9070280574999999,1.4790808,0.5430671,0.23847285753016134,104.93976866666664,125.227806,75.35388,26.20476394142763,122.69050942857143,145.66014,75.35388,22.981920160043295,120.12723578571429,146.41737,75.35388,22.335682325094712,140.8971490952381,269.14694,75.35388,51.79230322569296,148.17764842857144,269.14694,75.35388,49.91300464923233,77.37587666666667,82.13833,74.70457,4.134594021247247,78.26410628571428,82.13833,74.70457,2.982181138897382,78.52547171428571,82.13833,74.70457,2.427527692612291,78.77184419047619,84.7609,74.70457,2.6625982046257293,78.24521260714286,84.7609,74.70457,2.536756654135418,,,,,,,,,,,,,,,,,,,,,4.150076666666659,5.985599999999977,2.1171299999999746,1.9417767674563786,4.471811428571422,6.003629999999987,2.1171299999999746,1.356688829115816,3.9934499999999917,6.294890000000009,1.6827199999999607,1.5423267263007396,4.802775714285712,9.751660000000015,1.6827199999999607,2.1752366828820695,5.519437857142857,10.607529999999997,1.6827199999999607,2.5346657502706904,-7.119525144209239,-0.6872029175373342,-12.64755577115477,6.031236819157454,-7.174948806507907,-0.6872029175373342,-12.64755577115477,4.302908279093005,-5.861671576254669,0.36385458249732494,-12.64755577115477,4.541350707257611,-8.563099308363789,0.36385458249732494,-25.673614241850885,7.06517421043675,-11.691399465343613,0.36385458249732494,-29.27675435748864,8.823154149267221,25.0477513,22.779812,8.349250433333333,3.0,0.0,3.0,1.0,29.834520000000055,62.36748023999999,22.779812,8.909640034285713,7.0,0.0,7.0,3.0,69.99935000000016,121.46525134000001,22.779812,8.676089381428572,14.0,0.0,14.0,8.0,140.87903000000023,230.00571954,46.8306,10.952653311428572,21.0,1.0,18.0,15.0,223.76548000000037,263.47436354,46.8306,9.409798697857143,27.0,1.0,22.0,22.0,316.2530500000005,23,34,0,0,0,0,14,34,0,0,0,34,0,0
德宏勐嘎-3,未知品种,2025-08-19,德宏勐嘎-3_垦丰680,11.云南德宏勐嘎,11,,,,R3,1.0,0.1111111111111111,100.0,60.88888888888889,0.0,0.0,0.0,1.0,0.0,0.1111111111111111,100.0,0.0,52.33333333333333,8.555555555555564,0.0,0.0,0.0,0.0,23.0,45888,24.28125,98.40625,0.9830966,0.9830966,0.9830966,0.0,0.0,0.0,0.0155958915,0.017953465,0.013844215,294.55902,299.0088,291.11453,0.30845872,297.15826,303.60904,292.771,85901.26,86030.46,85802.266,255.48462,982.76825,0.0,74.012314,297.05774,0.9830966,0.9830966,0.9830966,0.0,0.0,0.0,21.409019999999998,25.85880000000003,17.964530000000025,24.008260000000007,30.459040000000016,19.621000000000038,85.90126,86.03046,85.802266,83.7056369799406,73.68880220265352,92.02288517941713,74.012314,23.907740000000047,,255.48462,982.76825,0.0,7.894270000000006,-18.33408297676361,10.838039999999978,0.228194000000002,1,0,0,1,0,0,0,1,0,1792.0556562162878,0.0,77.28363008427928,0,1,1,1,11.409019999999998,838.2357300000017,21.69263000000001,21.957150000000013,21.409019999999998,0.2745631899946003,21.102201428571448,21.957150000000013,19.68777,0.8886872399486786,20.630472142857165,21.957150000000013,19.45422000000002,0.8498717072338432,20.524516666666685,22.108180000000004,19.45422000000002,0.8448874281307097,20.93121750000002,24.280970000000025,19.45422000000002,1.1804771694017209,84.4803852113421,86.02896765577763,83.7056369799406,1.3411118146029366,87.80010074619784,92.81657238781301,83.7056369799406,3.890876789706381,90.15563764461204,94.17168823750626,83.7056369799406,3.6890676627265258,90.7136468666213,94.17168823750626,83.7056369799406,3.3366164475322684,91.21148079562832,99.1964016828473,83.7056369799406,3.9328046534913454,0.9830966,0.9830966,0.9830966,0.0,0.9830966,0.9830966,0.9830966,0.0,0.9795050642857144,1.1917245,0.8250689,0.07879683801165308,0.897734119047619,1.1917245,0.5430671,0.1804699775630106,0.8976540289285715,1.4790808,0.5430671,0.21903962876491737,213.92388999999994,255.48462,183.66144,37.220701827704865,180.93017457142858,255.48462,110.243416,50.8916008856308,152.11150871428572,255.48462,75.35388,48.33583891558855,146.82832223809524,260.33005,75.35388,51.26553027509509,152.9459059642857,269.14694,75.35388,53.6849675682805,75.684013,77.37284,74.012314,1.6803284724890128,78.74831128571428,82.13833,74.012314,3.1954929680236592,78.16595128571429,82.13833,74.012314,2.799933616303287,78.30148871428571,82.13833,74.012314,2.560683109195104,78.50399417857143,84.7609,74.012314,2.7586035422098614,,,,,,,,,,,,,,,,,,,,,8.069116666666673,8.208680000000015,7.894270000000006,0.16014711122385072,7.135302857142847,8.998369999999966,3.8032799999999725,1.760489544555858,5.825649285714279,8.998369999999966,2.1171299999999746,2.050715759741781,5.051512857142849,8.998369999999966,1.6827199999999607,2.19160092368147,5.4676924999999965,9.751660000000015,1.6827199999999607,2.353845618441557,-19.80390590026086,-18.33408297676361,-21.792818164786496,1.786841510373486,-16.34979602724156,-4.636424988982768,-23.364087267305464,6.404864223363716,-11.615127381691323,-0.6872029175373342,-23.364087267305464,7.0827128654949,-9.427272514259048,0.36385458249732494,-23.364087267305464,7.208412700318608,-10.820377674480154,0.36385458249732494,-25.673614241850885,7.87143955613149,1.8539693000000037,1.1335995,0.6179897666666679,2.0,0.0,0.0,3.0,35.077890000000025,65.1218973,22.779812,9.303128185714286,6.0,0.0,2.0,6.0,77.71541000000013,107.73916564,22.779812,7.6956546885714285,13.0,0.0,9.0,10.0,148.8266100000003,171.69900404,22.779812,8.17614304952381,20.0,0.0,15.0,15.0,221.01485000000037,272.82730334,46.8306,9.743832262142858,27.0,1.0,19.0,22.0,306.0740900000005,0,40,0,0,0,6,0,40,0,0,6,40,6,1
德宏勐嘎-3,未知品种,2025-08-26,德宏勐嘎-3_垦丰680,11.云南德宏勐嘎,11,,,,R4,20.0,4.444444444444445,100.0,69.44444444444444,0.0,0.0,1.0,19.0,0.1111111111111111,4.333333333333334,100.0,0.0,60.88888888888889,8.55555555555555,0.0,0.0,0.0,0.0,24.0,45895,24.28125,98.40625,0.97795486,1.8763525,0.1685927,5.645711,0.0,6.9603295,0.018222533,0.020732468,0.016472649,297.01913,303.06058,292.76303,0.32337555,298.27594,303.73856,293.76532,86225.83,86437.36,85977.24,245.56985,831.20605,0.0,77.59149,297.83023,0.97795486,1.8763525,0.1685927,6.9603295,5.645711,0.0,23.86913000000004,29.91058000000004,19.613030000000037,25.125940000000014,30.58856000000003,20.615319999999997,86.22583,86.43736,85.97724000000001,84.4115095360374,67.36314587588494,98.81240063735193,77.59149,24.680229999999995,,245.56985,831.20605,0.0,10.297550000000001,-31.44925476146699,9.973240000000033,0.4601199999999892,1,1,0,1,0,0,0,1,0,2014.8292946119197,587.5319199632124,78.30709120420627,0,1,1,1,13.869130000000041,918.9963600000017,22.372636666666683,23.86913000000004,20.337199999999996,1.8266026712543209,21.53723285714287,23.86913000000004,20.335080000000005,1.3695471353786368,21.31971714285716,23.86913000000004,19.68777,1.1318782688789526,20.932725714285734,23.86913000000004,19.45422000000002,1.1063594438633904,20.77769571428573,23.86913000000004,19.45422000000002,1.0700470808832971,89.82718204610666,98.9725429785534,84.4115095360374,7.964851255643739,93.50547825418595,98.9725429785534,84.4115095360374,5.894831911489733,90.6527895001919,98.9725429785534,83.7056369799406,5.638176577341337,91.27225118113668,98.9725429785534,83.7056369799406,4.67857246191867,91.41160471351247,98.9725429785534,83.7056369799406,4.181416732508102,0.8144624733333335,0.97795486,0.662976,0.15783227498819932,0.8368694257142856,1.2356148,0.5965852,0.21418527758604006,0.9099830128571428,1.2356148,0.5965852,0.16410370819327796,0.9319598514285714,1.2356148,0.5965852,0.15015179416384083,0.8825179457142857,1.2356148,0.5430671,0.18719062743986972,190.45585999999994,245.56985,111.42145,70.2003431285938,160.64911485714288,245.56985,90.003914,60.018273795812945,170.7896447142857,255.48462,90.003914,54.48536445813073,154.95737742857142,255.48462,75.35388,51.14973559627122,150.28352039285716,260.33005,75.35388,52.76751109893464,79.42013333333334,82.86185,77.59149,2.9825622904531928,78.92843085714286,82.971886,74.860565,3.3617180553546246,78.83837107142857,82.971886,74.012314,3.1523799588485653,78.42011114285714,82.971886,74.012314,2.936282861132681,78.45822425000001,82.971886,74.012314,2.7285350552020797,,,,,,,,,,,,,,,,,,,,,7.683766666666656,10.297550000000001,3.157379999999989,3.9356124733303397,6.237899999999992,10.297550000000001,3.157379999999989,2.7585382784607724,6.68660142857142,10.297550000000001,3.157379999999989,2.2714245416507244,5.963066190476184,10.297550000000001,2.1171299999999746,2.2485657684032225,5.348109642857135,10.297550000000001,1.6827199999999607,2.3500113762758272,-21.509417281927256,-1.316872903855682,-31.762124180459097,17.48795608879515,-15.43245078506762,-1.316872903855682,-31.762124180459097,11.820616378670707,-15.89112340615459,-1.316872903855682,-31.762124180459097,9.145999006607378,-12.88756851615009,-0.6872029175373342,-31.762124180459097,8.827533573693257,-10.928567081961193,0.36385458249732494,-31.762124180459097,8.749417915939251,18.928856500000002,11.968527,6.309618833333334,2.0,0.0,1.0,3.0,37.11791000000005,90.47826909999999,45.36685,12.925467014285713,6.0,1.0,5.0,7.0,80.7606300000001,155.6001664,45.36685,11.1142976,12.0,1.0,7.0,13.0,158.47604000000024,198.21743474,45.36685,9.438925463809523,19.0,1.0,14.0,17.0,229.5872400000004,262.17727314,45.36685,9.363474040714285,26.0,1.0,20.0,22.0,301.77548000000047,1,47,0,0,0,13,0,47,0,0,13,47,13,0
德宏勐嘎-3,未知品种,2025-09-01,德宏勐嘎-3_垦丰680,11.云南德宏勐嘎,11,,,,R4,100.0,14.777777777777779,100.0,77.33333333333333,100.0,22.22222222222222,20.0,80.0,4.444444444444445,10.333333333333334,100.0,0.0,69.44444444444444,7.888888888888886,0.0,100.0,0.0,22.22222222222222,24.0,45901,24.28125,98.40625,0.98305184,2.3988426,0.1392874,0.67179835,0.0,1.3261623,0.017424287,0.020146674,0.015474643,295.71884,301.8422,292.88696,0.30896306,296.58923,302.47223,293.32733,86265.17,86428.79,86048.664,154.05687,700.2071,0.0,74.13333,296.56064,0.98305184,2.3988426,0.1392874,1.3261623,0.67179835,0.0,22.568840000000023,28.692200000000014,19.73696000000001,23.43923000000001,29.322230000000047,20.17733000000004,86.26517,86.42878999999999,86.048664,87.39961028412863,70.2549012800464,92.24580016363826,74.13333,23.41064,,154.05687,700.2071,0.0,8.955240000000003,-21.990898883591868,9.144900000000007,0.38012599999998997,1,1,0,1,0,0,0,1,0,1972.5078205648556,115.90606819350367,80.69753178585489,0,1,1,1,12.568840000000023,992.6367500000019,22.643163333333366,23.355800000000045,22.004850000000033,0.6785347773204795,22.501360000000034,23.86913000000004,21.18282000000005,0.9039066821857455,21.843574285714308,23.86913000000004,20.335080000000005,1.1068976455266761,21.50336428571431,23.86913000000004,19.45422000000002,1.1748083668180604,21.17381178571431,23.86913000000004,19.45422000000002,1.1868222480627406,87.96850407240409,92.91418551763896,83.5917164154447,4.687199339381121,90.29560734342267,97.37327540818667,83.5917164154447,5.201484362809002,91.85012333051168,98.9725429785534,83.5917164154447,5.669918049339971,90.99849919562449,98.9725429785534,83.5917164154447,5.2316460187229765,91.37037452312009,98.9725429785534,83.5917164154447,4.582037516791745,0.9267100666666668,0.98305184,0.8387696,0.07715697803915657,0.8990922428571428,1.039496,0.71318024,0.12123990957773714,0.8683481014285714,1.2356148,0.5965852,0.17055408211797338,0.9065976009523811,1.2356148,0.5965852,0.14825654303147606,0.9233850917857144,1.2356148,0.5965852,0.14191648500516305,168.47348999999997,199.8988,151.4648,27.245959116322258,169.77779285714286,245.56985,102.62854,44.431787008570794,165.9216517142857,255.48462,90.003914,52.208632797192585,162.3468383809524,255.48462,75.35388,51.21708154574805,153.11275932142854,255.48462,75.35388,47.7644861885193,75.14336666666667,76.52385,74.13333,1.2375659648008401,77.08453428571428,79.3072,74.13333,2.0467228527971817,77.75082714285715,82.971886,74.012314,3.0345105456174535,78.11628642857143,82.971886,74.012314,3.0036445462903854,78.11148585714285,82.971886,74.012314,2.7669812967613994,,,,,,,,,,,,,,,,,,,,,8.498170000000016,9.615220000000022,6.9240500000000225,1.4025989201835303,7.683001428571434,10.297550000000001,3.7239700000000084,2.2003657123035123,6.788787857142856,10.297550000000001,3.157379999999989,2.3425693093766795,6.629190952380947,10.297550000000001,2.1171299999999746,2.35417770664601,6.0853774999999946,10.297550000000001,1.6827199999999607,2.356964373005979,-21.552485604184838,-12.32867400449372,-30.337883924468926,9.012605901630426,-20.314263213108237,-8.303366795310566,-31.44925476146699,8.573371483670748,-16.93655901446626,-1.316872903855682,-31.762124180459097,9.472272682078101,-15.900643730190108,-0.6872029175373342,-31.762124180459097,9.095350645267656,-13.608059713819472,0.36385458249732494,-31.762124180459097,9.03110414551468,4.0762136700000005,2.1119967,1.3587378900000002,3.0,0.0,1.0,3.0,37.9294900000001,36.03769336999999,12.755139,5.1482419099999985,7.0,0.0,4.0,7.0,87.50952000000024,119.55563297,45.36685,8.539688069285715,12.0,1.0,9.0,14.0,165.8100400000003,186.31411357,45.36685,8.872100646190475,19.0,1.0,12.0,19.0,241.57065000000046,232.35669561,45.36685,8.298453414642857,26.0,1.0,19.0,23.0,312.86673000000064,7,53,0,0,0,19,0,53,0,0,19,53,19,0
德宏勐嘎-3,未知品种,2025-09-17,德宏勐嘎-3_垦丰680,11.云南德宏勐嘎,11,,,,R5,,,100.0,100.0,,,100.0,,14.777777777777779,,100.0,0.0,77.33333333333333,22.66666666666667,100.0,,22.22222222222222,,25.0,45917,24.28125,98.40625,0.6747072,1.4764684,0.23439081,0.15562823,0.0,0.30983275,0.016931664,0.019083228,0.014851298,294.79013,300.32016,291.2181,0.31050435,296.21262,301.59656,292.23065,86485.56,86691.16,86264.625,198.94781,712.7304,0.0,74.50314,296.08383,0.6747072,1.4764684,0.23439081,0.30983275,0.15562823,0.0,21.64013,27.17016000000001,18.068100000000015,23.062620000000038,28.446560000000034,19.08065000000005,86.48555999999999,86.69116,86.264625,90.13441661200036,72.99996245041174,98.54454775272247,74.50314,22.93383,,198.94781,712.7304,0.0,9.102059999999994,-25.544585302310722,9.365909999999985,0.4265350000000012,1,1,1,1,0,0,0,1,0,1950.5204929578474,27.926594168541754,116.34642947942187,0,1,1,1,11.64013,1187.2455500000024,21.098913333333353,21.64013,20.726560000000006,0.4796234515047564,21.111834285714306,22.23684000000003,19.92953,0.7254352923327462,22.046671428571447,23.477800000000002,19.92953,1.1299325579932384,22.204795714285737,23.477800000000002,19.92953,1.0321892880793284,22.062869285714306,23.86913000000004,19.92953,1.1266271255748235,94.15026921011459,96.5512882571757,90.13441661200036,3.499975139321484,95.2991384010164,99.52756400315354,90.13441661200036,3.3036065440422746,91.52624416858772,99.52756400315354,84.7424003341775,4.796754332876259,91.22823729677442,99.52756400315354,83.5917164154447,4.645289669644652,91.75155056788107,99.52756400315354,83.5917164154447,4.94595575815592,0.9034018500000002,1.0987685,0.6747072,0.2139861285864636,0.8485931314285714,1.1077231,0.5704552,0.22226246912633438,0.8435680892857144,1.1077231,0.5704552,0.16203433401773076,0.8612805976190477,1.1077231,0.5704552,0.14472065853971047,0.8537790325000001,1.2356148,0.5704552,0.16179502322789632,146.39943999999994,198.94781,112.93202,46.073213714781275,127.92780428571427,198.94781,72.07063,44.74728558123836,160.92505357142858,217.05873,72.07063,47.94918780414333,160.91343285714288,217.05873,72.07063,42.81125533997425,159.3964469285714,245.56985,72.07063,45.77475157640828,76.66544,77.79057,74.50314,1.8731231160552635,74.99977942857143,78.24588,68.309906,3.6199017621155996,72.41456185714286,78.24588,67.95674,3.756629936718975,73.46522742857142,79.25742,67.95674,3.638733626561439,74.98983667857144,82.971886,67.95674,4.3403286361285565,,,,,,,,,,,,,,,,,,,,,6.7323233333333405,9.102059999999994,4.713009999999997,2.215409072842602,5.654338571428574,9.102059999999994,3.2915700000000356,2.033022130961921,7.411830714285713,10.926119999999969,3.2915700000000356,2.3921489140663175,7.437159047619048,10.926119999999969,3.2915700000000356,2.260314880749807,7.183522142857141,10.926119999999969,3.157379999999989,2.3865514705522743,-16.32574553393164,-8.688221212278648,-25.544585302310722,8.538716032898124,-12.939559751944355,-1.817852592709329,-25.544585302310722,8.902110679039868,-21.430015711448274,-1.817852592709329,-36.364352525442634,11.060641933506474,-21.086098176618847,-1.817852592709329,-36.364352525442634,10.117612250632499,-19.86446653013461,-1.316872903855682,-36.364352525442634,10.550445149485338,11.33689835,6.577956,3.7789661166666666,3.0,0.0,3.0,3.0,33.29674000000006,61.69259304999999,27.104548,8.813227578571427,7.0,1.0,7.0,6.0,77.78284000000014,62.07177095,27.104548,4.433697925,9.0,1.0,8.0,13.0,168.65340000000026,80.52648,27.104548,3.834594285714286,16.0,1.0,12.0,20.0,256.3007100000005,178.5300168,45.36685,6.3760720285714285,22.0,2.0,17.0,27.0,337.7603400000006,7,69,0,0,0,4,7,69,0,0,4,69,4,0
成都市新都区红花堰,未知品种,2025-06-22,成都市新都区红花堰_同玉609,5.四川新都红花堰,5,5.0,7.0,,v11,0.0,0.0,0.0,0.0,0.0,0.0,,,,,,,,,,,,,11.0,45830,30.78125,104.21875,0.7544655,2.0952783,0.08314893,4.1173472,0.0,7.559333,0.017636295,0.019502392,0.016611861,298.7748,301.6751,296.78125,0.30681986,300.52112,306.54144,296.50885,94689.016,94935.62,94510.17,192.49547,704.1707,0.0,87.67696,300.64017,0.7544655,2.0952783,0.08314893,7.559333,4.1173472,0.0,25.62480000000005,28.52510000000001,23.631250000000023,27.37112000000002,33.391440000000046,23.358850000000018,94.68901600000001,94.93562,94.51017,80.80209087715711,75.46003568514877,85.64393670453566,87.67696,27.490170000000035,,192.49547,704.1707,0.0,4.893849999999986,-10.183901019386894,10.032590000000027,0.4254499999999979,1,1,0,1,0,0,0,1,0,2070.53741830898,610.8099120366927,94.56448607598213,0,1,1,1,15.62480000000005,914.3484400000015,27.3524266666667,29.068930000000023,25.62480000000005,1.722091943141631,28.21933000000002,31.661460000000034,24.684500000000014,2.526734714461878,28.577645714285744,31.85745000000003,24.684500000000014,2.5997729147065463,27.75005904761907,31.85745000000003,24.182240000000036,2.5755286379302955,26.32026714285717,31.85745000000003,19.63638000000003,3.51074920411463,68.29380324953075,80.80209087715711,59.59985334787835,11.103855108827428,65.69957323161866,87.89071478131622,41.12090805656091,15.222384739735414,57.057240801099724,87.89071478131622,40.342921169479276,15.107213138357233,57.409317521442226,87.89071478131622,40.342921169479276,12.260942404718163,62.226295594470564,89.13291414394536,40.342921169479276,14.600074278574766,0.6768197433333335,0.7544655,0.5611777,0.1020922708022079,0.7208967785714285,1.0759287,0.32367802,0.2670220192635926,0.6770189635714285,1.0759287,0.32367802,0.228199787478198,0.6244885866666666,1.0759287,0.32367802,0.20925889643520615,0.6631461407142857,1.2509806,0.32367802,0.24850868588421615,189.7122433333334,275.2476,101.39366,86.96038107316126,199.46145714285714,320.88132,101.39366,81.27841341114477,224.74479328571428,342.47137,91.10591,93.89379029720732,210.82554457142857,342.47137,91.10591,80.27393773479821,189.35722749999996,342.47137,56.20163,84.45308254999884,85.13326666666667,87.67696,81.09388,3.537238963108578,79.08644614285716,96.69884,53.19552,16.450541318996503,68.97773314285715,96.69884,53.19552,15.646774484494319,71.33101161904763,96.69884,53.19552,13.433898959196231,74.11032853571429,96.69884,53.19552,13.84742794867496,,,,,,,,,,,,,,,,,,,,,6.248073333333309,8.37218999999999,4.893849999999986,1.86259606394767,8.133472857142847,13.741469999999993,4.893849999999986,3.0789449590550517,9.319138571428567,14.05182000000002,4.893849999999986,2.9278213752625053,8.897051904761904,14.05182000000002,4.893849999999986,2.5461271030304524,8.047489642857135,14.05182000000002,1.9378999999999564,2.9125433091976083,-0.7551267145210142,4.343634860569409,-10.183901019386894,8.174599829096687,-6.170934611873845,4.343634860569409,-18.453377872023495,8.342676064739175,-8.445041471850837,4.343634860569409,-19.133401576376414,7.06209396564434,-9.415774115729093,4.343634860569409,-19.133401576376414,6.435824048720653,-9.027236366292982,4.343634860569409,-19.133401576376414,6.708437474598457,7.559333,7.559333,2.5197776666666667,1.0,0.0,0.0,1.0,52.057280000000105,47.124274,27.210546,6.7320391428571424,3.0,1.0,0.0,2.0,127.53531000000015,50.6346288,27.210546,3.6167592,5.0,1.0,0.0,2.0,260.0870400000004,50.6346288,27.210546,2.4111728,5.0,1.0,0.0,2.0,372.75124000000045,78.34622010000001,27.210546,2.7980792892857145,11.0,1.0,0.0,3.0,456.96748000000065,1,61,0,0,0,5,0,1,0,0,1,1,1,0
成都市新都区红花堰,未知品种,2025-06-30,成都市新都区红花堰_同玉609,5.四川新都红花堰,5,5.0,7.0,,v12,0.0,0.0,0.0,0.0,0.0,0.0,0.0,0.0,0.0,0.0,0.0,0.0,0.0,0.0,0.0,0.0,0.0,0.0,12.0,45838,30.78125,104.21875,0.6405858,1.345417,0.071053065,0.0,0.0,0.0,0.017920712,0.023217948,0.015834806,301.44208,306.4295,296.3533,0.36293653,302.2745,307.81528,297.58258,94326.59,94495.09,94168.73,317.24597,980.90906,0.0,103.71289,301.43915,0.6405858,1.345417,0.071053065,0.0,0.0,0.0,28.29208,33.27950000000004,23.203300000000013,29.124500000000012,34.665279999999996,24.43258000000003,94.32659,94.49508999999999,94.16873,69.90229481997127,67.99351310864064,83.51156970487467,103.71289,28.289150000000006,,317.24597,980.90906,0.0,10.076200000000028,-15.518056596234032,10.232699999999966,0.326359999999994,1,0,0,0,0,1,0,1,0,1977.6813172302127,0.0,94.38784111168655,0,0,0,0,18.29208,1036.0755700000016,26.662420000000015,29.20663000000002,22.488550000000032,3.643486449583689,25.469181428571442,29.20663000000002,19.84585000000004,3.368595805561665,26.25721285714287,30.602869999999996,19.84585000000004,2.992322630660065,27.460150952380975,31.85745000000003,19.84585000000004,3.255660958244741,27.153433214285734,31.85745000000003,19.84585000000004,2.9377749491132588,78.12130271601073,93.40498067531033,69.90229481997127,13.248631360662756,78.71445482060574,94.28119092097455,69.90229481997127,10.563138481400854,74.64074132317437,94.28119092097455,59.59985334787835,11.136594621862823,64.91529574427159,94.28119092097455,40.342921169479276,17.218614775064577,63.2363811178747,94.28119092097455,40.342921169479276,15.159442948399379,0.66431578,0.81935024,0.5330113,0.144636893990368,0.6239607300000001,0.9574517,0.44488823,0.1949509030073927,0.7160973649999999,1.0759287,0.44488823,0.21650499127394754,0.6691592538095238,1.0759287,0.32367802,0.22218524909866463,0.6395734500000001,1.0759287,0.32367802,0.20910279710158552,192.32439666666673,317.24597,68.48457,124.38422795667515,167.0288942857143,317.24597,65.93979,88.73352700757778,169.12839185714284,317.24597,65.93979,74.64101054683702,205.91491599999998,342.47137,65.93979,93.78332644390574,199.16131507142856,342.47137,65.93979,83.63137047383023,102.91445666666668,108.61747,96.41301,6.141281040119692,103.46337571428572,109.99468,96.41301,4.9468578466802615,93.8243152142857,109.99468,58.992363,13.344663242268,81.54025780952381,109.99468,53.19552,20.89292169505477,79.55202564285716,109.99468,53.19552,18.507585660717513,,,,,,,,,,,,,,,,,,,,,7.489279999999989,10.076200000000028,2.9207399999999666,3.968030408300844,6.372127142857145,10.076200000000028,2.5733700000000113,3.059792300945259,6.9168942857142826,13.741469999999993,2.5733700000000113,2.9731349284595927,8.27567619047619,14.05182000000002,2.5733700000000113,3.265039350007103,8.196836071428569,14.05182000000002,2.5733700000000113,2.8892213559241977,-13.391764714577405,-4.454761339212794,-20.20247620828539,8.086313670264202,-11.837593350631717,0.756200397604573,-20.20247620828539,7.857599279023098,-8.671041797547932,4.343634860569409,-20.20247620828539,8.367693219773557,-9.461562168456103,4.343634860569409,-20.20247620828539,7.369740167020828,-10.084428364433226,4.343634860569409,-20.20247620828539,6.695041472300413,44.276993,44.276993,14.758997666666666,1.0,1.0,1.0,1.0,49.98726000000005,119.43418299999999,75.15719,17.062026142857142,2.0,2.0,2.0,1.0,108.2842700000001,193.61149799999998,75.15719,13.829392714285714,6.0,4.0,2.0,3.0,227.60098000000022,196.4650768,75.15719,9.355479847619048,7.0,4.0,2.0,3.0,366.6631700000005,197.1218528,75.15719,7.040066171428571,8.0,4.0,2.0,3.0,480.2961300000005,0,69,0,1,0,6,0,0,0,0,0,0,0,1
成都市新都区红花堰,未知品种,2025-07-07,成都市新都区红花堰_同玉609,5.四川新都红花堰,5,5.0,7.0,,v14,0.0,0.0,0.0,0.0,0.0,0.0,0.0,0.0,0.0,0.0,0.0,0.0,0.0,0.0,0.0,0.0,0.0,0.0,14.0,45845,30.78125,104.21875,0.56375533,2.2587078,0.12195546,0.86228156,0.0,1.813619,0.017834397,0.020755555,0.016443435,296.81708,302.28305,295.11487,0.37851167,297.62003,302.25885,295.17377,94253.39,94495.14,94083.85,111.57998,370.577,0.0,108.10268,297.81744,0.56375533,2.2587078,0.12195546,1.813619,0.86228156,0.0,23.66708,29.133050000000026,21.96487000000002,24.47003000000001,29.108850000000018,22.023770000000013,94.25339,94.49514,94.08385000000001,91.43190271262992,77.10793539091469,93.3815960767095,108.10268,24.66744,,111.57998,370.577,0.0,7.168180000000007,-16.27366068579481,7.085080000000005,0.41128999999999394,1,1,1,1,0,0,0,1,0,2163.926156052029,165.82263596577718,137.74940641550845,0,1,1,1,13.667079999999999,1146.8302900000017,24.930963333333352,25.74236000000002,23.66708,1.1091685657434647,25.822102857142877,28.682200000000023,23.66708,1.6289444152243497,25.64564214285716,29.20663000000002,19.84585000000004,2.5486244106672222,26.112176190476205,30.602869999999996,19.84585000000004,2.5807575200054607,27.050638928571452,31.85745000000003,19.84585000000004,2.993784506645747,81.27248961655654,91.43190271262992,75.64056153025379,8.815622749972398,81.94629843956514,93.82828192464588,70.5711516586108,8.485636141086824,80.33037663008544,94.28119092097455,69.90229481997127,9.35649645926029,77.07592702863796,94.28119092097455,59.59985334787835,10.708431670860206,69.17304641809498,94.28119092097455,40.342921169479276,17.088483285526294,0.6712305266666667,0.73497385,0.56375533,0.09361251495755998,0.7616212728571429,1.1675847,0.52270293,0.22434099951234765,0.6927910014285714,1.1675847,0.44488823,0.21417730246450065,0.731272000952381,1.1675847,0.44488823,0.21459403216098302,0.6922747585714285,1.1675847,0.32367802,0.22229296933179152,162.79790333333338,197.85649,111.57998,45.351429586894135,150.5505942857143,228.56805,67.8063,58.08766496786883,158.7897442857143,317.24597,65.93979,72.55621911416648,162.93579266666666,317.24597,65.93979,68.65942572153837,192.0738355714286,342.47137,65.93979,88.66158087551652,108.19448533333333,109.37076,107.110016,1.1331646053447024,105.92302299999999,109.47795,100.01474,4.063573822150055,104.69319935714284,109.99468,96.41301,4.5326061044506245,97.8572178095238,109.99468,58.992363,12.444309975416314,87.63594910714286,109.99468,53.19552,21.038399930017874,,,,,,,,,,,,,,,,,,,,,7.928920000000005,9.06653,7.168180000000007,1.0037212901498038,7.1128100000000005,12.191219999999987,3.2168199999999842,3.015929706541588,6.742468571428573,12.191219999999987,2.5733700000000113,2.9439521362953336,6.982199523809522,13.741469999999993,2.5733700000000113,2.912627846281563,7.9849596428571425,14.05182000000002,2.5733700000000113,3.1907504309458865,-23.77308871050845,-16.27366068579481,-31.440568536963184,7.584850327957016,-15.853013821272814,-1.3547431000968118,-31.440568536963184,9.942885073980671,-13.845303585952268,0.756200397604573,-31.440568536963184,8.858067099415456,-11.065032472122894,4.343634860569409,-31.440568536963184,9.338398111901952,-11.059425081660281,4.343634860569409,-31.440568536963184,8.375212808492224,12.6935167,6.520434,4.231172233333333,3.0,0.0,1.0,1.0,44.79289000000006,85.8026811,55.404533,12.257525871428571,6.0,1.0,2.0,4.0,110.75472000000013,205.2368641,75.15719,14.659776007142856,8.0,3.0,4.0,5.0,219.03899000000024,279.4141791,75.15719,13.3054371,12.0,5.0,4.0,7.0,338.35570000000035,282.26775790000005,75.15719,10.08099135357143,13.0,5.0,4.0,7.0,477.4178900000006,6,76,0,0,0,13,1,1,0,0,1,1,1,0
成都市新都区红花堰,未知品种,2025-07-14,成都市新都区红花堰_同玉609,5.四川新都红花堰,5,5.0,7.0,,vT,0.0,0.0,0.0,0.0,0.0,0.0,0.0,0.0,0.0,0.0,0.0,0.0,0.0,0.0,0.0,0.0,0.0,0.0,10.0,45852,30.78125,104.21875,0.35617107,0.92445636,0.03869861,0.0,0.0,0.0,0.021914054,0.027061751,0.01887984,304.09485,308.31277,300.27368,0.3437332,304.6673,311.4096,300.37308,94294.8,94605.53,94064.875,252.78667,789.30066,0.0,98.22534,303.9947,0.35617107,0.92445636,0.03869861,0.0,0.0,0.0,30.94485000000003,35.16277000000002,27.123680000000036,31.517300000000034,38.259600000000034,27.22308000000004,94.29480000000001,94.60553,94.064875,73.15031101362383,71.26574792248164,78.58878178317632,98.22534,30.844700000000046,,252.78667,789.30066,0.0,8.039089999999987,-7.323033860694679,11.036519999999996,0.540655000000001,1,0,0,0,0,1,0,0,0,2263.62540176994,0.0,160.35719015154518,0,0,0,0,20.94485000000003,1275.5338400000019,29.908883333333353,30.94485000000003,28.696799999999996,1.1343257957189494,28.386221428571453,30.94485000000003,24.801900000000046,2.037321725783062,27.104162142857167,30.94485000000003,23.66708,2.2159613732858805,26.559168571428593,30.94485000000003,19.84585000000004,2.6869656158188633,26.680687500000015,30.94485000000003,19.84585000000004,2.619439405590466,73.72179665892352,76.02988188017798,71.98519708296874,2.082022012199136,78.04380076848908,90.68339942256891,71.98519708296874,6.844207209955131,80.14514566829926,93.82828192464588,70.5711516586108,7.721479496850245,79.64440387160653,94.28119092097455,69.90229481997127,8.566297493142864,77.2910100819382,94.28119092097455,59.59985334787835,9.868359844777308,0.4072575966666667,0.48250538,0.35617107,0.06654257444357267,0.5668856716666667,0.9875596,0.35617107,0.2627638868061594,0.6717433030769231,1.1675847,0.35617107,0.25326446796006025,0.6550194025,1.1675847,0.35617107,0.23034736461224428,0.6947417055555555,1.1675847,0.35617107,0.231412300912805,273.5115,286.13397,252.78667,18.08996358480861,233.278585,286.13397,161.84897,55.04536894228156,188.73274384615385,286.13397,67.8063,69.22556833671129,181.1363965,317.24597,65.93979,75.00571710484978,178.56752429629628,317.24597,65.93979,71.39367314854978,99.87651,101.39781,98.22534,1.5902173241101356,102.24156666666669,106.02818,98.22534,3.001086807272805,104.2238893076923,109.47795,98.22534,3.9570128550604116,103.95770955,109.99468,96.41301,4.213733544926836,98.83151755555555,109.99468,58.992363,11.149257814118023,,,,,,,,,,,,,,,,,,,,,8.301410000000013,8.686550000000011,8.039089999999987,0.3407560376574387,8.31673714285714,11.414060000000006,6.817959999999971,1.5410738764220575,7.71477357142857,12.191219999999987,3.2168199999999842,2.384202593723334,7.267224761904761,12.191219999999987,2.5733700000000113,2.631388008281221,7.3158339285714264,13.741469999999993,2.5733700000000113,2.6754554650090787,-11.122381738223615,-7.323033860694679,-13.100354151763668,3.2912632638570414,-16.543382949231486,-7.323033860694679,-26.13558008128821,6.749502567510717,-16.17164572648451,-1.3547431000968118,-31.440568536963184,8.278911570592484,-14.654727394936032,0.756200397604573,-31.440568536963184,8.20270483498293,-12.282443689258136,4.343634860569409,-31.440568536963184,9.012704755464497,3.2754815,3.2754815,1.0918271666666668,1.0,0.0,0.0,0.0,59.72665000000006,15.453301940000014,11.871865,2.5755503233333354,3.0,0.0,1.0,2.0,128.70355000000018,101.25598303999999,55.404533,7.788921772307692,9.0,1.0,3.0,6.0,239.4582700000003,220.69016603999998,75.15719,11.034508301999999,11.0,3.0,5.0,7.0,347.7425400000004,294.86748104,75.15719,10.921017816296295,15.0,5.0,5.0,9.0,467.05925000000053,0,4,0,3,0,0,0,0,0,0,0,0,0,1
成都市新都区红花堰,未知品种,2025-07-21,成都市新都区红花堰_同玉609,5.四川新都红花堰,5,5.0,7.0,,R1,0.0,0.0,0.0,0.0,0.0,0.0,0.0,0.0,0.0,0.0,0.0,0.0,0.0,0.0,0.0,0.0,0.0,0.0,21.0,45859,30.78125,104.21875,1.5010773,3.3178706,0.18459149,0.0,0.0,0.0,0.01778722,0.020070856,0.015869327,303.3385,307.29416,299.9024,0.34947893,302.4983,306.92242,299.01477,94829.195,95075.13,94655.53,241.72058,780.2174,0.0,99.86723,302.0638,1.5010773,3.3178706,0.18459149,0.0,0.0,0.0,30.188500000000033,34.14416,26.752400000000023,29.348299999999995,33.77242000000001,25.86477000000002,94.82919500000001,95.07513,94.65553,62.50981475223685,56.44971113431657,68.06307816127827,99.86723,28.913800000000037,,241.72058,780.2174,0.0,7.391759999999977,-11.613367026961697,7.90764999999999,0.41960000000000264,1,0,0,0,0,1,0,0,0,1887.0775426479042,0.0,39.04234652020664,0,0,0,0,20.188500000000033,1416.463240000002,28.768030000000028,30.188500000000033,27.74743000000001,1.2687110383771691,30.132771428571452,32.671040000000005,27.484860000000026,2.2879740630845617,29.259496428571452,32.671040000000005,24.801900000000046,2.27003151324993,28.113698571428596,32.671040000000005,23.66708,2.6272622062563316,27.452569285714308,32.671040000000005,19.84585000000004,2.9990769107003095,71.4764195219119,80.31521437568195,62.50981475223685,8.903387864661285,71.52226347207001,84.3479564090669,62.50981475223685,8.0176083146652,74.53220376272496,90.68339942256891,62.50981475223685,7.944149761757812,77.12713689961903,93.82828192464588,62.50981475223685,8.704077535093303,77.53866376802299,94.28119092097455,62.50981475223685,9.034128019580939,1.6028482000000002,2.0799625,1.2275048,0.4352459300641764,1.3716183328571427,2.0799625,0.45082563,0.5465006925520663,1.0002032584615383,2.0799625,0.35617107,0.5936771872111397,0.9166995634999999,2.0799625,0.35617107,0.5021216429099066,0.8408043103703704,2.0799625,0.35617107,0.45837428551599657,197.3056966666667,241.72058,160.14423,41.2690472368314,200.17854142857144,263.77322,100.66382,55.400160792464426,215.4554846153846,286.13397,100.66382,55.60628149528706,192.73877299999998,286.13397,67.8063,63.46042994941523,186.07324888888888,317.24597,65.93979,69.94132882924963,103.04523466666667,106.23534,99.86723,3.18407224519562,98.42684842857143,106.23534,92.110275,5.02294751618118,100.18748761538463,106.23534,92.110275,4.503952130650134,102.19492500000001,109.47795,92.110275,5.089624517041327,102.52378259259258,109.99468,92.110275,4.989806860224479,,,,,,,,,,,,,,,,,,,,,8.348556666666676,8.961280000000045,7.391759999999977,0.8394272461824074,8.55659571428572,9.94826999999998,7.162500000000023,1.127748595223497,8.43666642857143,11.414060000000006,6.817959999999971,1.3033010157561111,7.995380952380954,12.191219999999987,3.2168199999999842,2.0595568523517533,7.589567500000001,12.191219999999987,2.5733700000000113,2.3947702665207844,-16.41785067272192,-10.99686057888399,-26.64332441232007,8.860883418121407,-19.238232632374984,-10.99686057888399,-26.64332441232007,6.059052616571305,-17.99445585553952,-7.323033860694679,-26.64332441232007,6.26840075549007,-17.244951143546178,-1.3547431000968118,-31.440568536963184,7.558700910314964,-15.84304356760539,0.756200397604573,-31.440568536963184,7.863275754252364,12.443420999999999,8.357261,4.147806999999999,2.0,0.0,0.0,1.0,56.30409000000009,38.745803000000016,26.302382,5.535114714285717,3.0,1.0,0.0,2.0,140.92940000000016,54.19910494,26.302382,4.169161918461539,6.0,1.0,1.0,4.0,269.63295000000033,140.00178603999998,55.404533,7.000089301999999,12.0,2.0,3.0,8.0,380.38767000000047,259.43596904,75.15719,9.608739594074073,14.0,4.0,5.0,9.0,488.6719400000006,0,11,0,1,0,0,0,0,0,0,0,0,0,1
成都市新都区红花堰,未知品种,2025-07-28,成都市新都区红花堰_同玉609,5.四川新都红花堰,5,5.0,7.0,,R2,0.0,0.0,0.0,0.0,0.0,0.0,0.0,0.0,0.0,0.0,0.0,0.0,0.0,0.0,0.0,0.0,0.0,0.0,22.0,45866,30.78125,104.21875,1.3969247,1.746845,0.07539742,0.0,0.0,0.0,0.020305885,0.022907866,0.018795464,303.63574,309.56808,298.73376,0.3236425,304.87585,311.52692,299.54553,94077.69,94318.22,93914.09,280.65656,824.4743,0.0,92.484215,304.28543,1.3969247,1.746845,0.07539742,0.0,0.0,0.0,30.48574000000002,36.41808000000003,25.58376000000004,31.725850000000037,38.37692000000004,26.395530000000008,94.07769,94.31822,93.91409,69.49322946458467,56.25960620110483,85.55705657441311,92.484215,31.135430000000042,,280.65656,824.4743,0.0,10.834319999999991,-29.29745037330828,11.981390000000033,0.404129999999995,1,0,0,0,0,1,0,0,0,2118.552525217669,0.0,46.42399812401029,0,0,0,0,20.48574000000002,1547.7250700000022,29.60729333333336,30.72198000000003,27.614160000000027,1.7301409473604719,28.75169000000002,30.72198000000003,27.25210000000004,1.434551468427244,29.442230714285735,32.671040000000005,27.25210000000004,1.9696237451447154,29.090227619047646,32.671040000000005,24.801900000000046,2.006745729697485,28.273196428571453,32.671040000000005,23.66708,2.3768535463557177,73.0208761784454,81.40226101368656,68.16713805706499,7.2887130841172825,76.55627763092278,84.80067880549008,68.16713805706499,6.4587361449056395,74.0392705514964,84.80067880549008,62.50981475223685,7.466223630929983,75.24062961659419,90.68339942256891,62.50981475223685,7.349352288477206,76.97913634847556,93.82828192464588,62.50981475223685,8.065691191389499,1.2491060500000002,1.3969247,0.97000635,0.24184882666349025,1.4093980785714284,1.7744695,0.97000635,0.24454852696781096,1.3905082057142857,2.0799625,0.45082563,0.4072230079040913,1.1434214455,2.0799625,0.35617107,0.5306455327584572,1.0444362155555555,2.0799625,0.35617107,0.4964463643391457,225.76995000000002,280.65656,158.1436,62.24212458971094,199.78283714285712,280.65656,146.57672,46.86723919672166,199.9806892857143,280.65656,100.66382,49.298809153278434,209.97005800000002,286.13397,100.66382,52.0129316961126,194.56501185185186,286.13397,67.8063,58.8197405212665,95.28445700000002,98.368706,92.484215,2.9525080125728644,97.19169442857142,99.674,92.484215,2.538586596922376,97.80927142857145,106.23534,92.110275,3.876816307579458,99.13896,106.23534,92.110275,4.122651060239429,100.89779114814816,109.47795,92.110275,5.0407760509123865,,,,,,,,,,,,,,,,,,,,,9.774569999999983,10.834319999999991,8.69844999999998,1.0680290945943443,9.657444285714282,11.814180000000022,6.913180000000011,1.765667459837374,9.107020000000002,11.814180000000022,6.913180000000011,1.53367149618665,8.843592380952382,11.814180000000022,6.817959999999971,1.5450231738129567,8.410896785714286,12.191219999999987,3.2168199999999842,2.090931604216528,-25.810031703529216,-20.633748826406837,-29.29745037330828,4.572103220245538,-26.42304611599146,-20.56608737288957,-33.96949073257027,5.388728673991119,-22.83063937418322,-10.99686057888399,-33.96949073257027,6.651653922573251,-20.944462446697703,-7.323033860694679,-33.96949073257027,7.141361050436222,-19.62445724751347,-1.3547431000968118,-33.96949073257027,8.077895456372561,0.0,0.0,0.0,0.0,0.0,0.0,1.0,58.82188000000008,12.61533090000001,5.262757,1.8021901285714301,4.0,0.0,0.0,3.0,131.26183000000015,51.3611339,26.302382,3.6686524214285714,7.0,1.0,0.0,5.0,272.1912300000003,66.81443583999999,26.302382,3.340721791999999,10.0,1.0,1.0,7.0,400.8947800000005,152.61711694000002,55.404533,5.652485812592594,16.0,2.0,3.0,11.0,511.6495000000006,0,18,0,2,0,0,0,0,0,0,0,0,0,3
成都市新都区红花堰,未知品种,2025-08-04,成都市新都区红花堰_同玉609,5.四川新都红花堰,5,5.0,7.0,,R3,0.0,0.0,3.0,0.33333,0.0,0.0,0.0,0.0,0.0,0.0,0.0,3.0,0.0,0.33333,0.0,0.0,0.0,0.0,23.0,45873,30.78125,104.21875,0.18438627,0.18438627,0.18438627,0.4094127,0.0,0.4094127,0.019450292,0.020992506,0.017949754,306.7905,310.9026,302.89392,0.25983912,306.4964,314.4004,301.39294,94157.83,94342.586,93967.945,187.16904,745.2583,0.0,74.251724,306.07886,0.18438627,0.18438627,0.18438627,0.4094127,0.4094127,0.0,33.64050000000003,37.75260000000003,29.743920000000003,33.34640000000002,41.25040000000001,28.242940000000033,94.15783,94.342586,93.967945,55.74481767488909,47.996804626312496,64.1213343248784,74.251724,32.92886000000004,,187.16904,745.2583,0.0,8.008680000000027,-16.124529698565908,13.00745999999998,0.3746409999999969,1,1,0,0,0,1,0,0,0,1875.2835389921083,22.822636315284065,196.01796414042454,0,0,0,0,23.64050000000003,1705.4737000000023,33.545853333333376,33.69500000000005,33.30206000000004,0.21288248996428305,32.535518571428604,33.69500000000005,30.22103000000004,1.2155490820808919,30.64360428571431,33.69500000000005,27.25210000000004,2.342315426140144,30.473326666666686,33.69500000000005,27.25210000000004,2.2798076644650234,29.95155035714288,33.69500000000005,24.801900000000046,2.370525665006674,54.20567633864399,55.74481767488909,53.31788868369179,1.338167514057756,60.19962632189957,70.71570026342648,53.31788868369179,6.566504042420719,68.37795197641118,84.80067880549008,53.31788868369179,10.544395648616128,69.42605580829746,84.80067880549008,53.31788868369179,9.688203657631703,71.3411102438956,90.68339942256891,53.31788868369179,9.723117039041206,0.23795104000000014,0.34508058,0.18438627,0.09277690313574126,0.3696476314285714,0.7700709,0.18438627,0.19561670010500484,0.8895228550000001,1.7744695,0.18438627,0.5799338639734168,1.0502213476190476,2.0799625,0.18438627,0.6020294427850502,0.9428134196296296,2.0799625,0.18438627,0.577934287376986,253.17044333333334,290.49207,187.16904,57.32197941743325,261.02087857142857,290.49207,187.16904,36.56089761145908,230.4018578571429,290.49207,146.57672,51.384497869939736,220.3274190476191,290.49207,100.66382,53.386606138716424,223.20545592592592,290.49207,100.66382,52.964178790210795,76.76717133333334,79.63348,74.251724,2.7079793513443753,82.41858057142858,90.24247,74.251724,5.945954329927906,89.8051375,99.674,74.251724,8.834590645900938,92.67904114285714,106.23534,74.251724,8.697475022051506,94.80404681481481,106.23534,74.251724,8.736930647921117,,,,,,,,,,,,,,,,,,,,,9.226770000000007,10.15676000000002,8.008680000000027,1.1026391654117749,9.631450000000013,10.701419999999985,8.008680000000027,0.872463151485479,9.644447142857148,11.814180000000022,6.913180000000011,1.338052722218887,9.281830000000005,11.814180000000022,6.913180000000011,1.349602489201915,9.040556785714289,11.814180000000022,6.817959999999971,1.4345971418383532,-13.91599831439347,-12.138053240300394,-16.124529698565908,2.027819534844557,-16.510245150850274,-12.138053240300394,-21.883641670505682,3.3786757555663876,-21.466645633420864,-12.138053240300394,-33.96949073257027,6.717633282349254,-20.723841299738904,-10.99686057888399,-33.96949073257027,6.442407621587043,-19.794850555181704,-7.323033860694679,-33.96949073257027,6.619978483656705,0.4094127,0.4094127,0.1364709,1.0,0.0,0.0,0.0,70.63756000000012,0.4094127000000107,0.4094127,0.058487528571430095,1.0,0.0,0.0,0.0,157.74863000000022,13.024743599999999,5.262757,0.9303388285714285,5.0,0.0,0.0,3.0,289.01046000000036,51.770546599999996,26.302382,2.4652641238095234,8.0,1.0,0.0,5.0,429.9398600000005,67.22384853999999,26.302382,2.4897721681481477,11.0,1.0,1.0,7.0,558.6434100000007,1,25,0,9,0,0,0,0,0,0,0,0,0,0
成都市新都区红花堰,未知品种,2025-08-11,成都市新都区红花堰_同玉609,5.四川新都红花堰,5,5.0,7.0,,R4,0.0,0.0,3.0,0.33333,0.0,0.0,0.0,0.0,0.0,0.0,3.0,0.0,0.33333,0.0,0.0,0.0,0.0,0.0,24.0,45880,30.78125,104.21875,0.7743706,0.7743706,0.7743706,0.0,0.0,0.0,0.018658841,0.020592647,0.017177036,300.56387,305.26556,296.54965,0.37679023,300.2084,306.0053,296.72876,94535.81,94666.14,94385.59,155.03401,728.40405,0.0,107.660515,300.21988,0.7743706,0.7743706,0.7743706,0.0,0.0,0.0,27.41387000000003,32.115560000000016,23.39965000000001,27.058400000000006,32.8553,23.578760000000045,94.53581,94.66614,94.38559,76.74980952116124,64.61540294184684,89.6553103062074,107.660515,27.069880000000012,,155.03401,728.40405,0.0,8.715910000000008,-25.03990736436056,9.276539999999954,0.2805500000000052,1,0,0,0,0,0,0,1,0,2104.0093007378787,0.0,87.77720742344407,0,0,0,0,17.41387000000003,1836.5052900000026,26.416230000000024,28.318960000000004,23.515860000000032,2.5522356042693244,28.718798571428596,33.04240000000004,23.515860000000032,2.888136696928955,30.6271585714286,33.69500000000005,23.515860000000032,2.9075378079554066,30.002002380952405,33.69500000000005,23.515860000000032,2.6330701460365944,30.03469464285717,33.69500000000005,23.515860000000032,2.5104219625695676,84.49001588864573,94.35937028948706,76.74980952116124,8.995782963383519,78.78674320126659,94.35937028948706,60.16604610361701,10.13629681133945,69.49318476158308,94.35937028948706,53.31788868369179,12.662373483081378,71.84754905136299,94.35937028948706,53.31788868369179,11.330187719628126,71.76622765653974,94.35937028948706,53.31788868369179,10.459287632392286,0.7641296000000001,0.7743706,0.7436476,0.01773793232031165,0.5738606171428572,0.7743706,0.18438627,0.2362696174891744,0.4717541242857143,0.7743706,0.18438627,0.2337809058829542,0.784302109047619,1.7744695,0.18438627,0.5085342537322454,0.931131165,2.0799625,0.18438627,0.5700895513337074,115.55850433333337,155.03401,48.239803,58.58910582086827,152.310549,240.85545,48.239803,58.45509560702931,206.6657137857143,290.49207,48.239803,73.31961630887338,204.37142157142858,290.49207,48.239803,64.53110375915325,203.3232015357143,290.49207,48.239803,61.4011190098636,105.06520333333333,110.0,97.535095,6.625344983478626,90.6194577142857,110.0,71.85089,15.867826688123406,86.51901914285713,110.0,71.85089,12.273311041192873,90.07657757142859,110.0,71.85089,11.243824939036859,92.1641452857143,110.0,71.85089,10.621290408596616,,,,,,,,,,,,,,,,,,,,,6.107523333333347,8.715910000000008,1.8336800000000153,3.7311636086659745,7.632814285714289,10.487570000000005,1.8336800000000153,2.9551942127033297,8.63213214285715,10.701419999999985,1.8336800000000153,2.336122613145319,8.973902857142862,11.814180000000022,1.8336800000000153,2.174379083644669,8.869576071428577,11.814180000000022,1.8336800000000153,1.9541376038802385,-13.423973036015724,0.38448171887391425,-25.03990736436056,12.85321941886683,-18.037030951963324,0.38448171887391425,-26.113641513091203,9.259256626182015,-17.2736380514068,0.38448171887391425,-26.113641513091203,6.742827875563381,-20.323440739601683,0.38448171887391425,-33.96949073257027,7.602431491158602,-20.052138712795006,0.38448171887391425,-33.96949073257027,7.15540408455044,111.465771,57.305317,37.155257,2.0,2.0,1.0,2.0,49.24869000000007,136.84279010000003,57.305317,19.548970014285718,6.0,2.0,1.0,3.0,131.03159000000016,137.25220280000002,57.305317,9.803728771428572,7.0,2.0,1.0,3.0,288.7802200000004,149.8675337,57.305317,7.136549223809523,11.0,2.0,1.0,6.0,420.04205000000053,188.6133367,57.305317,6.736190596428571,14.0,3.0,1.0,8.0,560.9714500000007,0,32,0,0,0,6,0,0,0,0,0,0,0,1
成都市新都区红花堰,未知品种,2025-08-18,成都市新都区红花堰_同玉609,5.四川新都红花堰,5,5.0,7.0,,R4,0.0,0.0,3.0,0.33333,0.0,0.0,0.0,0.0,0.0,0.0,3.0,0.0,0.33333,0.0,0.0,0.0,0.0,0.0,24.0,45887,30.78125,104.21875,0.7743706,0.7743706,0.7743706,1.5788896,0.0,1.5788896,0.018475669,0.021007733,0.016992375,300.26346,305.69092,295.5865,0.37178963,300.59717,306.6942,296.38837,94802.61,95085.91,94618.56,214.96593,837.2431,0.0,106.09268,300.52493,0.7743706,0.7743706,0.7743706,1.5788896,1.5788896,0.0,27.113460000000032,32.54092000000003,22.436500000000024,27.44717000000003,33.544200000000046,23.23837000000003,94.80261,95.08591,94.61856,77.57494480768126,64.62033409179698,94.2664525359642,106.09268,27.374930000000006,,214.96593,837.2431,0.0,10.104420000000005,-29.64611844416723,10.305830000000014,0.46734999999999616,1,1,0,0,0,0,0,1,0,2103.325163045276,122.48227357742194,88.72089798957246,0,0,0,0,17.113460000000032,1964.6164200000028,26.381656666666704,27.113460000000032,25.827480000000037,0.6611350577857658,28.301590000000026,30.73138,25.827480000000037,1.906522986468652,28.51019428571431,33.04240000000004,23.515860000000032,2.3610004616808364,29.851969047619075,33.69500000000005,23.515860000000032,2.8013091426793926,29.576899285714312,33.69500000000005,23.515860000000032,2.550599124674826,85.41077012458136,89.44270420902723,77.57494480768126,6.786981632752193,76.03567273345507,89.44270420902723,65.93002281638091,9.866314830288033,77.41120796736084,94.35937028948706,60.16604610361701,9.715259404207817,71.6740140855404,94.35937028948706,53.31788868369179,11.97535350959938,72.894579971886,94.35937028948706,53.31788868369179,10.960560745487442,0.7743706,0.7743706,0.7743706,0.0,0.7743706,0.7743706,0.7743706,2.46166338933323e-08,0.6741156085714286,0.7743706,0.18438627,0.19128208713827863,0.5726262828571429,0.7743706,0.18438627,0.23852187899278632,0.7818192317857143,1.7744695,0.18438627,0.43769850850819414,144.32969333333338,214.96593,96.87577,62.36494376506726,202.16728714285713,283.50797,96.87577,70.8218696521391,177.23891807142854,283.50797,48.239803,67.53707968708063,205.16623823809525,290.49207,48.239803,70.73677156208961,203.82038796428574,290.49207,48.239803,64.80889169924502,104.76964666666667,106.09268,103.49175,1.3010523453076361,102.89525,106.09268,100.11964,2.271239576721793,96.75735385714286,110.0,71.85089,12.615959017060975,91.97776276190477,110.0,71.85089,12.729309380139654,93.28124567857142,110.0,71.85089,11.258074576097352,,,,,,,,,,,,,,,,,,,,,7.284213333333336,10.104420000000005,4.496550000000013,2.804076636904435,7.9481014285714275,10.104420000000005,4.496550000000013,1.812374717503978,7.790457857142859,10.487570000000005,1.8336800000000153,2.3608207609159955,8.40412190476191,10.701419999999985,1.8336800000000153,2.1545165584386186,8.717452500000004,11.814180000000022,1.8336800000000153,2.1063494019601663,-17.439070621824794,-9.153896970663396,-29.64611844416723,10.7943785365678,-11.458459128057312,0.41144569738553116,-29.64611844416723,9.478670767116723,-14.747745040010317,0.41144569738553116,-29.64611844416723,9.627468003395887,-15.33524507695697,0.41144569738553116,-29.64611844416723,8.02475882978478,-18.107195336715595,0.41144569738553116,-33.96949073257027,8.835108748690201,47.0518186,29.39929,15.683939533333332,3.0,1.0,0.0,2.0,49.144970000000114,48.19337820000001,29.39929,6.884768314285716,4.0,1.0,0.0,2.0,128.11113000000017,185.0361683,57.305317,13.216869164285715,10.0,3.0,1.0,5.0,259.14272000000034,185.445581,57.305317,8.830741952380952,11.0,3.0,1.0,5.0,416.89135000000056,198.0609119,57.305317,7.073603996428572,15.0,3.0,1.0,8.0,548.1531800000007,3,39,0,0,0,5,0,0,0,0,0,0,0,0
成都市新都区红花堰,未知品种,2025-08-25,成都市新都区红花堰_同玉609,5.四川新都红花堰,5,5.0,7.0,,R4,0.0,0.0,3.0,0.33333,0.0,0.0,0.0,0.0,0.0,0.0,3.0,0.0,0.33333,0.0,0.0,0.0,0.0,0.0,24.0,45894,30.78125,104.21875,1.5450928,3.3871274,0.29151678,0.1608672,0.0,0.16465843,0.019668397,0.021126697,0.018777184,299.01233,302.16995,296.79465,0.3611962,299.2846,302.52835,297.0748,95160.8,95316.27,95054.26,95.21233,356.61426,0.0,103.21557,299.39874,1.5450928,3.3871274,0.29151678,0.16465843,0.1608672,0.0,25.862330000000043,29.019949999999994,23.644650000000013,26.134600000000034,29.37835000000001,23.924800000000005,95.16080000000001,95.31627,95.05426,89.18454617831047,79.6712567308253,97.1595625065131,103.21557,26.248739999999998,,95.21233,356.61426,0.0,5.3752999999999815,-17.48830577568779,5.453550000000007,0.26201000000000363,1,1,0,1,0,0,0,1,1,2306.520164163708,14.684987353983102,54.21247128326771,0,1,1,1,15.862330000000043,2082.169400000003,25.949993333333357,26.078550000000007,25.862330000000043,0.11376278228574291,26.79328285714288,28.212820000000022,25.862330000000043,1.051975143538971,27.54743642857145,30.73138,25.827480000000037,1.6735810553219066,27.937890476190503,33.04240000000004,23.515860000000032,2.1547904871831056,29.087297500000027,33.69500000000005,23.515860000000032,2.80675946557409,89.03401763410646,89.18454617831047,88.94737588609517,0.13085709351564187,83.3841126494357,89.18454617831047,74.71026338742746,5.9723778782400085,79.70989269144539,89.44270420902723,65.93002281638091,8.713734902223024,79.40217619471912,94.35937028948706,60.16604610361701,8.965275573470418,74.60153872651424,94.35937028948706,53.31788868369179,11.866715453543886,1.6102627,1.6504375,1.5450928,0.05694684119887605,1.5326203571428572,1.7956393,0.7743706,0.3491803441952913,1.1534954785714286,1.7956393,0.7743706,0.45941944186777467,0.9602838580952382,1.7956393,0.18438627,0.48201097349052363,0.8126248014285714,1.7956393,0.18438627,0.49843293247654014,115.05614000000003,131.53212,95.21233,18.3926206831071,153.24957285714282,257.00867,95.21233,54.003855032354835,177.70842999999996,283.50797,95.21233,65.61438700970218,169.24246966666666,283.50797,48.239803,63.039850385483334,192.18707189285715,290.49207,48.239803,69.84714817692651,104.82640466666668,106.515854,103.21557,1.6515458878040503,103.92801914285714,106.515854,102.68843,1.314148633460442,103.41163457142856,106.515854,100.11964,1.8614766147138955,99.14757561904761,110.0,71.85089,10.768997464324636,94.96532685714284,110.0,71.85089,12.172850118857045,,,,,,,,,,,,,,,,,,,,,5.199370000000006,5.3752999999999815,4.9759200000000305,0.20388650985278953,7.207175714285719,10.286740000000009,4.9759200000000305,2.334299516877666,7.577638571428573,10.286740000000009,4.496550000000013,2.044191326025483,7.596030476190479,10.487570000000005,1.8336800000000153,2.310157790343499,8.104885357142862,10.701419999999985,1.8336800000000153,2.219894294938354,-12.254921920776582,-4.640859821401264,-17.48830577568779,6.746476010839061,-17.371643225609336,-4.640859821401264,-28.133960231290004,8.681582941699732,-14.415051176833325,0.41144569738553116,-29.64611844416723,9.255645274892965,-15.622377768543323,0.41144569738553116,-29.64611844416723,9.190468914825571,-15.844344614120061,0.41144569738553116,-29.64611844416723,8.078149990400448,12.51264643,10.440883,4.170882143333333,3.0,0.0,0.0,3.0,47.84998000000007,31.118001130000014,10.440883,4.4454287328571445,7.0,0.0,0.0,5.0,117.55298000000016,79.31137933,29.39929,5.665098523571428,11.0,1.0,0.0,7.0,245.66411000000033,216.15416943,57.305317,10.293055687142857,17.0,3.0,1.0,10.0,376.6957000000005,216.56358213,57.305317,7.734413647499999,18.0,3.0,1.0,10.0,534.4443300000007,10,46,1,0,0,12,0,5,0,0,5,5,5,0
成都市新都区红花堰,未知品种,2025-09-01,成都市新都区红花堰_同玉609,5.四川新都红花堰,5,5.0,7.0,,R4,0.0,0.0,3.0,0.33333,0.0,0.0,0.0,0.0,0.0,0.0,3.0,0.0,0.33333,0.0,0.0,0.0,0.0,0.0,24.0,45901,30.78125,104.21875,0.94338644,1.6291182,0.40084615,0.0,0.0,0.0,0.016013559,0.017602505,0.01445732,297.98618,301.76038,293.85596,0.36122873,297.79633,303.53116,294.08148,95023.016,95405.88,94775.57,133.42068,455.58533,0.0,103.22487,297.50406,0.94338644,1.6291182,0.40084615,0.0,0.0,0.0,24.836180000000013,28.61038000000002,20.705960000000005,24.646330000000034,30.381160000000023,20.931480000000022,95.023016,95.40588000000001,94.77557,77.24353048416079,68.18558159385717,89.4534959869343,103.22487,24.354060000000004,,133.42068,455.58533,0.0,7.904420000000016,-21.267914393077135,9.44968,0.6303100000000086,1,0,0,0,0,0,0,1,0,1918.4342269401054,0.0,74.03156445483495,0,0,0,0,14.836180000000013,2178.5795800000033,22.54728666666669,24.836180000000013,20.127250000000004,2.3572026570987523,23.77288285714288,28.55074000000002,19.78433000000001,3.4677793010018987,25.28308285714288,28.55074000000002,19.78433000000001,2.9184127200413053,26.289251904761926,30.73138,19.78433000000001,2.958475149856122,26.896638571428593,33.04240000000004,19.78433000000001,3.079734626651764,83.36896874032799,92.12915263837218,77.24353048416079,7.784719017249791,82.15293160241849,96.26354484802626,70.67894600815659,9.00147790914774,82.7685221259271,96.26354484802626,70.67894600815659,7.366664708793035,80.52423899510309,96.26354484802626,65.93002281638091,8.663404730502684,80.08986504664396,96.26354484802626,60.16604610361701,8.889044213611761,0.8960430366666668,0.94338644,0.8073521,0.07686708853192244,1.5156740157142858,3.22465,0.8073521,0.9154717060733503,1.5241471864285714,3.22465,0.7743706,0.6657036340517695,1.2742216576190475,3.22465,0.7743706,0.6474771658906893,1.0991313975,3.22465,0.18438627,0.6467762774150743,121.5655666666667,163.46262,67.8134,48.91422191716528,118.99124628571428,177.39508,57.100204,51.2634558721804,136.12040957142855,257.00867,57.100204,53.61821223746831,158.1360354285714,283.50797,57.100204,66.26657341798634,156.67966382142853,283.50797,48.239803,63.39334285631948,105.47137833333333,108.4416,103.22487,2.682608565343685,103.88316842857144,108.4416,99.55076,3.3462280017847044,103.90559378571429,108.4416,99.55076,2.4424516588788294,103.56881252380953,108.4416,99.55076,2.37978249676619,100.33147382142859,110.0,71.85089,9.63086326440056,,,,,,,,,,,,,,,,,,,,,6.454623333333321,8.526149999999973,2.9332999999999743,3.0653589613018166,6.593354285714278,10.170200000000023,1.3650499999999965,3.2993843034565264,6.900264999999998,10.286740000000009,1.3650499999999965,2.7641672095414003,7.249543809523808,10.286740000000009,1.3650499999999965,2.4915868061809063,7.345361428571429,10.487570000000005,1.3650499999999965,2.562770048047275,-15.452327217990197,0.28305083617743776,-25.372118097070896,13.780882188439696,-15.5376871611866,4.098739030932151,-33.23228185087668,15.345129206441168,-16.454665193397968,4.098739030932151,-33.23228185087668,12.015467974425336,-14.78926317161775,4.098739030932151,-33.23228185087668,11.25253304594208,-15.601205116704145,4.098739030932151,-33.23228185087668,10.718917122064157,3.5712602,3.5712602,1.1904200666666667,1.0,0.0,1.0,2.0,37.641860000000065,30.715599400000016,20.41151,4.387942771428574,4.0,0.0,2.0,3.0,96.41018000000014,61.83360053,20.41151,4.416685752142857,11.0,0.0,2.0,8.0,213.9631600000003,110.02697873,29.39929,5.239379939523809,15.0,1.0,2.0,10.0,342.0742900000005,246.86976883,57.305317,8.816777458214286,21.0,3.0,3.0,13.0,473.10588000000064,0,4,0,0,0,3,0,0,0,0,0,0,0,2
成都市新都区长龙路,未知品种,2025-06-22,成都市新都区长龙路_同玉609,4.四川新都长龙路,4,5.0,7.0,,v11,0.0,0.0,0.0,0.0,0.0,0.0,,,,,,,,,,,,,11.0,45830,30.84375,104.21875,0.85361236,1.8639141,0.085983634,1.3762565,0.0,2.400329,0.017986719,0.020181283,0.016912065,298.77368,301.95435,296.62027,0.26678032,300.91492,306.64514,296.66968,94615.664,94863.96,94438.81,163.75558,630.36884,0.0,77.90806,300.9992,0.85361236,1.8639141,0.085983634,2.400329,1.3762565,0.0,25.623680000000036,28.80435,23.470270000000028,27.764920000000018,33.49514000000005,23.51968000000005,94.61566400000001,94.86396,94.43881,82.33187985260419,76.74117141238705,87.96025450475842,77.90806,27.849199999999996,,163.75558,630.36884,0.0,5.334079999999972,-11.219083092371378,9.975459999999998,0.42515000000000214,1,1,0,1,0,0,0,1,0,2109.6457431415797,197.62359883472158,86.33684220767041,0,1,1,1,15.623680000000036,903.2359100000016,27.028380000000027,28.69036,25.623680000000036,1.5494438693931256,28.02051000000002,31.333030000000008,24.783929999999998,2.455782560339288,28.36460857142859,31.66323,24.726200000000006,2.5544130585739673,27.57164809523812,31.66323,23.764280000000042,2.530395273412095,26.182079285714313,31.66323,19.63345000000004,3.429392147121734,71.69639916090466,82.33187985260419,62.557651543401334,9.97171919618998,68.21620954355679,88.29293016188142,44.54967289779955,14.415659209227359,59.70907262950069,88.29293016188142,43.378597749437006,14.495796571473978,59.892341379667315,88.29293016188142,43.378597749437006,11.796569755100398,64.31923329252555,90.21338065139983,43.378597749437006,13.885974022115187,0.7336130333333332,0.85361236,0.5857026,0.13611826579241032,0.8065279242857143,1.2296066,0.40108022,0.31339621975096765,0.7819686250000001,1.2296066,0.40108022,0.2744893033269301,0.7210230876190477,1.2296066,0.39214647,0.24926126645236962,0.7560965,1.3414028,0.39214647,0.2868593725865421,174.05291333333332,258.06265,100.34051,79.36368607164266,191.05624428571429,309.73422,100.34051,76.55155566085159,220.40280392857144,342.93597,89.456985,92.57553359627917,208.01195833333333,342.93597,89.456985,78.72574456536341,185.97820925,342.93597,57.03448,82.72550262492408,78.27212666666667,80.39204,76.51628,1.963361224465313,76.17776285714285,90.99241,58.8983,10.795021870406648,70.41307535714286,90.99241,58.8983,9.825437628993948,71.91304038095238,90.99241,58.8983,8.404392360556953,74.04318275,90.99241,58.8983,8.570375964701508,,,,,,,,,,,,,,,,,,,,,6.601306666666649,8.624539999999968,5.334079999999972,1.770717739486816,8.481649999999986,13.95465999999999,5.334079999999972,3.0417355063132305,9.804103571428564,14.875499999999988,5.334079999999972,2.9162969882860477,9.31506809523809,14.875499999999988,5.334079999999972,2.5436444597655963,8.38610928571428,14.875499999999988,2.3715199999999754,2.9798443095781693,-4.061115500820819,-0.18272590726260773,-11.219083092371378,6.206208090534201,-9.57447258384145,-0.18272590726260773,-19.7551203840533,7.150405562726448,-12.843609955213221,-0.18272590726260773,-24.3856570596462,6.739695186485149,-13.171434199152307,-0.18272590726260773,-24.3856570596462,5.936696980722827,-12.285134223273092,0.6525217036405166,-24.3856570596462,6.40504183766929,2.400329,2.400329,0.8001096666666667,1.0,0.0,0.0,1.0,51.08514000000008,40.920772,22.532135,5.8458245714285715,3.0,0.0,0.0,2.0,126.14357000000012,44.0751042,22.532135,3.1482217285714285,5.0,0.0,0.0,2.0,257.10452000000026,44.0751042,22.532135,2.0988144857142856,5.0,0.0,0.0,2.0,369.0046100000005,71.43419193,22.532135,2.5512211403571428,11.0,0.0,1.0,3.0,453.09822000000077,1,61,0,0,0,5,0,1,0,0,1,1,1,0
成都市新都区长龙路,未知品种,2025-06-30,成都市新都区长龙路_同玉609,4.四川新都长龙路,4,5.0,7.0,,v12,0.0,0.0,0.0,0.0,0.0,0.0,0.0,0.0,0.0,0.0,0.0,0.0,0.0,0.0,0.0,0.0,0.0,0.0,12.0,45838,30.84375,104.21875,0.67185444,1.7375885,0.11484236,0.0,0.0,0.0,0.018369446,0.023334876,0.016517267,301.43173,306.81537,296.4728,0.34376976,302.4802,308.58582,297.65527,94254.22,94429.24,94106.04,306.40942,955.2058,0.0,100.39134,301.68448,0.67185444,1.7375885,0.11484236,0.0,0.0,0.0,28.28173000000004,33.665369999999996,23.32280000000003,29.330200000000048,35.435820000000035,24.505269999999996,94.25422,94.42924000000001,94.10604,71.62152752677422,66.82159364105208,86.39062709918858,100.39134,28.53448000000003,,306.40942,955.2058,0.0,10.342569999999967,-19.569033458136502,10.93055000000004,0.32320000000001414,1,0,0,0,0,1,0,1,0,2025.580703699799,0.0,92.79149515130626,0,0,0,0,18.28173000000004,1024.9789700000017,26.652370000000037,29.148130000000037,22.527250000000038,3.598628002558755,25.481287142857166,29.148130000000037,19.908299999999997,3.323591865365513,26.182400000000023,30.648900000000026,19.908299999999997,2.920907114455532,27.326732380952404,31.66323,19.908299999999997,3.1636119955312387,27.03512107142859,31.66323,19.908299999999997,2.8544085949740663,79.17108522378682,93.35686826229835,71.62152752677422,12.29373313154707,79.8215540914348,94.29772058295349,71.62152752677422,9.759581042981784,76.32648948771953,94.29772058295349,61.25418350746315,10.208681210207939,67.02736630837614,94.29772058295349,43.378597749437006,16.257302565983366,65.28528498623635,94.29772058295349,43.378597749437006,14.373896709908717,0.7588747000000001,0.99301076,0.6117589,0.20498204659485686,0.7175158442857142,1.1652911,0.50851077,0.25817340083196366,0.8169263757142857,1.2296066,0.50851077,0.2788313329814205,0.7718262819047619,1.2296066,0.40108022,0.2769754023387805,0.7430842053571428,1.2296066,0.39214647,0.25768876293340015,185.7458356666667,306.40942,63.535557,121.4443186388572,162.87397957142858,306.40942,63.07707,86.97587463351621,163.16035192857143,306.40942,63.07707,71.6260677406359,200.98591676190475,342.93597,63.07707,93.02586783420423,195.79507864285713,342.93597,63.07707,82.44526071557053,99.74180466666667,108.49301,90.341064,9.09338814791638,99.34427628571429,109.04521,90.341064,7.338801864388047,89.36298528571429,109.04521,65.52268,12.62834376076047,80.55059138095238,109.04521,58.8983,16.428477802091923,78.836624,109.04521,58.8983,14.51972344034369,,,,,,,,,,,,,,,,,,,,,7.571276666666658,10.342569999999967,3.1720700000000193,3.8524789328603917,6.588178571428573,10.342569999999967,2.6627600000000484,3.0201332518694377,7.151789999999993,13.95465999999999,2.6627600000000484,2.9710675951686913,8.597557619047612,14.875499999999988,2.6627600000000484,3.3463458416381626,8.551378928571424,14.875499999999988,2.6627600000000484,2.9345108395656694,-15.523788991358165,-6.340961203889691,-20.6613723120483,7.971295106422092,-14.40371880139446,0.6505955632705565,-22.11984158911075,8.743191985437198,-11.4659803333814,0.6505955632705565,-22.11984158911075,8.281681030955982,-12.988143996336976,0.6505955632705565,-24.3856570596462,7.5063969550423195,-13.338497699297253,0.6505955632705565,-24.3856570596462,6.727912878798543,66.3859505,63.948044,22.12865016666667,2.0,1.0,1.0,1.0,49.957110000000114,137.8437005,71.45775,19.691957214285715,3.0,2.0,2.0,1.0,108.36901000000017,207.84564949999998,71.45775,14.84611782142857,7.0,3.0,2.0,3.0,226.5536000000003,209.8076103,71.45775,9.990838585714286,8.0,3.0,2.0,3.0,363.86138000000045,210.99998169999998,71.45775,7.535713632142857,9.0,3.0,2.0,3.0,476.98339000000067,0,69,0,1,0,6,0,0,0,0,0,0,0,1
成都市新都区长龙路,未知品种,2025-07-07,成都市新都区长龙路_同玉609,4.四川新都长龙路,4,5.0,7.0,,v14,0.0,0.0,0.0,0.0,0.0,0.0,0.0,0.0,0.0,0.0,0.0,0.0,0.0,0.0,0.0,0.0,0.0,0.0,14.0,45845,30.84375,104.21875,0.5809575,2.0366611,0.1410525,0.6938002,0.0,1.4792957,0.018008607,0.021246051,0.016611475,296.93707,302.72052,295.217,0.33633524,297.9127,303.38605,295.32947,94180.8,94418.61,94011.23,107.494156,397.62775,0.0,98.22024,298.1005,0.5809575,2.0366611,0.1410525,1.4792957,0.6938002,0.0,23.78707000000003,29.570520000000045,22.067000000000007,24.762699999999995,30.236050000000034,22.179470000000038,94.1808,94.41861,94.01123,91.57976948058007,76.87461158593044,93.66787438772347,98.22024,24.950500000000034,,107.494156,397.62775,0.0,7.503520000000037,-16.793262801793034,8.056579999999997,0.4073800000000034,1,1,1,1,0,0,0,1,0,2178.4143872184245,135.47355919961333,134.48676236120474,0,1,1,1,13.787070000000028,1135.808640000002,24.944703333333354,25.663100000000043,23.78707000000003,1.012209848417483,25.832810000000027,28.570340000000044,23.78707000000003,1.5573696899366265,25.657048571428597,29.148130000000037,19.908299999999997,2.5001918164685453,26.065870000000025,30.648900000000026,19.908299999999997,2.510326762108883,26.953251785714308,31.66323,19.908299999999997,2.895962647432865,82.72791615539428,91.57976948058007,77.89912977891181,7.676508087472256,83.02884463039274,93.9292592613351,72.43344822576793,7.638266270624553,81.42519936091378,94.29772058295349,71.62152752677422,8.582444947670993,78.5606078686106,94.29772058295349,61.25418350746315,9.783955932725597,71.0277358888803,94.29772058295349,43.378597749437006,16.078862100120524,0.7226124,0.8074461,0.5809575,0.12347371404299146,0.8561698514285715,1.3450966,0.5809575,0.2574753286066117,0.7868428478571429,1.3450966,0.50851077,0.25794596428292815,0.8300075342857143,1.3450966,0.50851077,0.2660505619357921,0.7929121742857143,1.3450966,0.40108022,0.2700765589051437,163.65485533333333,200.40092,107.494156,49.40255791624598,147.36921228571427,208.5494,67.90043,55.71290946517518,155.12159592857142,306.40942,63.07707,70.63109939684118,157.8966387142857,306.40942,63.07707,65.75753441696368,187.58174064285714,342.93597,63.07707,87.51555505266286,98.40518666666668,99.77097,97.22435,1.283344189309375,98.06800271428571,99.852715,95.814224,1.5811550316968788,98.70613949999999,109.04521,90.341064,5.142952190477669,92.26465776190477,109.04521,65.52268,11.049442745917572,84.92994421428571,109.04521,58.8983,16.129006983443695,,,,,,,,,,,,,,,,,,,,,7.976156666666687,8.92944,7.495510000000024,0.8255772981576662,7.182767142857155,12.184199999999976,2.961400000000026,2.985912675596917,6.885472857142864,12.184199999999976,2.6627600000000484,2.901705740852921,7.162115714285714,13.95465999999999,2.6627600000000484,2.9004540990103016,8.243859999999998,14.875499999999988,2.6627600000000484,3.2657778005836713,-23.51022132915773,-16.793262801793034,-30.547957343072575,6.8829556970740775,-16.52500702432667,-1.2072209568605388,-30.547957343072575,9.112877376346065,-15.464362912860564,0.6505955632705565,-30.547957343072575,8.649931809690434,-13.152322563696492,0.6505955632705565,-30.547957343072575,8.687133700144201,-13.872359753334399,0.6505955632705565,-30.547957343072575,7.913564210347208,10.480777800000002,5.3394566,3.493592600000001,3.0,0.0,1.0,1.0,44.83411000000007,31.2962192,11.247582,4.470888457142857,6.0,0.0,2.0,4.0,110.82967000000019,169.13991969999998,71.45775,12.081422835714283,9.0,2.0,4.0,5.0,219.19868000000037,239.1418687,71.45775,11.387708033333334,13.0,3.0,4.0,7.0,337.3832700000005,241.1038295,71.45775,8.610851053571428,14.0,3.0,4.0,7.0,474.69105000000064,6,76,0,0,0,13,1,1,0,0,1,1,1,0
成都市新都区长龙路,未知品种,2025-07-14,成都市新都区长龙路_同玉609,4.四川新都长龙路,4,5.0,7.0,,vT,0.0,0.0,0.0,0.0,0.0,0.0,0.0,0.0,0.0,0.0,0.0,0.0,0.0,0.0,0.0,0.0,0.0,0.0,10.0,45852,30.84375,104.21875,0.42676705,1.2815261,0.0057116332,0.0,0.0,0.0,0.02230733,0.026990179,0.019293718,304.06323,308.48767,299.65552,0.2968257,305.19,311.72382,300.1184,94222.75,94529.13,94000.94,243.9246,732.3931,0.0,86.682236,304.54846,0.42676705,1.2815261,0.0057116332,0.0,0.0,0.0,30.91323,35.33767,26.505520000000047,32.04000000000002,38.57382000000001,26.96840000000003,94.22275,94.52913000000001,94.00094,74.52315014359039,70.3383771976822,83.21145216446013,86.682236,31.39846,,243.9246,732.3931,0.0,8.832149999999956,-12.87307496677792,11.605419999999981,0.5281900000000093,1,0,0,0,0,1,0,0,0,2303.7512807133426,0.0,141.47268729809576,0,0,0,0,20.91323,1265.2510500000021,29.95735000000002,30.91323,28.753840000000025,1.100786880236133,28.49177285714288,30.91323,25.04684000000003,1.96903078622209,27.162291428571454,30.91323,23.78707000000003,2.1937005562110965,26.60195666666669,30.91323,19.908299999999997,2.664814411230808,26.67234571428574,30.91323,19.908299999999997,2.5833768957136156,74.58026142370352,76.55402701564923,72.66360711187093,1.945838644560731,78.92107121419103,90.49208957608414,72.66360711187093,6.4373502691599995,81.1329492075304,93.9292592613351,72.43344822576793,7.140094676604743,80.67396091689696,94.29772058295349,71.62152752677422,7.917644691422438,78.64071083429513,94.29772058295349,61.25418350746315,9.034803697481534,0.45946791666666664,0.4845175,0.42676705,0.029625752670368155,0.6536700166666666,1.0915046,0.42676705,0.28552980457977223,0.7627083892307692,1.3450966,0.42676705,0.27956500885675584,0.7468909985,1.3450966,0.42676705,0.26626983991782927,0.7908214192592593,1.3450966,0.42676705,0.27515058841063744,259.8574566666667,274.31647,243.9246,15.249445929365189,226.90875000000003,274.31647,159.32004,50.908430783000796,184.07976815384615,274.31647,67.90043,65.84166348855817,176.65774215000002,306.40942,63.07707,72.35016506243024,173.23266344444443,306.40942,63.07707,68.4063674016768,88.57942333333334,90.655914,86.682236,1.9928977585243,91.62592500000001,95.60724,86.682236,3.6828119167817683,95.09473607692308,99.852715,86.682236,4.251410831318402,96.58207515,109.04521,86.682236,5.72257118805703,92.12271714814814,109.04521,65.52268,9.828379478490124,,,,,,,,,,,,,,,,,,,,,9.080876666666674,9.83928000000003,8.571200000000033,0.6696308218961914,8.718547142857135,11.31801999999999,7.052459999999996,1.4861164179017519,7.950657142857145,12.184199999999976,2.961400000000026,2.4019298300851113,7.496497619047621,12.184199999999976,2.6627600000000484,2.6305004812352717,7.55122357142857,13.95465999999999,2.6627600000000484,2.6820524569665025,-15.939863228444821,-12.87307496677792,-18.213940524588153,2.757263903364508,-19.270193784859117,-12.87307496677792,-25.093853200999334,4.27341416859805,-17.792016298418567,-1.2072209568605388,-30.547957343072575,7.1526497848277435,-16.60611217446013,0.6505955632705565,-30.547957343072575,7.6942280881326575,-14.511849501732629,0.6505955632705565,-30.547957343072575,8.263222055186258,0.0,0.0,0.0,0.0,0.0,0.0,0.0,59.87205000000006,3.8328648400000005,3.2545345,0.6388108066666668,2.0,0.0,1.0,2.0,129.44241000000017,35.12908404,11.247582,2.702237233846154,8.0,0.0,3.0,6.0,240.27208000000036,172.97278454,71.45775,8.648639227,11.0,2.0,5.0,7.0,348.64109000000053,242.97473354,71.45775,8.999064205185185,15.0,3.0,5.0,9.0,466.82568000000066,0,4,0,3,0,0,0,0,0,0,0,0,0,3
成都市新都区长龙路,未知品种,2025-07-21,成都市新都区长龙路_同玉609,4.四川新都长龙路,4,5.0,7.0,,R1,0.0,0.0,0.0,0.0,0.0,0.0,0.0,0.0,0.0,0.0,0.0,0.0,0.0,0.0,0.0,0.0,0.0,0.0,21.0,45859,30.84375,104.21875,1.1123549,2.3232486,0.3227984,0.0,0.0,0.0,0.017856155,0.020506924,0.015381555,304.49533,308.44403,301.1726,0.29662862,304.55652,310.63074,300.14264,94951.836,95197.85,94778.5,245.80675,795.3376,0.0,86.62468,304.05585,1.1123549,2.3232486,0.3227984,0.0,0.0,0.0,31.345330000000047,35.29403000000002,28.02260000000001,31.40652,37.480740000000026,26.992639999999994,94.951836,95.19785,94.7785,58.80769886022451,54.160708651388546,61.3336763593872,86.62468,30.905850000000044,,245.80675,795.3376,0.0,7.271430000000009,-7.172967707998652,10.488100000000031,0.41935000000000855,1,0,0,0,0,1,0,0,0,1843.346727314364,0.0,48.506999773931305,0,0,0,0,21.345330000000047,1411.2721900000024,30.051083333333377,31.345330000000047,29.107420000000047,1.1594144199695615,30.86016285714289,33.18823000000003,27.905760000000043,2.020528159093648,29.675967857142886,33.18823000000003,25.04684000000003,2.276808610669366,28.394915238095273,33.18823000000003,23.78707000000003,2.7465302937353995,27.666508214285745,33.18823000000003,19.908299999999997,3.1133797341855844,66.73953099354519,77.11644697236963,58.80769886022451,9.396083791513995,69.29670055740661,84.51159584696974,58.80769886022451,8.991624247866906,73.7387177836148,90.49208957608414,58.80769886022451,9.090079637853274,76.99026217998708,93.9292592613351,58.80769886022451,9.554022636314269,77.72430082369574,94.29772058295349,58.80769886022451,9.501760380356592,1.1653949,1.5204291,0.8634007,0.3317099799548393,1.0079121085714287,1.5204291,0.4008136,0.39514830524910677,0.8444157584615385,1.5204291,0.4008136,0.38187153914812616,0.8485296910000001,1.5204291,0.4008136,0.3362565092365087,0.8145631381481481,1.5204291,0.4008136,0.31848337502995705,198.93762,245.80675,170.9578,40.843553386461146,195.61107928571428,245.80675,91.815285,53.95329176231522,210.05615807692308,274.31647,91.815285,52.90618191038681,188.11572704999998,274.31647,67.90043,60.73768475299694,181.5715702962963,306.40942,63.07707,67.59175993482674,89.52291333333334,92.72208,86.62468,3.059819004996037,88.28943057142858,94.14242,84.29171,3.8592407483082707,89.82935107692309,95.60724,84.29171,4.011893841042773,92.71287914999999,99.852715,84.29171,5.216253930872084,94.43213025925925,109.04521,84.29171,6.409565000282862,,,,,,,,,,,,,,,,,,,,,7.807623333333329,8.32186999999999,7.271430000000009,0.5255637835061789,8.40593857142857,9.618920000000003,7.271430000000009,0.9097149738320599,8.562242857142852,11.31801999999999,7.052459999999996,1.1948213404678443,8.10241761904762,12.184199999999976,2.961400000000026,2.011632048658261,7.723857857142859,12.184199999999976,2.6627600000000484,2.338869057013335,-12.627858348907338,-6.256741989651587,-24.453865349071776,10.251863175427863,-18.96506060650915,-6.256741989651587,-26.855128275460174,8.637118007056488,-19.105891304209134,-6.256741989651587,-26.855128275460174,6.703295165548438,-18.202581806250272,-1.2072209568605388,-30.547957343072575,7.496611803294016,-17.21769139758395,0.6505955632705565,-30.547957343072575,7.847768652416499,1.2946825,1.2946825,0.43156083333333334,1.0,0.0,0.0,0.0,60.15325000000013,19.6104805,18.315798,2.8014972142857144,2.0,0.0,0.0,1.0,146.02114000000023,23.443345339999997,18.315798,1.8033342569230766,4.0,0.0,1.0,3.0,275.4635500000004,54.739564539999996,18.315798,2.736978227,10.0,0.0,3.0,7.0,386.2932200000006,192.58326504,71.45775,7.132713519999999,13.0,2.0,5.0,8.0,494.66223000000076,0,11,0,3,0,0,0,0,0,0,0,0,0,2
成都市新都区长龙路,未知品种,2025-07-28,成都市新都区长龙路_同玉609,4.四川新都长龙路,4,5.0,7.0,,R2,0.0,0.0,0.0,0.0,0.0,0.0,0.0,0.0,0.0,0.0,0.0,0.0,0.0,0.0,0.0,0.0,0.0,0.0,22.0,45866,30.84375,104.21875,1.4347569,1.7857497,0.080079466,0.0,0.0,0.0,0.021026056,0.02339209,0.019423924,303.46893,309.78577,299.23254,0.29045126,305.88763,312.6806,300.06232,94005.97,94253.29,93845.11,262.82056,795.504,0.0,84.8207,305.3026,1.4347569,1.7857497,0.080079466,0.0,0.0,0.0,30.318930000000023,36.635770000000036,26.082539999999995,32.737630000000024,39.53060000000005,26.912320000000022,94.00597,94.25328999999999,93.84511,72.56283907423156,56.71115171696444,85.7448936514979,84.8207,32.15260000000001,,262.82056,795.504,0.0,10.553230000000042,-29.033741934533467,12.618280000000027,0.40817999999998733,1,0,0,0,0,1,0,0,0,2200.0276384928934,0.0,47.279695614485625,0,0,0,0,20.318930000000023,1544.7813600000025,29.95837666666669,31.226830000000007,28.32937000000004,1.4819978551041524,29.072738571428594,31.226830000000007,27.004080000000044,1.4898738790294186,29.96645071428574,33.18823000000003,27.004080000000044,1.9413644849136653,29.47489142857145,33.18823000000003,25.04684000000003,2.02985990357535,28.5643710714286,33.18823000000003,23.78707000000003,2.4840155782781443,74.0650949211669,81.42325979018345,68.20918589908567,6.733907979181633,77.03997839084354,88.1788115519977,68.20918589908567,7.155340386206275,73.16833947412509,88.1788115519977,58.80769886022451,8.779974796547386,74.89415899614485,90.49208957608414,58.80769886022451,8.424073628253971,77.0031515679869,93.9292592613351,58.80769886022451,8.861137743094455,0.99762379,1.4347569,0.6885674,0.38923312697152473,1.034536252857143,1.4347569,0.6885674,0.23855120448284886,1.0212241807142857,1.5204291,0.4008136,0.31388068770879113,0.9109579314999999,1.5204291,0.4008136,0.34456791651731655,0.8967536144444445,1.5204291,0.4008136,0.32040477686700625,211.94114666666667,262.82056,157.14125,52.94862399245368,188.43261,262.82056,139.72607,42.51870550464183,192.02184464285713,262.82056,91.815285,46.816453824549846,202.48791625,274.31647,91.815285,49.50453995756422,188.1978818888889,274.31647,67.90043,55.794893345742096,87.62034,90.64315,84.8207,2.917633396659312,87.669978,91.52057,84.8207,2.476617196293222,87.97970428571429,94.14242,84.29171,3.131812654667489,89.0735705,95.60724,84.29171,3.635797615464587,91.40546033333334,99.852715,84.29171,5.13525622856797,,,,,,,,,,,,,,,,,,,,,8.577296666666674,10.553230000000042,7.012999999999977,1.8056551919548385,8.657720000000008,11.238980000000026,5.800970000000007,2.3001792135252024,8.53182928571429,11.238980000000026,5.800970000000007,1.6855109495775045,8.59406857142857,11.31801999999999,5.800970000000007,1.586604262963174,8.241243214285717,12.184199999999976,2.961400000000026,2.057480573013102,-22.84770635387377,-18.880102945087884,-29.033741934533467,5.428183596554271,-24.226918671151566,-12.53269744400356,-33.817302976266106,7.981579130612073,-21.59598963883036,-6.256741989651587,-33.817302976266106,8.443192539372047,-20.898250882638983,-6.256741989651587,-33.817302976266106,7.401162843591899,-19.76444691937283,-1.2072209568605388,-33.817302976266106,7.937743929978162,0.0,0.0,0.0,0.0,0.0,0.0,1.0,59.87513000000007,20.894451150000002,15.788,2.9849215928571433,4.0,0.0,0.0,3.0,133.50917000000015,40.504931649999996,18.315798,2.8932094035714284,6.0,0.0,0.0,4.0,279.5303100000004,44.337796489999995,18.315798,2.2168898245,8.0,0.0,1.0,6.0,408.97272000000055,75.63401569000001,18.315798,2.801259840370371,14.0,0.0,3.0,10.0,519.8023900000007,0,18,0,3,0,0,0,0,0,0,0,0,0,3
成都市新都区长龙路,未知品种,2025-08-04,成都市新都区长龙路_同玉609,4.四川新都长龙路,4,5.0,7.0,,R3,0.0,0.0,0.0,0.0,0.0,0.0,0.0,0.0,0.0,0.0,0.0,0.0,0.0,0.0,0.0,0.0,0.0,0.0,23.0,45873,30.84375,104.21875,0.0748933,0.0748933,0.0748933,0.30202928,0.0,0.30202928,0.01996235,0.021280698,0.018540937,306.72238,311.4303,302.49603,0.2536272,306.77374,314.09293,302.0123,94087.86,94282.086,93906.086,189.55186,702.78705,0.0,74.06695,306.485,0.0748933,0.0748933,0.0748933,0.30202928,0.30202928,0.0,33.57238000000001,38.28030000000001,29.34603000000004,33.62374,40.94293000000005,28.862300000000005,94.08786,94.28208599999999,93.906086,57.37085525040714,47.243051685542845,67.7030392025811,74.06695,33.335000000000036,,189.55186,702.78705,0.0,8.93426999999997,-20.45998751703825,12.080630000000042,0.37599999999999056,1,1,0,0,0,1,0,0,0,1926.076153391664,17.327678104264688,328.0334652637187,0,0,0,0,23.57238000000001,1701.2998800000025,33.53489333333334,33.7543,33.27800000000002,0.24035257463433407,32.35978857142858,33.7543,29.9058,1.3426164288734632,30.716263571428588,33.7543,27.004080000000044,2.1829849053659385,30.76423000000002,33.7543,27.004080000000044,2.0801723149681846,30.196115714285742,33.7543,25.04684000000003,2.2518811339500835,56.14669664657249,57.37085525040714,54.72901272775346,1.3315111769260677,62.41644333913791,72.55490953753545,54.72901272775346,6.611654118358901,69.72821086499074,88.1788115519977,54.72901272775346,10.068780455788682,69.58437409579602,88.1788115519977,54.72901272775346,9.497129031021766,71.65919567766157,90.49208957608414,54.72901272775346,9.643487606138008,0.25186020000000003,0.605794,0.0748933,0.30651566205796077,0.5505325428571429,1.0131376,0.0748933,0.3493178968974152,0.7925343978571429,1.4347569,0.0748933,0.3816448803480571,0.8643269680952381,1.5204291,0.0748933,0.3903085293605804,0.8175143122222223,1.5204291,0.0748933,0.3752712325368745,250.53565000000003,288.54343,189.55186,53.34562315135433,252.87153142857142,288.54343,189.55186,33.84998391169666,220.6520707142857,288.54343,139.72607,49.811399262037426,212.30507357142855,288.54343,91.815285,51.30656233875197,215.55033499999996,288.54343,91.815285,50.61196882949852,74.99006166666666,76.26293,74.06695,1.139003658691088,78.15483728571428,82.89937,74.06695,3.3432246248152984,82.91240764285715,91.52057,74.06695,5.689040487017359,84.7047486190476,94.14242,74.06695,5.679058970839972,86.24278781481482,95.60724,74.06695,6.001267768648884,,,,,,,,,,,,,,,,,,,,,9.991889999999993,11.033540000000016,8.93426999999997,1.0497261137554272,10.493387142857134,11.73660000000001,8.93426999999997,0.94747910926336,9.575553571428571,11.73660000000001,5.800970000000007,1.9399663948065256,9.185681904761903,11.73660000000001,5.800970000000007,1.736009640844842,9.068898214285712,11.73660000000001,5.800970000000007,1.6630123232635246,-17.661051241004238,-15.981991237502427,-20.45998751703825,2.4400214792537205,-21.550692671384923,-15.981991237502427,-28.93229044164577,4.644821168061209,-22.888805671268244,-12.53269744400356,-33.817302976266106,6.425594640039452,-21.58089064968188,-6.256741989651587,-33.817302976266106,7.267025734705,-21.067402457499043,-6.256741989651587,-33.817302976266106,6.7151391260316,0.30202928,0.30202928,0.10067642666666667,1.0,0.0,0.0,0.0,70.60468000000003,0.73765942,0.43563014,0.10537991714285713,2.0,0.0,0.0,0.0,156.51852000000008,21.63211057,15.788,1.5451507549999999,6.0,0.0,0.0,3.0,290.02769000000023,41.242591069999996,18.315798,1.963932908095238,8.0,0.0,0.0,4.0,436.04883000000046,45.075455909999995,18.315798,1.6694613299999999,10.0,0.0,1.0,6.0,565.4912400000007,1,25,0,10,0,0,0,0,0,0,0,0,0,0
成都市新都区长龙路,未知品种,2025-08-11,成都市新都区长龙路_同玉609,4.四川新都长龙路,4,5.0,7.0,,R4,0.0,0.0,0.0,0.0,0.0,0.0,0.0,0.0,0.0,0.0,0.0,0.0,0.0,0.0,0.0,0.0,0.0,0.0,24.0,45880,30.84375,104.21875,0.9595686,0.9595686,0.9595686,0.0,0.0,0.0,0.018693425,0.020384995,0.01733999,300.18716,305.42902,296.04474,0.33209148,300.91077,306.6979,297.44214,94458.92,94593.05,94311.6,159.70938,766.73737,0.0,96.98093,300.88626,0.9595686,0.9595686,0.9595686,0.0,0.0,0.0,27.03716000000003,32.27902,22.894740000000013,27.760770000000036,33.54790000000003,24.292140000000018,94.45891999999999,94.59305,94.31160000000001,78.54589478246442,63.33367075749313,93.2316052098565,96.98093,27.736260000000016,,159.70938,766.73737,0.0,9.38427999999999,-29.897934452363366,9.25576000000001,0.28144999999999243,1,0,0,0,0,0,0,1,0,2123.657924576658,0.0,74.1300702780966,0,0,0,0,17.03716000000003,1831.2523300000028,26.204110000000032,28.100600000000043,23.47457000000003,2.4229151072829684,28.56463571428574,33.01174000000003,23.47457000000003,2.908593859512722,30.46221214285716,33.7543,23.47457000000003,2.9350189479120563,29.9990542857143,33.7543,23.47457000000003,2.591470185038947,30.21433142857145,33.7543,23.47457000000003,2.4547948205799486,86.27508565021289,94.69204697524722,78.54589478246442,8.09501876523839,80.76128120031218,94.69204697524722,62.164442811304035,9.782118562191025,71.58886226972506,94.69204697524722,54.72901272775346,12.447701823747787,73.40590097676456,94.69204697524722,54.72901272775346,11.090875689286039,72.37860087192506,94.69204697524722,54.72901272775346,10.600306308025031,0.9172150566666666,0.9595686,0.83250797,0.07335848893390391,0.6222616985714285,0.9595686,0.0748933,0.3306419779318716,0.5863971207142856,1.0131376,0.0748933,0.3288780946946041,0.7357768314285714,1.4347569,0.0748933,0.3663830640900458,0.8038106507142857,1.5204291,0.0748933,0.3853995780947817,112.45316766666667,159.70938,47.119083,58.43159116190707,149.76630185714288,229.25867,47.119083,55.9190023677641,201.31891664285715,288.54343,47.119083,69.52805006569335,197.02348109523808,288.54343,47.119083,61.01881709717447,196.67038064285717,288.54343,47.119083,58.354643747038274,96.85744333333334,104.66243,88.92897,7.867456870586086,86.81641857142857,104.66243,72.93771,11.102556475083324,82.48562792857142,104.66243,72.93771,9.06915284542547,84.21374461904763,104.66243,72.93771,7.846891091979464,85.23266610714286,104.66243,72.93771,7.221483675953949,,,,,,,,,,,,,,,,,,,,,6.109763333333319,9.38427999999999,1.4663699999999835,4.1326374373314385,7.784742857142866,10.763300000000015,1.4663699999999835,3.2647697130155726,9.139065,11.73660000000001,1.4663699999999835,2.7035200157451436,8.97861666666667,11.73660000000001,1.4663699999999835,2.528274576762456,8.835447142857145,11.73660000000001,1.4663699999999835,2.232178190200408,-14.113120881865775,1.139933126050522,-29.897934452363366,15.52576510604506,-19.274805560809227,1.139933126050522,-30.501080938294535,11.027702097763674,-20.412749116097075,1.139933126050522,-30.501080938294535,8.214603698161554,-21.684138967781905,1.139933126050522,-33.817302976266106,8.146655951830777,-21.004369377463714,1.139933126050522,-33.817302976266106,8.19614677130821,92.394428,55.839306,30.798142666666667,2.0,2.0,1.0,2.0,48.6123300000001,141.3021207,55.839306,20.18601724285714,6.0,3.0,1.0,5.0,129.95245000000017,142.03978012,55.839306,10.14569858,8.0,3.0,1.0,5.0,286.47097000000025,162.93423127,55.839306,7.758772917619048,12.0,3.0,1.0,8.0,419.9801400000004,182.54471177,55.839306,6.519453991785714,14.0,3.0,1.0,9.0,566.0012800000006,0,32,0,0,0,6,0,0,0,0,0,0,0,1
成都市新都区长龙路,未知品种,2025-08-18,成都市新都区长龙路_同玉609,4.四川新都长龙路,4,5.0,7.0,,R4,0.0,0.0,0.0,0.0,0.0,0.0,0.0,0.0,0.0,0.0,0.0,0.0,0.0,0.0,0.0,0.0,0.0,0.0,24.0,45887,30.84375,104.21875,0.9595686,0.9595686,0.9595686,2.0190568,0.0,2.0190568,0.018719846,0.022048814,0.017005816,300.07324,305.3862,295.5536,0.33614862,301.04904,306.53735,296.91724,94726.41,95016.82,94551.28,215.29567,862.644,0.0,98.16573,300.99802,0.9595686,0.9595686,0.9595686,2.0190568,2.0190568,0.0,26.92324000000002,32.2362,22.40360000000004,27.899040000000014,33.387350000000026,23.767240000000015,94.72641,95.01682000000001,94.55128,79.40864683169528,68.90793580845063,94.46208141879997,98.16573,27.84802000000002,,215.29567,862.644,0.0,9.832599999999957,-25.554145610349337,9.620110000000011,0.4655400000000043,1,1,0,0,0,0,0,1,0,2137.938056724973,160.3305683643328,74.94431868941311,0,0,0,0,16.92324000000002,1958.693480000003,26.466230000000035,26.92324000000002,26.074730000000045,0.42803151180725546,28.205878571428602,30.35232000000002,26.074730000000045,1.6960076369071824,28.38525714285717,33.01174000000003,23.47457000000003,2.2949549060541488,29.710100952380976,33.7543,23.47457000000003,2.765892392572263,29.550760357142877,33.7543,23.47457000000003,2.497808456632709,85.88163680546772,89.4138817583706,79.40864683169528,5.613569937465512,77.7262513367849,89.4138817583706,68.4960818669794,8.603510198905548,79.24376626854853,94.69204697524722,62.164442811304035,8.989315494597525,73.63465862541167,94.69204697524722,54.72901272775346,11.476482148462695,74.48598856676963,94.69204697524722,54.72901272775346,10.544906248876336,0.9595686,0.9595686,0.9595686,0.0,0.9595686,0.9595686,0.9595686,0.0,0.7909151492857143,0.9595686,0.0748933,0.28476177838190153,0.7107876138095238,1.0131376,0.0748933,0.3206209752693514,0.7917247735714286,1.4347569,0.0748933,0.3304130669755962,141.87839,215.29567,97.67215,64.02176784273286,194.0647542857143,267.4144,97.67215,67.04248196165389,171.91552807142855,267.4144,47.119083,63.60818185566919,198.9008625238095,288.54343,47.119083,67.10353434172134,196.28379939285713,288.54343,47.119083,61.30677141078696,97.94223,98.16573,97.75011,0.20957939879357496,93.76707485714284,98.16573,88.911354,4.0942210942466355,90.29174671428571,104.66243,72.93771,8.81112548348106,86.24611023809524,104.66243,72.93771,9.390823589972227,86.60207717857143,104.66243,72.93771,8.190321743893076,,,,,,,,,,,,,,,,,,,,,7.231409999999983,9.832599999999957,4.34523999999999,2.7547577284944547,8.33701999999998,9.901129999999966,4.34523999999999,1.9600762235518452,8.060881428571422,10.763300000000015,1.4663699999999835,2.6028276877239502,8.87171666666666,11.73660000000001,1.4663699999999835,2.4603923925958116,8.818217499999998,11.73660000000001,1.4663699999999835,2.380911609625416,-15.739161825455644,-8.688591332513568,-25.554145610349337,8.766026232632155,-13.563248287025854,-6.353265614068945,-25.554145610349337,6.715651817425411,-16.41902692391754,1.139933126050522,-30.501080938294535,9.258832623128614,-18.129582173073334,1.139933126050522,-30.501080938294535,8.266728225535974,-19.653916297592893,1.139933126050522,-33.817302976266106,8.48569926308151,36.8771838,25.058035,12.2923946,3.0,1.0,0.0,2.0,49.3986900000001,36.8771838,25.058035,5.268169114285714,3.0,1.0,0.0,2.0,127.44115000000022,178.1793045,55.839306,12.727093178571428,9.0,4.0,1.0,7.0,257.3936000000004,178.91696392,55.839306,8.519855424761905,11.0,4.0,1.0,7.0,413.91212000000047,199.81141507,55.839306,7.136121966785715,15.0,4.0,1.0,10.0,547.4212900000006,3,39,0,0,0,5,0,0,0,0,0,0,0,0
成都市新都区长龙路,未知品种,2025-08-25,成都市新都区长龙路_同玉609,4.四川新都长龙路,4,5.0,7.0,,R4,0.0,0.0,0.0,0.0,0.0,0.0,0.0,0.0,0.0,0.0,0.0,0.0,0.0,0.0,0.0,0.0,0.0,0.0,24.0,45894,30.84375,104.21875,0.92858046,1.8224343,0.34243822,0.0,0.0,0.0,0.019905254,0.021049798,0.019220375,299.27252,301.8336,297.40033,0.30607054,300.0596,303.93988,297.78268,95291.195,95440.77,95184.55,95.0653,379.05893,0.0,89.38201,300.20035,0.92858046,1.8224343,0.34243822,0.0,0.0,0.0,26.12252000000001,28.683600000000013,24.25033000000002,26.90960000000001,30.78988000000004,24.63268000000005,95.291195,95.44077,95.18455,88.98704687191113,81.0546995898599,96.00044986955893,89.38201,27.050350000000037,,95.0653,379.05893,0.0,4.433269999999993,-14.945750279699041,6.157199999999989,0.256219999999999,1,0,0,1,0,0,0,1,1,2324.5659116524366,0.0,86.51442481408904,0,1,1,1,16.12252000000001,2080.161150000003,26.563466666666688,26.90984000000003,26.12252000000001,0.40208989310023485,27.35252428571431,28.754800000000046,26.12252000000001,1.0467358657568702,27.779201428571458,30.35232000000002,26.074730000000045,1.424546746862958,28.041012857142885,33.01174000000003,23.47457000000003,2.000246778437974,29.120706785714308,33.7543,23.47457000000003,2.64405364301366,86.54202371041113,88.98704687191113,85.13655203168034,2.125341876653191,81.17536068257313,88.98704687191113,74.87588982386356,5.802713063142478,79.45080600967901,89.4138817583706,68.4960818669794,7.273706299416423,79.8876310732234,94.69204697524722,62.164442811304035,7.968506078301831,75.51983413970204,94.69204697524722,54.72901272775346,10.775053850328272,1.18718022,1.3872794,0.92858046,0.23487851707751622,1.1856244657142856,1.4699619,0.92858046,0.20415896677435508,1.072596532857143,1.4699619,0.92858046,0.1816462523210462,0.9224849214285714,1.4699619,0.0748933,0.3186919535690002,0.8294968267857142,1.4699619,0.0748933,0.3595140334434736,115.39977,138.97632,95.0653,22.134311179814816,152.27761,243.3277,95.0653,51.7904146217201,173.17118214285713,267.4144,95.0653,61.502487505699236,165.3695553809524,267.4144,47.119083,59.367997491256105,187.2450493928571,288.54343,47.119083,65.98631704449787,90.47901499999999,91.673065,89.38201,1.1486063521829637,90.94721414285716,93.333534,89.38201,1.3508303434545266,92.3571445,98.16573,88.911354,3.274082190596471,90.51023585714286,104.66243,72.93771,7.149197684521007,87.4213862142857,104.66243,72.93771,8.368208786074382,,,,,,,,,,,,,,,,,,,,,4.665316666666665,5.398849999999982,4.163830000000019,0.6493865118196616,6.525122857142849,10.17383000000001,4.163830000000019,2.247647348990434,7.431071428571414,10.17383000000001,4.163830000000019,2.233543301613466,7.548961904761898,10.763300000000015,1.4663699999999835,2.5435148360126,8.285068214285706,11.73660000000001,1.4663699999999835,2.584077056417647,-12.177410844128849,-9.842684412132314,-14.945750279699041,2.579018319018337,-16.083720460608436,-5.5573641363097295,-32.2236616261426,8.66042795600694,-14.823484373817143,-5.5573641363097295,-32.2236616261426,7.5592667542598955,-16.307258102814504,1.139933126050522,-32.2236616261426,8.845847923351185,-17.61811674495711,1.139933126050522,-32.2236616261426,8.252425285835136,0.7926986899999999,0.66936517,0.26423289666666666,2.0,0.0,0.0,3.0,49.69040000000007,11.31224379,5.4213357,1.616034827142857,5.0,0.0,0.0,4.0,121.46767000000017,48.189427589999994,25.058035,3.4421019707142855,8.0,1.0,0.0,6.0,248.9088200000004,189.49154829,55.839306,9.023407061428571,14.0,4.0,1.0,11.0,378.86127000000056,190.22920771,55.839306,6.793900275357143,16.0,4.0,1.0,11.0,535.3797900000006,0,46,1,0,0,12,0,4,0,0,4,4,4,1
江东-1,未知品种,2025-08-18,江东-1_垦丰680,10.云南德宏江东,10,,,,R1,100.0,30.88888888888889,0.0,0.0,0.0,0.0,,,,,,,,,,,,,21.0,45887,24.46875,98.34375,1.2596334,1.2596334,1.2596334,0.0,0.0,0.0,0.016384734,0.019334247,0.014361581,295.18747,300.80826,291.31085,0.36943683,295.56934,300.15787,291.93024,86119.2,86300.62,85990.586,272.28372,988.0281,0.0,97.15224,295.3142,1.2596334,1.2596334,1.2596334,0.0,0.0,0.0,22.03747000000004,27.65826000000004,18.16085000000004,22.419340000000034,27.007870000000025,18.78024000000005,86.11919999999999,86.30062,85.990586,84.79765893917148,71.53930231738103,94.467941437128,97.15224,22.16420000000005,,272.28372,988.0281,0.0,9.497410000000002,-22.928639119746975,8.227629999999976,0.3100340000000017,1,0,0,1,0,0,0,1,0,1868.725864942227,0.0,62.36803166145483,0,1,1,1,12.037470000000042,809.1344700000016,21.18508333333337,22.03747000000004,19.876400000000046,1.150526345736292,20.687501428571448,22.03747000000004,18.997299999999996,1.2355252828443637,20.337687857142875,22.03747000000004,18.997299999999996,0.9601641651956312,20.37260904761907,22.184900000000027,18.997299999999996,0.9722710711005761,20.543362500000026,23.493160000000046,18.997299999999996,1.1187466661522911,87.72502523043589,91.8639084090452,84.79765893917148,3.685620744035349,89.61034932767727,94.11688988671146,84.79765893917148,3.461770972922819,91.44472506419808,94.11688988671146,84.79765893917148,3.0495477702920146,91.67843813109177,94.11688988671146,84.79765893917148,2.7593005070909498,92.2400732215768,100.0,84.51681139415476,3.7283466344806873,1.2596334,1.2596334,1.2596334,0.0,1.2596334,1.2596334,1.2596334,0.0,1.2440607642857144,1.3431259,1.0954983,0.058151708355809566,1.4108633142857143,1.9676785,1.0954983,0.29190307197563475,1.513744807142857,2.7552626,0.9992142,0.4285967074016422,205.09276166666677,272.28372,102.140045,90.53394421400859,185.49813785714286,272.28372,75.03668,79.25289785480079,153.74642992857142,272.28372,75.03668,65.03842311521964,150.52806347619048,272.28372,75.03668,59.801430188563955,150.32161867857144,272.28372,75.03668,55.299576870316834,98.90257166666667,100.73134,97.15224,1.7908387519564388,99.54820071428571,100.73134,97.15224,1.28102335643021,98.64827149999999,100.73134,95.80775,1.5431533187511044,98.47641623809525,103.70351,95.46154,2.090704258467442,98.13578160714285,103.70351,94.670815,2.1877478555626366,,,,,,,,,,,,,,,,,,,,,6.67913333333333,9.497410000000002,3.845229999999958,2.8261224022737346,6.979698571428571,10.735450000000014,1.7384000000000128,3.2251142876360714,5.742537142857141,10.735450000000014,1.7384000000000128,2.7199593236619997,5.49847333333333,10.735450000000014,1.7384000000000128,2.4513038719635247,5.617535714285716,10.735450000000014,1.7384000000000128,2.429429302851057,-14.374327244499705,-5.170157067500014,-22.928639119746975,8.897058955590989,-13.281727347501612,0.45151374744359885,-22.928639119746975,8.133917380244279,-8.627116564560563,0.45151374744359885,-22.928639119746975,7.65173895589369,-7.202491406478406,0.45151374744359885,-22.928639119746975,7.274932852230167,-8.899548927759811,0.45151374744359885,-30.102030463411296,8.268183088645134,15.828241300000006,9.538455,5.276080433333335,2.0,0.0,1.0,2.0,33.555250000000115,81.5731443,21.219263,11.653306328571428,6.0,0.0,4.0,4.0,74.81251000000015,113.86884002000001,21.219263,8.133488572857143,13.0,0.0,11.0,7.0,144.72763000000026,193.40552932000003,40.04321,9.209787110476192,20.0,1.0,17.0,11.0,217.82479000000046,260.64560222,40.04321,9.308771507857143,27.0,2.0,22.0,15.0,295.21415000000076,0,39,0,0,0,2,0,39,0,0,2,39,2,1
江东-1,未知品种,2025-08-25,江东-1_垦丰680,10.云南德宏江东,10,,,,R2,100.0,52.66666666666667,0.0,0.0,0.0,0.0,100.0,0.0,30.88888888888889,21.777777777777782,0.0,0.0,0.0,0.0,0.0,0.0,0.0,0.0,22.0,45894,24.46875,98.34375,1.2513504,2.1609406,0.14419681,0.0,0.0,0.0,0.016161127,0.01798944,0.014665688,294.8887,298.8712,291.69235,0.37660292,294.96844,300.02066,291.22794,83708.95,83888.0,83461.86,197.92789,732.6345,0.0,99.03673,294.6474,1.2513504,2.1609406,0.14419681,0.0,0.0,0.0,21.738699999999994,25.72120000000001,18.54235,21.81844000000001,26.870660000000044,18.077940000000012,83.70895,83.888,83.46186,82.80817001035263,72.58631202066778,91.39981665941269,99.03673,21.497400000000027,,197.92789,732.6345,0.0,7.178850000000011,-18.813504638744917,8.792720000000031,0.42614000000000374,1,0,0,1,0,0,0,1,0,1800.1419654040521,0.0,61.278088947435556,0,1,1,1,11.738699999999994,876.9210400000018,19.91335000000002,21.738699999999994,18.972000000000037,1.5810595252867357,19.68379571428573,21.738699999999994,18.600120000000004,1.0798838940345528,20.18564857142859,22.03747000000004,18.600120000000004,1.230447690819869,20.119723809523826,22.03747000000004,18.600120000000004,1.0241372699861981,20.200405714285733,22.184900000000027,18.600120000000004,1.0254908680902617,93.36285214729901,99.69236863968698,82.80817001035263,9.200981435785629,94.9560662761612,100.0,82.80817001035263,6.2608387391338685,92.28320780191925,100.0,82.80817001035263,5.5960849903168395,92.61517213485246,100.0,82.80817001035263,4.5476532280176585,92.49784516735913,100.0,82.80817001035263,4.054550890434699,1.5022755000000003,1.8870603,1.2513504,0.33833501696184193,1.6660747,2.1131248,1.2513504,0.3599695895594976,1.46285405,2.1131248,1.2513504,0.3229252698328095,1.3847320761904762,2.1131248,1.0954983,0.28744940977093547,1.4746661607142857,2.1131248,1.0954983,0.3233828238677651,137.47261466666674,197.92789,99.511024,52.92394794162721,139.03714985714285,198.7731,86.129555,47.226770856199785,162.26764385714282,272.28372,75.03668,67.15282234981845,148.84333657142858,272.28372,75.03668,58.89900474447872,147.6553350714286,272.28372,75.03668,56.30592499509228,101.22124500000001,103.942665,99.03673,2.496647710496151,98.90334957142856,103.942665,95.54157,2.8827645701673577,99.22577514285715,103.942665,95.54157,2.1690751295273794,98.73329752380953,103.942665,95.54157,2.013986263455675,98.58314957142856,103.942665,95.46154,2.262740093279965,,,,,,,,,,,,,,,,,,,,,4.9652333333333445,7.178850000000011,3.7040400000000204,1.9232547383103809,5.018561428571437,7.178850000000011,2.1373500000000263,1.8195917700080277,5.999130000000004,10.735450000000014,1.7384000000000128,2.713709700371852,5.501211904761907,10.735450000000014,1.7384000000000128,2.4340069762690066,5.3784953571428575,10.735450000000014,1.7384000000000128,2.2872630802360714,-10.058318232786172,-5.049769478651129,-18.813504638744917,7.608421101637828,-8.682428198526248,-0.344229247637557,-18.813504638744917,6.358588559719215,-10.982077773013929,0.45151374744359885,-22.928639119746975,7.408887577865113,-8.645553775882458,0.45151374744359885,-22.928639119746975,7.084287492619012,-7.572475604490366,0.45151374744359885,-22.928639119746975,6.972383270444502,61.02763,42.27195,20.342543333333335,2.0,1.0,2.0,1.0,29.740050000000053,93.64798614,42.27195,13.378283734285715,6.0,1.0,6.0,2.0,67.7865700000001,175.22113044000002,42.27195,12.515795031428572,12.0,1.0,10.0,6.0,142.59908000000024,207.51682616000002,42.27195,9.881753626666669,19.0,1.0,17.0,9.0,212.51420000000036,287.05351545999997,42.27195,10.25191126642857,26.0,2.0,23.0,13.0,285.61136000000056,0,46,0,0,0,1,0,46,0,0,1,46,1,1
江东-1,未知品种,2025-09-16,江东-1_垦丰680,10.云南德宏江东,10,,,,R4,100.0,57.99999999999999,0.0,0.0,0.0,0.0,100.0,0.0,52.66666666666667,5.3333333333333215,0.0,0.0,0.0,0.0,0.0,0.0,0.0,0.0,24.0,45916,24.46875,98.34375,2.2043521,4.2895956,0.4928346,2.6476219,0.0,14.605136,0.015981149,0.017609932,0.014998297,291.97272,295.14087,290.52493,0.38134176,292.8564,296.34332,290.36432,83955.3,84127.43,83789.445,130.54193,470.85513,0.0,100.28291,292.99344,2.2043521,4.2895956,0.4928346,14.605136,2.6476219,0.0,18.822720000000004,21.99087000000003,17.374930000000006,19.70640000000003,23.19332000000003,17.214320000000043,83.95530000000001,84.12742999999999,83.789445,98.36608729666094,89.21849716426043,100.0,100.28291,19.843440000000044,,130.54193,470.85513,0.0,4.615940000000023,-10.781502835739573,5.978999999999985,0.3379849999999891,1,1,1,1,0,0,0,0,0,1851.5173186806062,1436.6500827556054,42.687090786456174,0,0,1,0,8.822720000000004,1117.9763300000022,19.34932333333336,19.775450000000035,18.822720000000004,0.48424713074351416,19.56156428571432,20.684200000000033,18.382300000000043,0.841898565581714,20.54216214285717,22.10055,18.382300000000043,1.210718570729955,20.8782404761905,22.69457,18.382300000000043,1.2123393600699195,20.658191428571453,22.69457,18.382300000000043,1.3307357151304673,97.05936055289703,98.36608729666094,96.02728964248672,1.1933442449225142,96.7607836820766,100.0,92.75990451323608,2.877953340254582,93.15439988478384,100.0,84.82354612580077,4.659441892220291,91.12144576570013,100.0,77.6134095545159,5.959759422106222,91.67321423815551,100.0,77.6134095545159,6.634055385949782,2.0784538333333336,2.2043521,1.9391667,0.1330987242848449,1.7877334285714286,2.2043521,1.1460221,0.3463148673356836,1.6620650857142858,2.2043521,1.1460221,0.2873513220425618,1.6457837666666666,2.2043521,1.1460221,0.26976760690601026,1.6606237321428572,2.2043521,1.1460221,0.2784386078609391,123.13101333333343,130.54193,116.57191,7.023856075278219,120.66259214285715,162.79872,77.053635,33.904680340115675,152.12944464285712,210.1814,77.053635,42.12870137500634,158.18847357142857,213.20975,77.053635,41.66780454107757,153.60373192857145,213.20975,77.053635,43.28163056210453,98.99751333333332,100.28291,98.26449,1.11684468420358,96.69793714285713,100.28291,91.66609,3.1618240308705476,94.49768757142859,100.28291,91.095276,3.23165342153596,95.01821385714285,100.28291,91.095276,2.932120348063634,96.03588957142857,103.942665,91.095276,3.3576768380695587,,,,,,,,,,,,,,,,,,,,,5.488766666666682,6.425800000000038,4.615940000000023,0.9066367392364835,4.9472814285714355,7.385980000000018,1.8156999999999925,2.143982833547802,6.352900000000001,9.427149999999983,1.8156999999999925,2.2442869758806863,6.759220952380955,9.550929999999994,1.8156999999999925,2.175257995571792,6.377135000000005,9.550929999999994,1.8156999999999925,2.2223741426189827,-14.18710662543296,-10.781502835739573,-17.405979454796565,3.316183643552855,-12.545986999434897,0.0,-22.505159533856045,9.102179032993387,-18.70119503675345,0.0,-34.155579828203116,9.781213779505485,-19.302171013818956,0.0,-34.155579828203116,8.815031253032965,-17.288582529142747,0.0,-34.155579828203116,9.17913626338871,40.90694300000001,16.96327,13.63564766666667,3.0,0.0,3.0,0.0,28.047970000000078,85.520253,21.30282,12.217179,7.0,0.0,7.0,2.0,66.93095000000022,96.00753932,21.30282,6.857681380000001,13.0,0.0,10.0,9.0,147.59027000000037,116.77096669,21.30282,5.560522223333333,18.0,0.0,12.0,14.0,228.44305000000048,209.65334883,42.27195,7.487619601071429,24.0,1.0,17.0,15.0,298.4293600000006,12,68,0,0,0,0,7,16,0,0,0,16,0,0
江东-3,未知品种,2025-08-18,江东-3_垦丰680,10.云南德宏江东,10,,,,R2-R3,100.0,31.11111111111111,0.0,0.0,0.0,0.0,,,,,,,,,,,,,22.0,45887,24.46875,98.34375,1.2596334,1.2596334,1.2596334,0.0,0.0,0.0,0.016384734,0.019334247,0.014361581,295.18747,300.80826,291.31085,0.36943683,295.56934,300.15787,291.93024,86119.2,86300.62,85990.586,272.28372,988.0281,0.0,97.15224,295.3142,1.2596334,1.2596334,1.2596334,0.0,0.0,0.0,22.03747000000004,27.65826000000004,18.16085000000004,22.419340000000034,27.007870000000025,18.78024000000005,86.11919999999999,86.30062,85.990586,84.79765893917148,71.53930231738103,94.467941437128,97.15224,22.16420000000005,,272.28372,988.0281,0.0,9.497410000000002,-22.928639119746975,8.227629999999976,0.3100340000000017,1,0,0,1,0,0,0,1,0,1868.725864942227,0.0,62.36803166145483,0,1,1,1,12.037470000000042,809.1344700000016,21.18508333333337,22.03747000000004,19.876400000000046,1.150526345736292,20.687501428571448,22.03747000000004,18.997299999999996,1.2355252828443637,20.337687857142875,22.03747000000004,18.997299999999996,0.9601641651956312,20.37260904761907,22.184900000000027,18.997299999999996,0.9722710711005761,20.543362500000026,23.493160000000046,18.997299999999996,1.1187466661522911,87.72502523043589,91.8639084090452,84.79765893917148,3.685620744035349,89.61034932767727,94.11688988671146,84.79765893917148,3.461770972922819,91.44472506419808,94.11688988671146,84.79765893917148,3.0495477702920146,91.67843813109177,94.11688988671146,84.79765893917148,2.7593005070909498,92.2400732215768,100.0,84.51681139415476,3.7283466344806873,1.2596334,1.2596334,1.2596334,0.0,1.2596334,1.2596334,1.2596334,0.0,1.2440607642857144,1.3431259,1.0954983,0.058151708355809566,1.4108633142857143,1.9676785,1.0954983,0.29190307197563475,1.513744807142857,2.7552626,0.9992142,0.4285967074016422,205.09276166666677,272.28372,102.140045,90.53394421400859,185.49813785714286,272.28372,75.03668,79.25289785480079,153.74642992857142,272.28372,75.03668,65.03842311521964,150.52806347619048,272.28372,75.03668,59.801430188563955,150.32161867857144,272.28372,75.03668,55.299576870316834,98.90257166666667,100.73134,97.15224,1.7908387519564388,99.54820071428571,100.73134,97.15224,1.28102335643021,98.64827149999999,100.73134,95.80775,1.5431533187511044,98.47641623809525,103.70351,95.46154,2.090704258467442,98.13578160714285,103.70351,94.670815,2.1877478555626366,,,,,,,,,,,,,,,,,,,,,6.67913333333333,9.497410000000002,3.845229999999958,2.8261224022737346,6.979698571428571,10.735450000000014,1.7384000000000128,3.2251142876360714,5.742537142857141,10.735450000000014,1.7384000000000128,2.7199593236619997,5.49847333333333,10.735450000000014,1.7384000000000128,2.4513038719635247,5.617535714285716,10.735450000000014,1.7384000000000128,2.429429302851057,-14.374327244499705,-5.170157067500014,-22.928639119746975,8.897058955590989,-13.281727347501612,0.45151374744359885,-22.928639119746975,8.133917380244279,-8.627116564560563,0.45151374744359885,-22.928639119746975,7.65173895589369,-7.202491406478406,0.45151374744359885,-22.928639119746975,7.274932852230167,-8.899548927759811,0.45151374744359885,-30.102030463411296,8.268183088645134,15.828241300000006,9.538455,5.276080433333335,2.0,0.0,1.0,2.0,33.555250000000115,81.5731443,21.219263,11.653306328571428,6.0,0.0,4.0,4.0,74.81251000000015,113.86884002000001,21.219263,8.133488572857143,13.0,0.0,11.0,7.0,144.72763000000026,193.40552932000003,40.04321,9.209787110476192,20.0,1.0,17.0,11.0,217.82479000000046,260.64560222,40.04321,9.308771507857143,27.0,2.0,22.0,15.0,295.21415000000076,0,39,0,0,0,2,0,39,0,0,2,39,2,1
江东-3,未知品种,2025-08-25,江东-3_垦丰680,10.云南德宏江东,10,,,,R3,100.0,50.11111111111111,0.0,0.0,0.0,0.0,100.0,0.0,31.11111111111111,18.999999999999996,0.0,0.0,0.0,0.0,0.0,0.0,0.0,0.0,23.0,45894,24.46875,98.34375,1.2513504,2.1609406,0.14419681,0.0,0.0,0.0,0.016161127,0.01798944,0.014665688,294.8887,298.8712,291.69235,0.37660292,294.96844,300.02066,291.22794,83708.95,83888.0,83461.86,197.92789,732.6345,0.0,99.03673,294.6474,1.2513504,2.1609406,0.14419681,0.0,0.0,0.0,21.738699999999994,25.72120000000001,18.54235,21.81844000000001,26.870660000000044,18.077940000000012,83.70895,83.888,83.46186,82.80817001035263,72.58631202066778,91.39981665941269,99.03673,21.497400000000027,,197.92789,732.6345,0.0,7.178850000000011,-18.813504638744917,8.792720000000031,0.42614000000000374,1,0,0,1,0,0,0,1,0,1800.1419654040521,0.0,61.278088947435556,0,1,1,1,11.738699999999994,876.9210400000018,19.91335000000002,21.738699999999994,18.972000000000037,1.5810595252867357,19.68379571428573,21.738699999999994,18.600120000000004,1.0798838940345528,20.18564857142859,22.03747000000004,18.600120000000004,1.230447690819869,20.119723809523826,22.03747000000004,18.600120000000004,1.0241372699861981,20.200405714285733,22.184900000000027,18.600120000000004,1.0254908680902617,93.36285214729901,99.69236863968698,82.80817001035263,9.200981435785629,94.9560662761612,100.0,82.80817001035263,6.2608387391338685,92.28320780191925,100.0,82.80817001035263,5.5960849903168395,92.61517213485246,100.0,82.80817001035263,4.5476532280176585,92.49784516735913,100.0,82.80817001035263,4.054550890434699,1.5022755000000003,1.8870603,1.2513504,0.33833501696184193,1.6660747,2.1131248,1.2513504,0.3599695895594976,1.46285405,2.1131248,1.2513504,0.3229252698328095,1.3847320761904762,2.1131248,1.0954983,0.28744940977093547,1.4746661607142857,2.1131248,1.0954983,0.3233828238677651,137.47261466666674,197.92789,99.511024,52.92394794162721,139.03714985714285,198.7731,86.129555,47.226770856199785,162.26764385714282,272.28372,75.03668,67.15282234981845,148.84333657142858,272.28372,75.03668,58.89900474447872,147.6553350714286,272.28372,75.03668,56.30592499509228,101.22124500000001,103.942665,99.03673,2.496647710496151,98.90334957142856,103.942665,95.54157,2.8827645701673577,99.22577514285715,103.942665,95.54157,2.1690751295273794,98.73329752380953,103.942665,95.54157,2.013986263455675,98.58314957142856,103.942665,95.46154,2.262740093279965,,,,,,,,,,,,,,,,,,,,,4.9652333333333445,7.178850000000011,3.7040400000000204,1.9232547383103809,5.018561428571437,7.178850000000011,2.1373500000000263,1.8195917700080277,5.999130000000004,10.735450000000014,1.7384000000000128,2.713709700371852,5.501211904761907,10.735450000000014,1.7384000000000128,2.4340069762690066,5.3784953571428575,10.735450000000014,1.7384000000000128,2.2872630802360714,-10.058318232786172,-5.049769478651129,-18.813504638744917,7.608421101637828,-8.682428198526248,-0.344229247637557,-18.813504638744917,6.358588559719215,-10.982077773013929,0.45151374744359885,-22.928639119746975,7.408887577865113,-8.645553775882458,0.45151374744359885,-22.928639119746975,7.084287492619012,-7.572475604490366,0.45151374744359885,-22.928639119746975,6.972383270444502,61.02763,42.27195,20.342543333333335,2.0,1.0,2.0,1.0,29.740050000000053,93.64798614,42.27195,13.378283734285715,6.0,1.0,6.0,2.0,67.7865700000001,175.22113044000002,42.27195,12.515795031428572,12.0,1.0,10.0,6.0,142.59908000000024,207.51682616000002,42.27195,9.881753626666669,19.0,1.0,17.0,9.0,212.51420000000036,287.05351545999997,42.27195,10.25191126642857,26.0,2.0,23.0,13.0,285.61136000000056,0,46,0,0,0,1,0,46,0,0,1,46,1,1
江东-3,未知品种,2025-09-16,江东-3_垦丰680,10.云南德宏江东,10,,,,R5,100.0,59.0,0.0,0.0,0.0,0.0,100.0,0.0,50.11111111111111,8.888888888888893,0.0,0.0,0.0,0.0,0.0,0.0,0.0,0.0,25.0,45916,24.46875,98.34375,2.2043521,4.2895956,0.4928346,2.6476219,0.0,14.605136,0.015981149,0.017609932,0.014998297,291.97272,295.14087,290.52493,0.38134176,292.8564,296.34332,290.36432,83955.3,84127.43,83789.445,130.54193,470.85513,0.0,100.28291,292.99344,2.2043521,4.2895956,0.4928346,14.605136,2.6476219,0.0,18.822720000000004,21.99087000000003,17.374930000000006,19.70640000000003,23.19332000000003,17.214320000000043,83.95530000000001,84.12742999999999,83.789445,98.36608729666094,89.21849716426043,100.0,100.28291,19.843440000000044,,130.54193,470.85513,0.0,4.615940000000023,-10.781502835739573,5.978999999999985,0.3379849999999891,1,1,1,1,0,0,0,0,0,1851.5173186806062,1436.6500827556054,42.687090786456174,0,0,1,0,8.822720000000004,1117.9763300000022,19.34932333333336,19.775450000000035,18.822720000000004,0.48424713074351416,19.56156428571432,20.684200000000033,18.382300000000043,0.841898565581714,20.54216214285717,22.10055,18.382300000000043,1.210718570729955,20.8782404761905,22.69457,18.382300000000043,1.2123393600699195,20.658191428571453,22.69457,18.382300000000043,1.3307357151304673,97.05936055289703,98.36608729666094,96.02728964248672,1.1933442449225142,96.7607836820766,100.0,92.75990451323608,2.877953340254582,93.15439988478384,100.0,84.82354612580077,4.659441892220291,91.12144576570013,100.0,77.6134095545159,5.959759422106222,91.67321423815551,100.0,77.6134095545159,6.634055385949782,2.0784538333333336,2.2043521,1.9391667,0.1330987242848449,1.7877334285714286,2.2043521,1.1460221,0.3463148673356836,1.6620650857142858,2.2043521,1.1460221,0.2873513220425618,1.6457837666666666,2.2043521,1.1460221,0.26976760690601026,1.6606237321428572,2.2043521,1.1460221,0.2784386078609391,123.13101333333343,130.54193,116.57191,7.023856075278219,120.66259214285715,162.79872,77.053635,33.904680340115675,152.12944464285712,210.1814,77.053635,42.12870137500634,158.18847357142857,213.20975,77.053635,41.66780454107757,153.60373192857145,213.20975,77.053635,43.28163056210453,98.99751333333332,100.28291,98.26449,1.11684468420358,96.69793714285713,100.28291,91.66609,3.1618240308705476,94.49768757142859,100.28291,91.095276,3.23165342153596,95.01821385714285,100.28291,91.095276,2.932120348063634,96.03588957142857,103.942665,91.095276,3.3576768380695587,,,,,,,,,,,,,,,,,,,,,5.488766666666682,6.425800000000038,4.615940000000023,0.9066367392364835,4.9472814285714355,7.385980000000018,1.8156999999999925,2.143982833547802,6.352900000000001,9.427149999999983,1.8156999999999925,2.2442869758806863,6.759220952380955,9.550929999999994,1.8156999999999925,2.175257995571792,6.377135000000005,9.550929999999994,1.8156999999999925,2.2223741426189827,-14.18710662543296,-10.781502835739573,-17.405979454796565,3.316183643552855,-12.545986999434897,0.0,-22.505159533856045,9.102179032993387,-18.70119503675345,0.0,-34.155579828203116,9.781213779505485,-19.302171013818956,0.0,-34.155579828203116,8.815031253032965,-17.288582529142747,0.0,-34.155579828203116,9.17913626338871,40.90694300000001,16.96327,13.63564766666667,3.0,0.0,3.0,0.0,28.047970000000078,85.520253,21.30282,12.217179,7.0,0.0,7.0,2.0,66.93095000000022,96.00753932,21.30282,6.857681380000001,13.0,0.0,10.0,9.0,147.59027000000037,116.77096669,21.30282,5.560522223333333,18.0,0.0,12.0,14.0,228.44305000000048,209.65334883,42.27195,7.487619601071429,24.0,1.0,17.0,15.0,298.4293600000006,12,68,0,0,0,0,7,16,0,0,0,16,0,0
泸定县燕子沟麻柳林村,未知品种,2025-07-30,泸定县燕子沟麻柳林村_华玉919,6.四川泸定燕子沟,6,9.0,,,R1,85.0,13.222222222222221,0.0,0.0,0.0,0.0,,,,,,,,,,,,,21.0,45868,29.71875,102.09375,1.6772729,1.6772729,1.6772729,6.794582,0.0,9.717855,0.017532047,0.022232631,0.01449999,294.50403,301.9736,289.2686,0.29573816,289.9275,298.80493,284.18787,73952.65,74230.97,73646.39,199.76675,806.4285,0.0,77.95453,289.91992,1.6772729,1.6772729,1.6772729,9.717855,6.794582,0.0,21.354030000000023,28.8236,16.118600000000015,16.777500000000032,25.654930000000036,11.037869999999998,73.95264999999999,74.23097,73.64639,81.1876473762753,65.99861177553387,92.95883673810197,77.95453,16.769920000000013,,199.76675,806.4285,0.0,12.704999999999984,-26.96022496256809,14.617060000000038,0.5845800000000025,1,1,0,1,0,0,0,1,0,1733.6834577024058,788.9697849937737,45.68102477468446,0,1,1,1,11.354030000000023,522.4931300000013,21.88641000000003,22.589750000000038,21.354030000000023,0.6353514545509346,18.546422857142886,22.589750000000038,13.898830000000032,3.314620805188803,17.437427857142882,22.589750000000038,13.898830000000032,2.8027278369259694,18.65783666666669,24.138059999999996,13.898830000000032,3.216090378254838,18.84253678571431,24.138059999999996,13.898830000000032,2.892836174041808,76.27173540976115,81.1876473762753,72.88335460521901,4.357789943876541,75.39642874492976,83.46113702420507,67.84808671616986,5.975817676924918,75.14365326273733,84.02776934051046,61.06441157901451,7.440360465669636,74.79621696434243,84.02776934051046,60.81059425241966,7.180056250228251,77.68257450512603,93.02420833692891,60.81059425241966,8.571426680493179,1.0723748733333334,1.6772729,0.26820672,0.725360815347272,1.4446524742857143,2.0969858,0.26820672,0.5737649409157616,1.59920453,2.2610939,0.26820672,0.5040230134470123,1.366780555,2.2610939,0.26820672,0.6441268025491456,1.1372456888888889,2.2610939,0.26820672,0.6811101207004256,289.7231133333333,336.81302,199.76675,77.93311145203057,247.76355857142858,336.81302,157.75818,75.88052739457281,229.93894571428572,336.81302,139.86806,72.39660209395306,239.98348650000003,336.81302,139.86806,68.72003608802976,225.44430111111112,337.9438,93.64331,78.60740603071946,75.29732333333334,77.95453,73.05084,2.477511684419109,77.19269285714286,81.45659,73.05084,2.8396530553087915,78.29963857142857,84.78529,71.59691,3.744110097592462,77.59208199999999,84.78529,71.59691,3.542671956838116,80.15817577777779,94.1325,71.59691,5.835027641203028,,,,,,,,,,,,,,,,,,,,,14.331093333333323,16.193849999999998,12.704999999999984,1.7564241317612748,12.077382857142855,16.193849999999998,7.154660000000035,2.895428849812022,11.27856785714286,16.193849999999998,7.154660000000035,2.355341386551578,11.574009523809526,16.193849999999998,7.154660000000035,2.2863000372446187,10.751699642857146,16.193849999999998,3.522580000000005,3.0128350020715122,-35.23324304002827,-26.96022496256809,-44.42751564110382,8.770011022517401,-27.073059537732018,-11.610698204344132,-44.42751564110382,10.275775246112048,-23.699556784077647,-4.424942920571652,-44.42751564110382,9.68395298987553,-24.383869701133584,-4.424942920571652,-44.42751564110382,8.782485152230866,-22.865919147192137,-2.578720115325183,-44.42751564110382,10.067592485694933,10.3040496,9.717855,3.4346832000000003,2.0,0.0,0.0,1.0,35.65923000000009,26.37055487,14.573821,3.767222124285714,5.0,0.0,0.0,1.0,59.8249600000002,71.47659087,21.044798,5.105470776428571,9.0,0.0,0.0,1.0,104.12399000000033,72.48598467000001,21.044798,3.6242992335000004,10.0,0.0,0.0,2.0,181.81457000000046,182.5940789,51.81319,6.762743662962963,16.0,2.0,3.0,3.0,247.59103000000061,2,20,0,0,0,3,0,1,0,0,1,1,1,0
泸定县燕子沟麻柳林村,未知品种,2025-08-07,泸定县燕子沟麻柳林村_华玉919,6.四川泸定燕子沟,6,9.0,,,R2,100.0,16.444444444444446,0.0,0.0,0.0,0.0,85.0,15.0,13.222222222222221,3.222222222222225,0.0,0.0,0.0,0.0,0.0,0.0,0.0,0.0,22.0,45876,29.71875,102.09375,0.5571836,1.1024952,0.094464235,0.21300393,0.0,0.21300393,0.01912419,0.022043439,0.017180737,295.81702,301.1503,292.23483,0.28734505,290.62787,298.18387,285.7046,74281.16,74510.195,74089.805,197.09627,631.0918,0.0,75.742165,290.58667,0.5571836,1.1024952,0.094464235,0.21300393,0.21300393,0.0,22.667020000000036,28.00030000000004,19.08483000000001,17.477869999999996,25.033870000000036,12.55460000000005,74.28116,74.51019500000001,74.089805,82.02503694282458,68.91452104801333,91.74145217148238,75.742165,17.43667000000005,,197.09627,631.0918,0.0,8.915470000000028,-22.826931123469052,12.479269999999985,0.4203900000000118,1,1,0,1,0,0,0,1,0,1859.2631528837467,17.47165522721682,124.81296998711561,0,1,1,1,12.667020000000036,631.1267200000016,23.634340000000027,24.86700000000002,22.667020000000036,1.1237357281852183,23.60012285714288,24.86700000000002,22.667020000000036,0.7698721758342906,21.51281071428574,24.86700000000002,13.898830000000032,3.366502615526327,19.661069523809548,24.86700000000002,13.898830000000032,3.8580542194913234,20.140588571428594,24.86700000000002,13.898830000000032,3.538353053493718,82.33203061689305,83.32738284147659,81.64367206637799,0.8828387907681675,80.9350497378804,83.79988435456835,77.898607354444,2.3632734960715323,78.73300781561292,83.79988435456835,68.97609696096079,4.383760946721745,77.77532995331192,84.02776934051046,65.7736612535864,5.677636678939066,76.36641193596753,84.02776934051046,60.81059425241966,6.6909866100194195,0.44898134,0.5571836,0.39181232,0.09375611313873249,0.7519161942857143,1.6772729,0.39181232,0.5632724089549964,1.09962497,2.0969858,0.26820672,0.6551477252967882,1.288974084761905,2.162231,0.26820672,0.6236322114101851,1.2241534771428573,2.2610939,0.26820672,0.665553668008689,203.17212666666668,222.93791,189.4822,17.535910543123858,194.28077428571427,235.36592,152.09659,27.89921880005305,225.23749714285714,336.81302,152.09659,65.8591584498023,218.4281680952381,336.81302,139.86806,63.315194789080074,231.1755982142857,336.81302,139.86806,64.468824500291,74.02360666666668,75.742165,72.086365,1.8376847417900932,74.296795,76.13415,72.086365,1.391380007145355,75.88071035714286,81.45659,72.086365,2.6798829413380076,77.26163833333332,84.78529,72.086365,3.454648343011728,76.77635767857143,84.78529,71.59691,3.3747869341791312,,,,,,,,,,,,,,,,,,,,,11.061080000000024,12.164770000000033,8.915470000000028,1.8584094240236675,10.614294285714282,12.53485999999998,7.968629999999962,1.7670758017589179,11.543691428571426,16.193849999999998,7.154660000000035,2.489777738930672,11.151164285714284,16.193849999999998,7.154660000000035,2.221736847523961,11.338744285714286,16.193849999999998,7.154660000000035,2.1830872652675914,-24.08259870463335,-22.826931123469052,-26.051834102501942,1.7268132724243768,-23.604434218790374,-16.786797932970302,-29.083578587968198,3.811611189028764,-25.898501218532065,-11.610698204344132,-44.42751564110382,7.8941078450960305,-23.91353825215897,-4.424942920571652,-44.42751564110382,8.276922736298596,-24.480809198833082,-4.424942920571652,-44.42751564110382,7.754146672012701,8.28748788,7.5994363,2.7624959600000003,3.0,0.0,0.0,3.0,40.90302000000008,8.799097729999998,7.5994363,1.2570139614285711,4.0,0.0,0.0,4.0,95.20086000000015,35.713252430000004,14.573821,2.5509466021428575,9.0,0.0,0.0,5.0,161.1793500000004,81.04483610000001,21.044798,3.85927790952381,14.0,0.0,0.0,5.0,202.8824600000005,82.0542299,21.044798,2.9305082107142857,15.0,0.0,0.0,6.0,283.93648000000064,4,28,0,0,0,11,0,4,0,0,4,4,4,0
泸定县燕子沟麻柳林村,未知品种,2025-08-14,泸定县燕子沟麻柳林村_华玉919,6.四川泸定燕子沟,6,9.0,,,R3,100.0,33.33333333333333,0.0,0.0,0.0,0.0,100.0,0.0,16.444444444444446,16.888888888888882,0.0,0.0,0.0,0.0,0.0,0.0,0.0,0.0,23.0,45883,29.71875,102.09375,0.31482446,0.31482446,0.31482446,0.6027665,0.0,0.6027665,0.01619313,0.020105131,0.014850955,293.72507,298.29825,289.74957,0.3049066,287.78128,294.3255,282.80847,74434.99,74709.125,74181.016,183.23181,642.8754,0.0,80.37127,287.7519,0.31482446,0.31482446,0.31482446,0.6027665,0.6027665,0.0,20.57507000000004,25.14825000000002,16.59957000000003,14.631280000000004,21.1755,9.658470000000023,74.43499,74.709125,74.181016,79.2451524433736,74.65666450032138,92.98595234485438,80.37127,14.6019,,183.23181,642.8754,0.0,8.54867999999999,-18.329287844533,11.517029999999977,0.5281090000000006,1,1,0,0,0,0,0,1,0,1630.474558683086,47.76632318025875,191.03297921095012,0,0,0,0,10.57507000000004,707.5084800000017,20.646450000000016,21.244439999999997,20.11984000000001,0.565687739216587,20.911680000000022,24.419579999999996,18.032700000000034,1.983294044369954,22.255901428571452,24.86700000000002,18.032700000000034,2.0087115672982527,21.312433809523835,24.86700000000002,13.898830000000032,2.9378605119159054,19.973722142857167,24.86700000000002,13.898830000000032,3.4933986331146265,79.33613781341192,80.55474226306902,78.20851873379317,1.1757550618659296,83.40332451047513,91.22969766682077,78.05775076946067,5.630823481902325,82.16918712417775,91.22969766682077,77.898607354444,4.341842390267833,80.28978004723365,91.22969766682077,68.97609696096079,5.205052304291513,79.18232859260274,91.22969766682077,65.7736612535864,6.089573353746733,0.31482446,0.31482446,0.31482446,0.0,0.3810031,0.6615153,0.31482446,0.1311000899256591,0.5664596471428571,1.6772729,0.31482446,0.4375013031984977,0.8600843466666666,2.0969858,0.26820672,0.6361176100573711,1.0619813385714285,2.162231,0.26820672,0.6724643864114909,202.06301,289.77072,133.1865,79.97258941870086,166.91701085714288,289.77072,114.01521,61.01066171528966,180.5988925714286,289.77072,114.01521,47.73703443542496,205.79733504761904,336.81302,114.01521,68.77245623288388,205.5503787857143,336.81302,114.01521,65.67045372927778,81.82885333333333,83.14521,80.37127,1.3923521499366944,84.90999628571429,93.60448,77.873634,5.574485494666268,79.60339564285714,93.60448,72.086365,6.749957871583443,78.89047233333334,93.60448,72.086365,5.7457653761338205,79.17372782142857,93.60448,72.086365,5.207730992155037,,,,,,,,,,,,,,,,,,,,,9.600823333333324,13.32711999999998,6.926670000000001,3.327415550548692,8.886971428571437,13.32711999999998,6.1350700000000415,2.5472087502036764,9.75063285714286,13.32711999999998,6.1350700000000415,2.2888984707544293,10.658118095238097,16.193849999999998,6.1350700000000415,2.7609294754586116,10.585116071428573,16.193849999999998,6.1350700000000415,2.4688159982054287,-21.103294207176468,-15.451981815805723,-29.52861296119068,7.4370168465450845,-19.799656267738417,-10.70437469524174,-33.69766584245718,8.889362766914347,-21.702045243264394,-10.70437469524174,-33.69766584245718,6.861049902544262,-23.86555290160085,-10.70437469524174,-44.42751564110382,8.537639419687595,-22.885067756053832,-4.424942920571652,-44.42751564110382,8.46151364013268,1.888268,1.2855015,0.6294226666666667,2.0,0.0,0.0,1.0,31.939350000000047,97.3644702,44.205067,13.909210028571428,6.0,2.0,1.0,2.0,76.38176000000016,106.16356793,44.205067,7.583111995,10.0,2.0,1.0,6.0,171.5826200000003,133.07772263,44.205067,6.3370344109523815,15.0,2.0,1.0,7.0,237.56111000000055,178.4093063,44.205067,6.371760939285714,20.0,2.0,1.0,7.0,279.26422000000065,1,35,0,0,0,3,0,0,0,0,0,0,0,0
泸定县燕子沟麻柳林村,未知品种,2025-08-21,泸定县燕子沟麻柳林村_华玉919,6.四川泸定燕子沟,6,9.0,,,R4,100.0,44.0,0.0,0.0,0.0,0.0,100.0,0.0,33.33333333333333,10.666666666666671,0.0,0.0,0.0,0.0,0.0,0.0,0.0,0.0,24.0,45890,29.71875,102.09375,1.2739259,2.623155,0.28612876,6.365453,0.0,20.887512,0.012134014,0.0145931775,0.010154393,286.7409,290.3343,284.23413,0.32435572,287.33148,292.1449,283.24197,72522.09,72667.62,72255.88,112.13941,393.44064,0.0,85.497925,287.5112,1.2739259,2.623155,0.28612876,20.887512,6.365453,0.0,13.590900000000033,17.184300000000007,11.084130000000016,14.181480000000022,18.99490000000003,10.091970000000003,72.52208999999999,72.66762,72.25588,90.28829638866071,86.26085803235893,88.87310482309294,85.497925,14.361199999999997,,112.13941,393.44064,0.0,6.100169999999991,-2.6122467907340194,8.902930000000026,0.41173999999999467,1,1,1,1,0,0,1,0,0,1227.0992073886518,1885.8978742777074,65.71555015351316,0,0,1,0,3.5909000000000333,769.9060200000018,16.804080000000017,20.713340000000017,13.590900000000033,3.6118808691871247,18.91393428571431,20.75735000000003,13.590900000000033,2.881782985860537,19.912807142857165,24.419579999999996,13.590900000000033,2.592848573858578,21.1419123809524,24.86700000000002,13.590900000000033,2.778514299750695,20.712808928571455,24.86700000000002,13.590900000000033,3.0589923700162096,82.75254927056821,90.28829638866071,75.22415269264594,7.532074538025823,82.52412316032701,90.28829638866071,75.22415269264594,4.782816299350954,82.96372383540107,91.22969766682077,75.22415269264594,5.039799382266552,82.28749913622751,91.22969766682077,75.22415269264594,4.375560733879044,80.84836582550699,91.22969766682077,68.97609696096079,5.1110370707805375,0.9802100533333334,1.3518798,0.31482446,0.5775575239687962,0.5999897142857142,1.3518798,0.31482446,0.48753201513161215,0.49049640714285714,1.3518798,0.31482446,0.36131077359098984,0.5776363361904762,1.6772729,0.31482446,0.4427000926391109,0.7950606885714286,2.0969858,0.26820672,0.6047403931711958,150.7135,177.141,112.13941,34.160743728776275,186.78268,244.36548,112.13941,43.01781322963632,176.84984542857143,289.77072,112.13941,51.7525587808218,182.66015504761904,289.77072,112.13941,45.225192754225496,201.04367128571428,336.81302,112.13941,63.12667542799907,83.45300833333333,85.497925,81.38937,2.0543414814992533,82.84221285714285,86.81504,79.01727,2.9260392053622146,83.87610457142856,93.60448,77.873634,4.4096451352559285,80.68300138095239,93.60448,72.086365,5.88484654924175,79.87840746428571,93.60448,72.086365,5.421602731695713,,,,,,,,,,,,,,,,,,,,,8.521080000000003,9.996699999999976,6.100169999999991,2.113271491858065,10.380540000000012,14.46759000000003,6.100169999999991,2.5586988117140144,9.633755714285725,14.46759000000003,6.100169999999991,2.572321413828718,9.96060190476191,14.46759000000003,6.100169999999991,2.337103147243655,10.588723571428575,16.193849999999998,6.100169999999991,2.6676441223729976,-16.903478417359867,-2.6122467907340194,-25.19143654999857,12.429176240963269,-21.887050054499195,-2.6122467907340194,-32.78704904414586,9.499859272840206,-20.84335316111881,-2.6122467907340194,-33.69766584245718,8.904876902820225,-21.763713513675995,-2.6122467907340194,-33.69766584245718,7.594753969498999,-23.370927189825434,-2.6122467907340194,-44.42751564110382,8.649257472719462,21.350347999999997,20.887512,7.116782666666666,2.0,0.0,1.0,1.0,20.412240000000054,57.9565379,24.7249,8.279505414285714,5.0,0.0,1.0,3.0,62.39754000000016,155.3210081,44.205067,11.09435772142857,11.0,2.0,2.0,5.0,138.77930000000032,164.12010583,44.205067,7.8152431347619045,15.0,2.0,2.0,9.0,233.98016000000047,191.03426052999998,44.205067,6.822652161785713,20.0,2.0,2.0,10.0,299.9586500000007,2,42,0,0,2,0,1,1,0,0,0,1,0,0
泸定县燕子沟麻柳林村,未知品种,2025-08-29,泸定县燕子沟麻柳林村_华玉919,6.四川泸定燕子沟,6,9.0,,,R4,100.0,57.55555555555555,0.0,0.0,0.0,0.0,100.0,0.0,44.0,13.55555555555555,0.0,0.0,0.0,0.0,0.0,0.0,0.0,0.0,24.0,45898,29.71875,102.09375,1.4657953,3.6123748,0.25123867,0.3590146,0.0,1.2429686,0.010286864,0.011253938,0.0096601555,283.752,286.66595,282.00925,0.3377506,284.43112,289.378,280.9542,72947.09,73177.51,72849.234,105.482666,375.5033,0.0,89.028725,284.94427,1.4657953,3.6123748,0.25123867,1.2429686,0.3590146,0.0,10.602000000000032,13.515950000000032,8.859250000000031,11.281120000000044,16.22800000000001,7.804200000000037,72.94709,73.17751,72.849234,93.84821058452631,84.95500976423868,98.96750571034903,89.028725,11.79427000000004,,105.482666,375.5033,0.0,4.656700000000001,-14.012495946110349,8.423799999999972,0.32827600000000245,1,1,1,1,0,0,1,0,0,994.978728617151,116.65037892275384,59.936449282052585,0,0,1,0,0.6020000000000323,801.172870000002,12.817970000000022,15.301750000000027,10.602000000000032,2.361292900658445,13.735378571428596,15.301750000000027,10.602000000000032,1.6451611555045176,15.926552857142882,20.75735000000003,10.602000000000032,3.282627406196806,17.410789047619073,22.029930000000036,10.602000000000032,3.4782654328629308,19.005328928571455,24.86700000000002,10.602000000000032,4.124305766132118,90.02726632594961,94.63050715465532,81.60308123866722,7.306036392566308,86.58216089103387,94.63050715465532,81.54329803315987,5.458169103610483,84.55132794219442,94.63050715465532,75.22415269264594,5.363110301180436,84.2161408560795,94.63050715465532,75.22415269264594,5.287089040232049,83.34544878855642,94.63050715465532,75.22415269264594,4.952005368743735,1.3770868666666667,1.5315641,1.1339012,0.2131568322091588,1.4173566999999998,1.5613405,1.1339012,0.18727144446064564,1.092839902857143,1.5613405,0.31482446,0.5283488276518734,0.8390518809523809,1.5613405,0.31482446,0.5632840616253939,0.7809909021428572,1.5613405,0.31482446,0.5283481075576745,111.898612,133.06313,97.15004,18.79656300080574,122.89161371428573,153.81033,97.15004,18.79427131332483,150.99514185714287,244.36548,97.15004,42.547989688279515,157.7354281904762,289.77072,97.15004,49.87054932370308,166.93436114285714,289.77072,97.15004,47.72201962916779,89.31953833333334,92.08571,86.84418,2.6328384837203873,86.82677214285714,92.08571,82.45121,3.146241141542309,85.25652178571428,92.08571,79.67997,3.162356016311743,85.19547214285714,93.60448,79.01727,3.8835505381647364,82.5329272857143,93.60448,72.086365,5.830090404616921,,,,,,,,,,,,,,,,,,,,,6.607769999999998,8.633260000000007,4.656700000000001,1.9893242849520554,7.7481814285714234,9.458769999999959,4.656700000000001,1.6759444210099055,9.090315714285717,14.46759000000003,4.656700000000001,2.516613375320456,9.041787142857148,14.46759000000003,4.656700000000001,2.483425067643762,9.45076035714286,14.46759000000003,4.656700000000001,2.4067882852365163,-17.36988722943028,-9.885201876599467,-28.211963865581026,9.613615782949688,-19.435182302591283,-9.885201876599467,-31.134389192028365,8.021493886231022,-20.407148991990386,-2.6122467907340194,-32.78704904414586,8.361677830801325,-19.9280631208749,-2.6122467907340194,-32.78704904414586,7.937765475534999,-21.25994369284494,-2.6122467907340194,-33.69766584245718,7.642435843189975,43.97333059999999,32.699287,14.657776866666664,3.0,1.0,2.0,0.0,8.453910000000064,89.3587066,32.699287,12.765529514285715,7.0,1.0,2.0,0.0,26.14765000000017,147.334245801,32.699287,10.52387470007143,13.0,1.0,3.0,3.0,82.97174000000035,220.489583001,44.205067,10.499503952428572,18.0,3.0,4.0,5.0,155.62657000000053,253.497813731,44.205067,9.053493347535715,23.0,3.0,4.0,9.0,252.14921000000066,10,50,0,0,10,0,2,7,0,0,0,7,0,0
泸定县燕子沟麻柳林村,未知品种,2025-09-05,泸定县燕子沟麻柳林村_华玉919,6.四川泸定燕子沟,6,9.0,,,R4,100.0,70.33333333333334,0.0,0.0,0.0,0.0,100.0,0.0,57.55555555555555,12.777777777777793,0.0,0.0,0.0,0.0,0.0,0.0,0.0,0.0,24.0,45905,29.71875,102.09375,1.4662097,3.7657542,0.35489154,12.972498,0.0,37.76574,0.011553147,0.014546511,0.009635901,286.08704,293.59348,282.11862,0.33089793,287.2405,296.60226,281.68045,72711.69,72973.766,72437.95,135.27965,621.9047,0.0,87.222404,287.46576,1.4662097,3.7657542,0.35489154,37.76574,12.972498,0.0,12.937040000000025,20.443480000000022,8.968620000000044,14.09050000000002,23.452260000000024,8.53045000000003,72.71169,72.973766,72.43795,89.98001031632583,70.42854862103036,97.44076388567287,87.222404,14.315760000000012,,135.27965,621.9047,0.0,11.474859999999978,-27.012215264642506,14.921809999999994,0.535815999999997,1,1,0,1,1,0,1,0,0,1164.0749926627223,3398.161674803679,57.45080643819651,0,0,1,0,2.9370400000000245,824.6217600000023,14.300360000000031,15.414270000000045,12.937040000000025,1.2573070942693347,13.349841428571454,15.414270000000045,10.398770000000013,2.0254255790280196,13.542610000000025,15.414270000000045,10.398770000000013,1.7839812894069207,15.067649047619073,20.75735000000003,10.398770000000013,3.1279506811056357,16.395552142857166,22.029930000000036,10.398770000000013,3.616628278344492,85.74482715464211,89.98001031632583,81.66155960543739,4.161305603095877,84.65951723145452,94.17746809546496,72.81598049245027,7.055343936960599,85.6208390612442,94.63050715465532,72.81598049245027,6.141628971087385,84.58739103861444,94.63050715465532,72.81598049245027,5.799311462224622,84.32698494992326,94.63050715465532,72.81598049245027,5.63969245780701,1.5432905666666665,1.8197309,1.3439311,0.24708795483506202,1.4885936,1.9228858,1.0452844,0.2992770068235669,1.4529751499999999,1.9228858,1.0452844,0.2426750534019856,1.224757801904762,1.9228858,0.31482446,0.49483737714919185,1.0014373107142858,1.9228858,0.31482446,0.5804907686641555,140.96201666666667,147.67172,135.27965,6.259585864198163,166.17961485714287,268.508,111.483734,55.67881246120581,144.53561428571427,268.508,97.15004,45.80779862898543,156.05663285714286,268.508,97.15004,46.48175691345549,159.84647485714285,289.77072,97.15004,50.44856649357195,82.23613466666666,87.222404,79.394775,4.332253691674848,82.99439271428571,87.222404,79.394775,3.3066364168297495,84.91058242857143,92.08571,79.394775,3.6836544206378523,84.50247876190477,92.08571,79.394775,3.3127775797139427,84.64520228571429,93.60448,79.01727,3.8136077160674966,,,,,,,,,,,,,,,,,,,,,8.737419999999986,11.474859999999978,7.095950000000016,2.3863310494774077,8.622081428571432,11.611300000000028,4.494249999999965,2.6344462718215205,8.185131428571427,11.611300000000028,4.494249999999965,2.169146152531916,8.934237619047622,14.46759000000003,4.494249999999965,2.499984360168895,8.936860714285718,14.46759000000003,4.494249999999965,2.4789084137488904,-24.228821559217142,-22.089998349958847,-27.012215264642506,2.5236200550392645,-23.013997808891187,-12.189938493849624,-31.3316774063943,7.122417426528826,-21.224590055741235,-9.885201876599467,-31.3316774063943,7.520571206241049,-21.276098597623985,-2.6122467907340194,-32.78704904414586,7.889916328470497,-20.699546792878973,-2.6122467907340194,-32.78704904414586,7.732880991551417,37.765739999999994,37.76574,12.588579999999999,1.0,1.0,0.0,0.0,12.901080000000093,44.20121705,37.76574,6.314459578571428,4.0,1.0,1.0,0.0,23.448890000000176,133.55992365,37.76574,9.539994546428572,11.0,2.0,3.0,0.0,49.596540000000346,191.535462851,37.76574,9.120736326238095,17.0,2.0,4.0,3.0,106.42063000000053,264.690800051,44.205067,9.453242858964286,22.0,4.0,5.0,5.0,179.0754600000007,1,57,0,0,17,0,0,4,1,0,0,4,0,0
泸定县燕子沟麻柳林村,未知品种,2025-09-12,泸定县燕子沟麻柳林村_华玉919,6.四川泸定燕子沟,6,9.0,,,R4,100.0,78.11111111111111,0.0,0.0,0.0,0.0,100.0,0.0,70.33333333333334,7.7777777777777715,0.0,0.0,0.0,0.0,0.0,0.0,0.0,0.0,24.0,45912,29.71875,102.09375,1.5543258,3.4957697,0.4109515,2.7296302,0.0,6.7672124,0.010464792,0.013817899,0.007745734,284.42834,288.7744,280.3965,0.3327268,285.12585,291.13263,280.1936,72896.375,73149.03,72671.81,97.65187,351.79636,0.0,87.70448,285.5261,1.5543258,3.4957697,0.4109515,6.7672124,2.7296302,0.0,11.278340000000014,15.624400000000037,7.246500000000026,11.975850000000037,17.98263000000003,7.043600000000026,72.896375,73.14903,72.67181,91.20178587914552,90.8505741072198,88.43810775226815,87.70448,12.376100000000008,,97.65187,351.79636,0.0,8.377900000000011,2.412466354951647,10.939030000000002,0.47722000000000264,1,1,1,1,0,0,1,0,1,1028.6047497522034,617.1818563034984,55.12927736431694,0,0,1,0,1.2783400000000142,844.3038700000023,12.638756666666685,14.131130000000041,11.278340000000014,1.4309654494198496,12.81173000000002,14.131130000000041,11.278340000000014,1.0096067489209175,13.080785714285737,15.414270000000045,10.398770000000013,1.5626260211418452,13.298983333333357,15.414270000000045,10.398770000000013,1.5808599063653699,14.50366928571431,20.75735000000003,10.398770000000013,2.9092158191702397,88.92948431834003,91.20178587914552,85.87115559996565,2.750869646612735,84.4879341158172,91.20178587914552,77.79081899142716,4.8093347707610254,84.57372567363586,94.17746809546496,72.81598049245027,5.801515164929809,85.2432040794352,94.63050715465532,72.81598049245027,5.635257902715836,84.56252680791513,94.63050715465532,72.81598049245027,5.482194767503042,1.2543036166666666,1.5543258,0.99920845,0.2802724490342943,1.3309443785714286,1.5543258,0.99920845,0.18608943532862504,1.4097689892857141,1.9228858,0.99920845,0.2530069166103539,1.4122982261904764,1.9228858,0.99920845,0.228347841811404,1.2513044460714284,1.9228858,0.31482446,0.4373426958140103,124.98943999999999,153.0108,97.65187,27.68579887341782,139.05430714285714,183.44731,97.65187,31.01006748078595,152.616961,268.508,97.65187,45.5274767151235,142.7085119047619,268.508,97.15004,40.73607850521171,151.80605142857144,268.508,97.15004,43.24713023859822,86.17687166666667,87.70448,85.100105,1.3594616366262644,84.83787442857144,87.70448,81.72414,1.8245770152152914,83.91613357142856,87.70448,79.394775,2.738220098102752,84.88634642857143,92.08571,79.394775,3.1336894102706068,84.58632767857144,92.08571,79.394775,2.9817653693942865,,,,,,,,,,,,,,,,,,,,,7.548206666666677,8.377900000000011,6.638970000000029,0.8721896253873384,8.393778571428584,10.825319999999977,6.638970000000029,1.339947859873989,8.507930000000007,11.611300000000028,4.494249999999965,2.0114486214742873,8.25468047619048,11.611300000000028,4.494249999999965,1.8992558272609705,8.799122857142862,14.46759000000003,4.494249999999965,2.255074126491041,-11.096825017415677,2.412466354951647,-25.79393425419839,14.140666260478433,-19.21402257383801,2.412466354951647,-33.47717293593443,12.777160646611408,-21.1140101913646,2.412466354951647,-33.47717293593443,10.131623479811894,-20.55440089510683,2.412466354951647,-33.47717293593443,9.310387583460406,-20.76057959167749,2.412466354951647,-33.47717293593443,9.122366541480943,29.485146399999994,11.935053,9.828382133333331,3.0,0.0,1.0,0.0,7.916270000000054,40.22301292400001,11.935053,5.746144703428572,6.0,0.0,1.0,0.0,19.682110000000137,84.424229974,37.76574,6.030302141,10.0,1.0,2.0,0.0,43.13100000000031,173.78293657400002,37.76574,8.275377932095239,17.0,2.0,4.0,0.0,69.27865000000048,231.75847577500002,37.76574,8.277088420535716,23.0,2.0,5.0,3.0,126.10274000000067,6,64,1,0,24,0,1,3,0,0,0,3,0,0
泸定县燕子沟麻柳林村,未知品种,2025-09-17,泸定县燕子沟麻柳林村_华玉919,6.四川泸定燕子沟,6,9.0,,,R5,100.0,90.22222222222221,0.0,0.0,0.0,0.0,100.0,0.0,78.11111111111111,12.1111111111111,0.0,0.0,0.0,0.0,0.0,0.0,0.0,0.0,25.0,45917,29.71875,102.09375,1.3633353,3.9795363,0.25699356,2.7382286,0.0,8.9606905,0.01139073,0.013019044,0.009902845,285.1427,288.68704,282.70645,0.32735366,285.86594,291.63055,281.74155,72635.67,72771.68,72255.484,119.83958,401.29654,0.0,86.28816,286.0627,1.3633353,3.9795363,0.25699356,8.9606905,2.7382286,0.0,11.992700000000013,15.537040000000047,9.55645000000004,12.715940000000046,18.48055000000005,8.59155000000004,72.63567,72.77167999999999,72.255484,94.30155128157142,85.67610495169552,95.99534004892107,86.28816,12.91270000000003,,119.83958,401.29654,0.0,5.9805900000000065,-10.319235097225544,9.88900000000001,0.5161959999999937,1,1,1,1,0,0,1,0,0,1130.9302140545028,845.0070147040399,64.44288693204587,0,0,1,0,1.9927000000000135,863.1363700000024,13.302376666666683,14.894130000000018,11.992700000000013,1.4711388260913094,13.463138571428592,15.314140000000009,11.278340000000014,1.4761281994622355,13.347565714285736,15.414270000000045,11.278340000000014,1.2660365287762174,13.100745714285736,15.414270000000045,10.398770000000013,1.547676095720906,13.45790178571431,15.414270000000045,10.398770000000013,1.5050594998230233,88.36772638199419,94.30155128157142,78.84754162636578,8.327850044796667,81.59229411809739,94.30155128157142,63.9868286122512,12.733774209425805,82.65215900571816,94.30155128157142,63.9868286122512,9.258453764495957,84.12304735798354,94.63050715465532,63.9868286122512,8.972012530775167,84.05350529352314,94.63050715465532,63.9868286122512,7.911207783937475,1.2417605,1.4408561,0.9210901,0.28040060214857,1.5068167714285714,2.0973616,0.9210901,0.41111733914616033,1.4561833035714284,2.0973616,0.9210901,0.32949169555349866,1.4343084452380954,2.0973616,0.9210901,0.309656060983743,1.4360486375000001,2.0973616,0.9210901,0.276756193353777,115.47673333333336,133.27795,93.31267,20.336708795851763,161.7728842857143,273.3667,93.31267,75.20438956701643,152.71993142857144,273.3667,93.31267,54.68930111276511,153.38179428571428,273.3667,93.31267,56.4497134321776,148.34795535714287,273.3667,93.31267,50.17948099558063,83.14160333333334,86.28816,79.2806,3.557990980600357,83.45607057142857,87.70448,79.2806,3.357002694889746,83.66030599999999,87.70448,79.2806,2.8803136147964064,84.12868042857143,92.08571,79.2806,3.4704108271132883,84.42138800000001,92.08571,79.2806,3.1270162371420054,,,,,,,,,,,,,,,,,,,,,6.723256666666657,9.082519999999988,5.106659999999977,2.0893853206704898,8.870455714285706,12.991499999999974,5.106659999999977,3.103278305162973,8.85430714285714,12.991499999999974,5.106659999999977,2.42816999729118,8.39945761904762,12.991499999999974,4.494249999999965,2.5395988519762382,8.481193214285714,12.991499999999974,4.494249999999965,2.348674078901561,-14.07117585330871,-10.319235097225544,-19.88277005665156,5.103619252270632,-16.698877056174982,2.412466354951647,-30.859767726645828,11.070072362583755,-19.9003782741812,2.412466354951647,-33.47717293593443,10.082013625786209,-19.66688152360916,2.412466354951647,-33.47717293593443,9.389683666368022,-19.71782528889226,2.412466354951647,-33.47717293593443,9.29890393114446,26.025353499999994,17.064663,8.675117833333331,2.0,0.0,2.0,0.0,9.907130000000052,44.7276189,17.064663,6.389659842857143,4.0,0.0,3.0,0.0,24.24197000000015,104.014106424,37.76574,7.429579030285715,9.0,1.0,3.0,0.0,46.8659200000003,144.39183907400002,37.76574,6.875801860666668,14.0,2.0,6.0,0.0,65.11566000000045,220.714803375,37.76574,7.882671549107143,21.0,2.0,7.0,0.0,96.82125000000065,2,69,0,0,29,0,2,2,0,0,0,2,0,0
泸定泸桥镇海子坪村1,未知品种,2025-07-31,泸定泸桥镇海子坪村1_华玉919,8.四川泸定海子坪,8,,,,R1,100.0,25.111111111111107,0.0,0.0,0.0,0.0,,,,,,,,,,,,,21.0,45869,29.90625,102.21875,0.9667166,0.9667166,0.9667166,0.0,0.0,0.0,0.019976621,0.023519326,0.018223414,299.51154,306.738,294.04303,0.3124922,299.9302,309.3912,294.52377,80088.04,80309.44,79867.086,333.30972,1110.4446,0.0,73.01248,299.38474,0.9667166,0.9667166,0.9667166,0.0,0.0,0.0,26.361540000000048,33.58800000000002,20.89303000000001,26.780200000000036,36.24120000000005,21.373770000000036,80.08803999999999,80.30944000000001,79.867086,74.00123340327399,57.521580667711234,93.71785347040799,73.01248,26.234740000000045,,333.30972,1110.4446,0.0,12.694970000000012,-36.196272802696754,14.867430000000013,0.4423540000000088,1,0,0,0,0,0,0,1,0,1950.786474409747,0.0,69.37290879627633,0,0,0,0,16.361540000000048,778.9405500000014,25.38762333333335,26.361540000000048,24.705600000000004,0.8656994914133609,24.565347142857167,26.361540000000048,21.90563000000003,1.3362135893850169,24.15680642857145,26.361540000000048,21.90563000000003,1.367258226815244,24.819169047619067,28.358100000000036,21.90563000000003,1.7578429867337602,24.183056785714307,28.358100000000036,19.10638,2.147953403586349,79.15318951580612,84.84145379323593,74.00123340327399,5.4399737464015425,77.16465159030358,85.45973858529923,67.29176156652373,6.469728694204925,76.2513515387498,86.22328211668211,63.24167610501248,7.8312013657809265,74.8995512550647,86.22328211668211,56.557949326900655,8.87320320484407,77.4424956517503,93.96420643647453,56.557949326900655,9.699022713957977,0.9395253,0.9667166,0.8851427,0.04709671312384874,0.9474571428571429,1.0793567,0.671879,0.13750706593386183,1.0561051857142858,1.4134724,0.671879,0.20001466203674528,0.9850093214285713,1.624335,0.5353919,0.29920606412139983,0.8960707233333333,1.624335,0.42879698,0.3144060365571785,306.74309999999997,333.30972,262.34036,38.70087721477672,281.36501428571427,368.98367,166.58214,70.73639213870067,252.39533642857143,368.98367,135.07787,70.0819218932617,268.28069714285715,368.98367,135.07787,67.01012847309613,256.6175459259259,368.98367,119.0573,74.07747862933672,75.34202333333333,76.92139,73.01248,2.059603874640292,77.12762857142856,81.828354,73.01248,2.951868724129439,78.85891500000001,86.75468,71.10714,4.6996490828081745,74.81159404761904,86.75468,61.078632,7.275152793886305,76.67947388888888,87.82293,61.078632,7.5391265987630165,,,,,,,,,,,,,,,,,,,,,12.961890000000002,14.55883,11.631869999999992,1.4816235774311934,12.591068571428568,15.357730000000004,7.2628199999999765,2.693454119406469,12.513334999999996,15.357730000000004,7.2628199999999765,2.205331407680897,12.458788095238091,15.480250000000012,7.2628199999999765,2.1687556420228997,11.870642142857141,15.480250000000012,3.9202300000000037,2.871925218856909,-31.934203092969295,-25.62191892717391,-36.196272802696754,5.577344749797939,-34.51405939197112,-19.940401911012657,-45.13279498588322,8.928086846789144,-36.58075940572136,-19.940401911012657,-49.21846543157931,7.682643541681384,-34.019867931674725,-18.99088364942827,-49.21846543157931,8.257175341185572,-31.01819545404007,-4.607410487007783,-49.21846543157931,11.158661964766795,2.7290652,2.7290652,0.9096884,1.0,0.0,0.0,1.0,46.162870000000055,17.922148200000002,15.193083,2.560306885714286,2.0,0.0,0.0,2.0,101.95743000000016,85.60007146999999,44.626614,6.1142908192857135,7.0,1.0,0.0,6.0,198.19529000000028,85.90526107,44.626614,4.090726717619047,8.0,1.0,0.0,8.0,311.20255000000043,161.97223476999997,57.348045,5.998971658148147,12.0,2.0,3.0,11.0,397.1255900000005,0,21,0,0,0,25,0,0,0,0,0,0,0,2
泸定泸桥镇海子坪村1,未知品种,2025-08-07,泸定泸桥镇海子坪村1_华玉919,8.四川泸定海子坪,8,,,,R2,100.0,28.666666666666668,0.0,0.0,0.0,0.0,100.0,0.0,25.111111111111107,3.5555555555555607,0.0,0.0,0.0,0.0,0.0,0.0,0.0,0.0,22.0,45876,29.90625,102.21875,0.72236186,1.6874592,0.18269157,0.0,0.0,0.0,0.021140179,0.023418669,0.018769674,298.5441,304.19864,294.38223,0.31417328,298.311,304.63187,294.6927,80432.36,80660.44,80212.82,201.65215,677.5904,0.0,73.405266,298.28537,0.72236186,1.6874592,0.18269157,0.0,0.0,0.0,25.394100000000037,31.048640000000034,21.232230000000015,25.161,31.481870000000015,21.542700000000025,80.43236,80.66044000000001,80.21282000000001,83.23350329564468,66.41448835166403,94.91329750430657,73.405266,25.135370000000023,,201.65215,677.5904,0.0,9.816410000000019,-28.498809152642536,9.93916999999999,0.4476200000000006,1,0,0,1,0,0,0,1,0,2113.6399060399335,0.0,101.2127475070946,0,1,1,1,15.394100000000037,895.5684200000014,26.153353333333353,27.186300000000017,25.394100000000037,0.9269176018035777,26.661124285714305,27.895500000000027,25.394100000000037,0.9285771481117356,25.613235714285736,27.895500000000027,21.90563000000003,1.5506653676739288,24.991579047619066,27.895500000000027,21.90563000000003,1.7138140586974608,25.279657857142873,28.358100000000036,21.90563000000003,1.7720668797540184,83.80500989314545,85.1167522105098,83.06477417328185,1.1391305059366155,81.3799810353493,85.1167522105098,76.5244186462635,3.268399802151232,79.27231631282643,85.45973858529923,67.29176156652373,5.3882383878497295,77.96089470428298,86.22328211668211,63.24167610501248,7.014632939331231,76.51965870013585,86.22328211668211,56.557949326900655,8.298255437160083,0.6090609033333333,0.72236186,0.44853115,0.14289413515155905,0.6516316214285715,0.9667166,0.44853115,0.21445207624188842,0.7995443821428572,1.0793567,0.44853115,0.23133091583385326,0.9212806642857142,1.4134724,0.44853115,0.2792378707936227,0.9016648964285714,1.624335,0.44853115,0.31328085619467727,244.55532000000005,289.10327,201.65215,43.748755105144284,245.17971285714287,318.19205,178.62917,49.56446518775567,263.27236357142857,368.98367,166.58214,61.609475064909034,249.9901285714286,368.98367,135.07787,62.78215247604056,262.5054510714286,368.98367,135.07787,63.05454865352469,70.73592000000001,73.405266,66.84499,3.4465208400409035,69.58575228571428,73.405266,66.84499,2.581529648019202,73.35669042857144,81.828354,66.84499,4.734054924855504,75.76786076190476,86.75468,66.84499,6.034926578597196,73.50513360714285,86.75468,61.078632,6.782103905955865,,,,,,,,,,,,,,,,,,,,,12.002296666666666,13.174680000000023,9.816410000000019,1.8946994757040687,10.620238571428574,13.174680000000023,7.767699999999991,2.065035093304935,11.605653571428572,15.357730000000004,7.2628199999999765,2.5223461040303397,11.882302857142856,15.357730000000004,7.2628199999999765,2.2971287664498474,11.999150714285713,15.480250000000012,7.2628199999999765,2.2558781501190612,-24.577618349666693,-19.72985640665196,-28.498809152642536,4.457301159167789,-19.26950368957503,-6.506444128468601,-28.498809152642536,7.475237887008218,-26.89178154077307,-6.506444128468601,-45.13279498588322,11.18696759709239,-30.810340833672576,-6.506444128468601,-49.21846543157931,11.182752172238919,-30.332276871149794,-6.506444128468601,-49.21846543157931,10.25806551468715,10.0127305,5.69707,3.3375768333333333,2.0,0.0,0.0,3.0,48.460060000000055,10.546975400000001,5.69707,1.5067107714285715,3.0,0.0,0.0,4.0,116.62787000000014,28.469123600000003,15.193083,2.0335088285714287,5.0,0.0,0.0,6.0,218.5853000000003,96.14704686999998,44.626614,4.578430803333332,10.0,1.0,0.0,10.0,314.8231600000004,96.45223646999999,44.626614,3.4447227310714283,11.0,1.0,0.0,12.0,427.8304200000006,0,28,0,0,0,32,0,4,0,0,4,4,4,1
泸定泸桥镇海子坪村1,未知品种,2025-08-14,泸定泸桥镇海子坪村1_华玉919,8.四川泸定海子坪,8,,,,R3,100.0,32.0,0.0,0.0,0.0,0.0,100.0,0.0,28.666666666666668,3.333333333333332,0.0,0.0,0.0,0.0,0.0,0.0,0.0,0.0,23.0,45883,29.90625,102.21875,0.68026173,0.68026173,0.68026173,0.0,0.0,0.0,0.017623784,0.021417048,0.015967658,296.25546,300.7111,292.6062,0.35637495,295.73242,302.16736,291.59946,80635.69,80849.62,80374.94,183.03273,626.80414,0.0,83.2655,295.71967,0.68026173,0.68026173,0.68026173,0.0,0.0,0.0,23.10546000000005,27.56110000000001,19.456200000000024,22.582420000000013,29.017359999999996,18.449460000000045,80.63569,80.84962,80.37494000000001,79.97559179369964,74.57070424107377,90.44697602131966,83.2655,22.56967000000003,,183.03273,626.80414,0.0,8.104899999999986,-15.876271780245887,10.567899999999952,0.4746799999999922,1,0,0,0,0,0,0,1,0,1847.8728371656591,0.0,102.49841651685216,0,0,0,0,13.10546000000005,988.0785300000017,23.151903333333355,23.5539,22.796350000000018,0.3809044998858535,23.215730000000033,26.963600000000042,20.589530000000025,2.02280129388265,24.93842714285717,27.895500000000027,20.589530000000025,2.3414571369010875,24.81406714285717,27.895500000000027,20.589530000000025,2.0326562369622256,24.547616785714307,27.895500000000027,20.589530000000025,1.923058252643336,79.57578520858375,81.2986006644055,77.4531631676461,1.9536456599130114,84.3494297400056,93.16382455470215,77.4531631676461,6.244095386631576,82.86470538767746,93.16382455470215,76.5244186462635,5.0298239487304395,80.96468745521949,93.16382455470215,67.29176156652373,6.048371163839842,79.55802846321363,93.16382455470215,63.24167610501248,7.283426424892229,0.68026173,0.68026173,0.68026173,0.0,0.67096734,0.683931,0.61153173,0.026244290312456606,0.6612994807142857,0.9667166,0.44853115,0.14712090258724903,0.7566853680952381,1.0793567,0.44853115,0.1970994766972421,0.8587023332142857,1.4134724,0.44853115,0.2647539974870249,221.02052333333336,303.78357,176.24527,71.75520067196881,190.29259571428568,303.78357,116.20613,69.06719955326008,217.7361542857143,318.19205,116.20613,64.39396190025928,238.94577428571426,368.98367,116.20613,71.70111871492016,235.06574535714284,368.98367,116.20613,68.35733121124144,84.34259,85.45206,83.2655,1.093639568916101,85.53734499999999,94.02708,74.04887,6.226570708459245,77.56154864285713,94.02708,66.84499,9.45919761638148,77.4169086190476,94.02708,66.84499,7.7985681340046895,78.21023182142858,94.02708,66.84499,7.358800953726766,,,,,,,,,,,,,,,,,,,,,9.649100000000013,13.209820000000036,7.632580000000019,3.092703790278033,8.889974285714288,13.209820000000036,6.249619999999993,2.5247398390253855,9.755106428571432,13.209820000000036,6.249619999999993,2.3908549789131905,10.700427142857144,15.357730000000004,6.249619999999993,2.7872129544818502,11.134220714285714,15.357730000000004,6.249619999999993,2.658254355416035,-22.014157424026408,-15.876271780245887,-33.14721426017131,9.658424559263963,-19.265717469552467,-8.755289473701396,-33.14721426017131,9.131593297666477,-19.267610579563748,-6.506444128468601,-33.14721426017131,8.017246390425209,-24.349760183699537,-6.506444128468601,-45.13279498588322,10.951351052530931,-27.92418499264255,-6.506444128468601,-49.21846543157931,11.708031629311698,0.0,0.0,0.0,0.0,0.0,0.0,1.0,39.45571000000007,97.41547500000001,41.104607,13.916496428571431,3.0,2.0,2.0,4.0,92.51011000000022,107.96245040000001,41.104607,7.711603600000001,6.0,2.0,2.0,8.0,209.13798000000037,125.8845986,41.104607,5.994504695238096,8.0,2.0,2.0,10.0,311.0954100000005,193.56252186999998,44.626614,6.912947209642857,13.0,3.0,2.0,14.0,407.33327000000065,0,35,0,0,0,39,0,0,0,0,0,0,0,4
泸定泸桥镇海子坪村1,未知品种,2025-08-21,泸定泸桥镇海子坪村1_华玉919,8.四川泸定海子坪,8,,,,R3,100.0,43.111111111111114,0.0,0.0,0.0,0.0,100.0,0.0,32.0,11.111111111111114,0.0,0.0,0.0,0.0,0.0,0.0,0.0,0.0,23.0,45890,29.90625,102.21875,1.0764474,2.15687,0.3542644,3.239962,0.0,7.0718465,0.017124815,0.019068623,0.015298007,293.97073,297.5492,291.6539,0.35730314,294.93512,298.3446,291.76544,83791.99,83967.85,83559.86,119.2744,425.73093,0.0,83.482376,295.1699,1.0764474,2.15687,0.3542644,7.0718465,3.239962,0.0,20.820730000000026,24.399200000000008,18.503900000000044,21.785120000000006,25.194600000000037,18.615440000000035,83.79199,83.96785000000001,83.55986,92.86952318225444,83.2796225976545,95.64637093394059,83.482376,22.019900000000007,,119.2744,425.73093,0.0,5.895299999999963,-12.366748336286093,6.579160000000002,0.4079900000000123,1,1,1,1,0,0,0,1,0,1933.611267406463,656.7590124730949,78.9406506251401,0,1,1,1,10.820730000000026,1078.481720000002,22.62160666666669,23.555630000000008,20.820730000000026,1.559966515228225,22.91474142857146,23.86343000000005,20.820730000000026,1.0498242974489844,23.065235714285745,26.963600000000042,20.589530000000025,1.5561346639557825,24.263865238095267,27.895500000000027,20.589530000000025,2.202222561474251,24.33923571428574,27.895500000000027,20.589530000000025,2.001718375437993,85.32602800302054,92.86952318225444,78.01483354589564,7.43006889384305,84.1939479645348,92.86952318225444,77.0530898281577,5.59280470162445,84.27168885227022,93.16382455470215,77.0530898281577,5.695435154618065,83.30778624662992,93.16382455470215,76.5244186462635,5.12255273373981,81.77200258254832,93.16382455470215,67.29176156652373,6.006417276049957,0.9249297100000001,1.0764474,0.68026173,0.21388899848671578,0.7851194357142858,1.0764474,0.68026173,0.17986953583338097,0.7280433878571427,1.0764474,0.61153173,0.13696106395485516,0.7025727990476189,1.0764474,0.44853115,0.165385009160881,0.763793885,1.0793567,0.44853115,0.1900610992275898,170.72815333333335,207.20326,119.2744,45.838204559062746,225.55223285714285,297.26068,119.2744,60.605479447681965,207.92241428571427,303.78357,116.20613,65.05096238828112,220.34151380952378,318.19205,116.20613,61.736863720424644,235.59738892857143,368.98367,116.20613,68.25902052229834,82.19757333333334,83.482376,81.00177,1.242695535040032,81.82872285714286,83.72974,80.26486,1.3484727870137292,83.68303392857142,94.02708,74.04887,4.7366812754148295,78.98394004761906,94.02708,66.84499,7.934349419420044,78.51986217857143,94.02708,66.84499,7.017043068640863,,,,,,,,,,,,,,,,,,,,,8.669019999999989,10.159639999999968,5.895299999999963,2.4043519119297176,10.586062857142858,13.941100000000006,5.895299999999963,2.5590563835765443,9.738018571428572,13.941100000000006,5.895299999999963,2.5959582864073734,10.032091904761907,13.941100000000006,5.895299999999963,2.4168712771610785,10.671836071428572,15.357730000000004,5.895299999999963,2.6855746627275137,-22.94272828281135,-12.366748336286093,-31.598917103588917,9.758753882969852,-25.342282762787402,-12.366748336286093,-35.228643087854365,8.790950239673029,-22.304000116169934,-8.755289473701396,-35.228643087854365,9.1703412980387,-21.292501307304967,-6.506444128468601,-35.228643087854365,8.577539320489688,-24.597890828471503,-6.506444128468601,-45.13279498588322,10.305515270657452,8.5985139,7.0718465,2.8661713,2.0,0.0,1.0,2.0,37.864820000000066,19.575580000000002,7.0718465,2.7965114285714288,6.0,0.0,1.0,5.0,90.40319000000022,116.991055,41.104607,8.35650392857143,9.0,2.0,3.0,9.0,182.91330000000045,127.5380304,41.104607,6.073239542857142,12.0,2.0,3.0,13.0,299.5411700000006,145.4601786,41.104607,5.195006378571429,14.0,2.0,3.0,15.0,401.49860000000075,2,42,0,0,0,46,1,1,0,0,1,1,1,0
泸定泸桥镇海子坪村1,未知品种,2025-08-28,泸定泸桥镇海子坪村1_华玉919,8.四川泸定海子坪,8,,,,R4,100.0,47.444444444444436,0.0,0.0,0.0,0.0,100.0,0.0,43.111111111111114,4.3333333333333215,0.0,0.0,0.0,0.0,0.0,0.0,0.0,0.0,24.0,45897,29.90625,102.21875,0.7844128,1.9500198,0.26904935,6.865619,0.0,42.55928,0.016037725,0.018807948,0.014398375,292.1157,295.3249,290.26828,0.3925381,293.28644,297.41357,290.3034,84084.16,84385.84,83722.016,92.41197,326.81854,0.0,91.714874,293.86383,0.7844128,1.9500198,0.26904935,42.55928,6.865619,0.0,18.965700000000027,22.174900000000036,17.118280000000027,20.13644000000005,24.263570000000016,17.153400000000033,84.08416,84.38584,83.722016,97.98304948193307,94.44576481881445,98.47884056767543,91.714874,20.71383000000003,,92.41197,326.81854,0.0,5.056620000000009,-4.0330757488609805,7.110169999999982,0.6638240000000053,1,1,1,1,1,0,0,0,1,1858.3171215595005,4170.088038155444,110.78881884334223,0,0,1,0,8.965700000000027,1161.3832300000022,21.43401666666669,22.892449999999997,18.965700000000027,2.1493579624700203,21.843072857142886,23.03164000000004,18.965700000000027,1.3742115206632985,22.378907142857173,23.86343000000005,18.965700000000027,1.2997984310797086,22.657848095238126,26.963600000000042,18.965700000000027,1.5776798828077525,23.658667142857173,27.895500000000027,18.965700000000027,2.2697092791709,87.57525977770631,97.98304948193307,80.49848202320852,9.205935871034418,85.59483089447973,97.98304948193307,77.45181853661435,6.885996758131672,84.89438942950726,97.98304948193307,77.0530898281577,6.070402027891798,84.71273619967339,97.98304948193307,77.0530898281577,5.976476491024326,83.87954740859236,97.98304948193307,76.5244186462635,5.567009795574206,0.9243976333333334,1.0574455,0.7844128,0.13664847217302997,0.9971243528571428,1.2268957,0.7844128,0.1332202031757666,0.8911218942857142,1.2268957,0.68026173,0.18768126250790082,0.8177370428571429,1.2268957,0.61153173,0.18550364391372856,0.7762106875,1.2268957,0.44853115,0.2026694996173505,132.30472666666665,159.68777,92.41197,35.33946819310607,161.3731842857143,208.15903,92.41197,36.255665491289136,193.46270857142855,297.26068,92.41197,58.40265436549843,192.4060042857143,303.78357,92.41197,60.4193168658576,205.59943142857145,318.19205,92.41197,61.575392489939865,85.54160333333334,91.714874,82.02559,5.363424140400266,83.91127914285714,91.714874,81.9741,3.526454938966065,82.870001,91.714874,80.26486,2.7832634712387567,83.75911566666666,94.02708,74.04887,4.280936604758219,80.21577482142858,94.02708,66.84499,7.3564190696026435,,,,,,,,,,,,,,,,,,,,,7.6916499999999814,10.046959999999956,5.056620000000009,2.5069016310377754,9.1520457142857,11.609530000000007,5.056620000000009,2.1302275021920054,9.86905428571428,13.941100000000006,5.056620000000009,2.3812932942729885,9.542694285714282,13.941100000000006,5.056620000000009,2.4128465969194464,9.812080357142856,13.941100000000006,5.056620000000009,2.3421941081363773,-20.617495066311985,-4.0330757488609805,-30.681259664819578,14.471372774462269,-26.315908926405957,-4.0330757488609805,-32.65005741655267,9.99583125300318,-25.82909584459668,-4.0330757488609805,-35.228643087854365,9.057519226511898,-23.641303052915276,-4.0330757488609805,-35.228643087854365,9.401725513165474,-22.54835321208021,-4.0330757488609805,-35.228643087854365,9.03381558181209,46.919940000000004,42.55928,15.639980000000001,2.0,1.0,1.0,2.0,34.302050000000065,62.427524000000005,42.55928,8.918217714285715,5.0,1.0,2.0,5.0,82.9015100000002,82.00310400000001,42.55928,5.857364571428572,11.0,1.0,3.0,10.0,173.30470000000042,179.418579,42.55928,8.543741857142857,14.0,3.0,5.0,14.0,265.81481000000065,189.9655544,42.55928,6.784484085714285,17.0,3.0,5.0,18.0,382.4426800000008,2,49,1,0,0,0,1,6,1,0,0,6,0,0
泸定泸桥镇海子坪村1,未知品种,2025-09-05,泸定泸桥镇海子坪村1_华玉919,8.四川泸定海子坪,8,,,,R4,100.0,47.888888888888886,0.0,0.0,0.0,0.0,100.0,0.0,47.444444444444436,0.44444444444444997,0.0,0.0,0.0,0.0,0.0,0.0,0.0,0.0,24.0,45905,29.90625,102.21875,1.2526761,3.9173298,0.18525542,8.02207,0.0,21.41458,0.015968867,0.019926261,0.01324783,293.6066,302.33203,289.203,0.36651114,294.72537,304.35422,289.49307,84215.695,84586.97,83717.99,148.12297,760.5382,0.0,85.63377,295.19263,1.2526761,3.9173298,0.18525542,21.41458,8.02207,0.0,20.456600000000037,29.182029999999997,16.052999999999997,21.57537000000002,31.20422000000002,16.34307000000001,84.21569500000001,84.58697000000001,83.71799,89.07717522862298,66.11037283825122,97.02460706734534,85.63377,22.04263000000003,,148.12297,760.5382,0.0,13.12903,-30.91423422909412,14.86115000000001,0.8689800000000076,1,1,0,1,0,0,0,1,0,1822.216142781852,1907.5502951073652,65.85255348905993,0,1,1,1,10.456600000000037,1249.0903300000023,22.334570000000042,23.69766000000004,20.456600000000037,1.6807568359819283,21.280122857142885,23.69766000000004,18.172600000000045,2.176196463164664,21.25549785714288,23.69766000000004,18.172600000000045,1.8668850976062135,21.768970000000028,23.69766000000004,18.172600000000045,1.7608156475991805,22.01993964285717,23.94894000000005,18.172600000000045,1.6871032302374624,83.1868833699085,89.07717522862298,79.96582287913265,5.108598876485659,82.64325706378453,91.08364918156293,72.16328771266181,6.941507934777812,85.04883255647599,97.98304948193307,72.16328771266181,6.724612179424307,84.78285810718401,97.98304948193307,72.16328771266181,6.216731562681331,84.58920273834556,97.98304948193307,72.16328771266181,6.201466166589809,1.0236728533333332,1.2526761,0.77775866,0.23790991738872605,0.9757794185714286,1.2526761,0.77775866,0.15470567465835988,0.9720100214285713,1.2526761,0.77775866,0.14682633996701044,0.9253993009523809,1.2526761,0.68026173,0.1716895624027234,0.8616602653571429,1.2526761,0.61153173,0.18607634141910367,176.6816366666667,191.44562,148.12297,24.73727889149867,186.17616,272.15894,120.56301,48.85891943568759,166.89498749999998,272.15894,92.41197,45.024550846440114,182.2044669047619,272.15894,92.41197,51.11854275144203,185.36283839285713,303.78357,92.41197,56.885733907789295,82.64659999999999,85.63377,80.63889,2.6375581457664405,83.72113357142858,86.759865,80.63889,2.3385774947832925,84.35209421428571,91.714874,80.63889,3.1886935505715237,83.53346328571429,91.714874,80.26486,2.9250655143169415,84.30060800000001,94.02708,80.26486,3.4936031288156535,,,,,,,,,,,,,,,,,,,,,11.025993333333341,13.12903,9.768250000000023,1.8329214840339718,10.260257142857151,13.12903,6.813620000000014,2.239699402499616,9.30330857142857,13.12903,5.056620000000009,2.3153209065562117,9.703845238095235,13.941100000000006,5.056620000000009,2.3894402898725478,9.523925357142858,13.941100000000006,5.056620000000009,2.4266419182887637,-32.95680677665947,-30.91423422909412,-34.72365727207698,1.9196205269877817,-31.40109604632972,-20.877046224419416,-43.46014217174454,7.334322515407925,-27.830142150858773,-4.0330757488609805,-43.46014217174454,9.707169370561132,-26.728372817984212,-4.0330757488609805,-43.46014217174454,9.137383001163721,-24.96970348960358,-4.0330757488609805,-43.46014217174454,9.636643115498865,21.41458,21.41458,7.138193333333334,1.0,0.0,0.0,2.0,37.003710000000126,23.449065960000006,21.41458,3.3498665657142865,4.0,0.0,1.0,2.0,78.9608600000002,86.24911464,42.55928,6.160651045714286,10.0,1.0,4.0,7.0,157.57697000000036,105.51634634,42.55928,5.0245879209523805,15.0,1.0,5.0,12.0,247.14837000000057,183.11891164000002,42.55928,6.539961130000001,18.0,3.0,7.0,16.0,336.5583100000008,1,57,0,0,0,5,0,2,0,0,2,2,2,0
泸定泸桥镇海子坪村1,未知品种,2025-09-12,泸定泸桥镇海子坪村1_华玉919,8.四川泸定海子坪,8,,,,R4,100.0,51.66666666666667,0.0,0.0,0.0,0.0,100.0,0.0,47.888888888888886,3.7777777777777857,0.0,0.0,0.0,0.0,0.0,0.0,0.0,0.0,24.0,45912,29.90625,102.21875,0.79450864,1.4159592,0.30091727,3.8562458,0.0,8.633569,0.014648523,0.016730137,0.012652683,292.33163,296.51837,289.3204,0.37417734,293.18805,298.21597,289.2744,84372.445,84564.375,83741.11,111.01281,454.50702,0.0,87.42496,293.59814,0.79450864,1.4159592,0.30091727,8.633569,3.8562458,0.0,19.18163000000004,23.368370000000027,16.17040000000003,20.03805,25.06597000000005,16.124400000000037,84.37244500000001,84.564375,83.74111,88.6746290014721,78.40547734339492,92.03237511809782,87.42496,20.448140000000024,,111.01281,454.50702,0.0,7.197969999999998,-13.626897774702897,8.941570000000013,0.8232649999999921,1,1,0,1,0,0,0,0,0,1700.9239238935108,765.5785280336104,99.13222191064817,0,0,1,0,9.181630000000041,1323.2082100000025,20.438246666666696,21.92715000000004,19.18163000000004,1.3874212911849504,20.588268571428596,21.92715000000004,19.18163000000004,0.967450422044552,20.934195714285742,23.69766000000004,18.172600000000045,1.6572931226444794,21.03308809523812,23.69766000000004,18.172600000000045,1.6279084400900234,21.47379464285717,23.69766000000004,18.172600000000045,1.6660442181484334,86.3259285004342,88.6746290014721,81.69582971175673,4.009924374806164,83.53829075345718,88.6746290014721,73.75178349618895,5.447240504410751,83.09077390862085,91.08364918156293,72.16328771266181,6.012458652975605,84.54531862213638,97.98304948193307,72.16328771266181,6.23116359539722,84.47171626875229,97.98304948193307,72.16328771266181,5.960119243122408,0.9147907033333332,1.0358862,0.79450864,0.12069083591238038,0.9403553642857142,1.0553784,0.79450864,0.08657481473937158,0.9580673914285714,1.2526761,0.77775866,0.12183415227552902,0.9614584690476191,1.2526761,0.77775866,0.1284330439391596,0.9291383167857142,1.2526761,0.68026173,0.15344098252030022,138.8997066666667,173.30003,111.01281,31.65032367983879,152.70209857142854,173.30003,111.01281,23.670837440153974,169.43912928571427,272.15894,111.01281,40.768398471478996,162.1640245238095,272.15894,92.41197,39.15075225673475,174.82887482142857,272.15894,92.41197,47.21640708718999,84.69739833333334,87.42496,82.984825,2.3877501318515706,84.232362,87.42496,82.262375,1.7192381307788562,83.9767477857143,87.42496,80.63889,1.9896479678613368,84.31218347619048,91.714874,80.63889,2.7384534338700206,83.70818796428571,91.714874,80.26486,2.6626306657574386,,,,,,,,,,,,,,,,,,,,,7.944576666666687,9.96980000000002,6.665960000000041,1.7739520349866622,8.854355714285719,11.131989999999973,6.665960000000041,1.6446361535696914,9.557306428571435,13.12903,6.665960000000041,2.0237901388830135,9.15365761904762,13.12903,5.056620000000009,2.083972376102677,9.491472857142856,13.941100000000006,5.056620000000009,2.2294828898130827,-20.613529483587254,-13.626897774702897,-32.64792824766676,10.467084801700508,-22.81397055450787,-11.595646091825188,-35.00149657375585,9.410868085528131,-27.107533300418794,-11.595646091825188,-43.46014217174454,9.249639843476778,-26.158084952075143,-4.0330757488609805,-43.46014217174454,9.679328421397127,-25.749772252115125,-4.0330757488609805,-43.46014217174454,9.19272126036362,17.243026399999998,8.633569,5.747675466666666,3.0,0.0,0.0,2.0,31.314740000000086,21.603935500000002,8.633569,3.0862765000000003,5.0,0.0,0.0,3.0,74.11788000000018,45.053001460000004,21.41458,3.218071532857143,9.0,0.0,1.0,5.0,153.07874000000038,107.85305014000001,42.55928,5.135859530476191,15.0,1.0,4.0,10.0,231.69485000000054,127.12028184,42.55928,4.540010065714286,20.0,1.0,5.0,15.0,321.26625000000075,4,64,0,0,0,0,0,3,0,0,0,3,0,0
泸定泸桥镇海子坪村1,未知品种,2025-09-18,泸定泸桥镇海子坪村1_华玉919,8.四川泸定海子坪,8,,,,R5,100.0,60.00000000000001,0.0,0.0,0.0,0.0,100.0,0.0,51.66666666666667,8.333333333333336,0.0,0.0,0.0,0.0,0.0,0.0,0.0,0.0,25.0,45918,29.90625,102.21875,0.9677188,1.7645936,0.19413698,0.7570401,0.0,1.3376608,0.015884254,0.017249346,0.014182944,294.27557,300.23148,289.86646,0.34763798,294.90503,302.3473,290.51193,83948.44,84262.71,83532.69,151.72186,679.90015,0.0,81.224144,294.72772,0.9677188,1.7645936,0.19413698,1.3376608,0.7570401,0.0,21.12557000000004,27.08148,16.71646000000004,21.755030000000033,29.19730000000004,17.36193000000003,83.94844,84.26271000000001,83.53269,84.76266688427327,64.54243763919783,99.29802884802878,81.224144,21.57772,,151.72186,679.90015,0.0,10.365019999999959,-34.75559120883095,11.835370000000012,0.7300200000000103,1,1,0,1,0,0,0,1,0,1790.6596526504002,113.3836967945505,79.38669515257507,0,1,1,1,11.125570000000039,1392.4313400000026,20.295756666666687,21.12557000000004,19.485299999999995,0.8203063017150061,21.200680000000016,23.76812000000001,19.18163000000004,1.6870212747620883,20.985543571428593,23.76812000000001,19.18163000000004,1.2754022439974815,21.002290952380974,23.76812000000001,18.172600000000045,1.6567693815341922,21.212486428571452,23.76812000000001,18.172600000000045,1.6094597564106161,89.6144056115828,92.07991081046397,84.76266688427327,4.201915932998615,82.43205019856721,92.07991081046397,68.99384495953355,9.549102869949378,83.01392377795153,92.07991081046397,68.99384495953355,7.51491320406808,82.95663884421994,92.07991081046397,68.99384495953355,7.221405817718394,83.61618685678488,97.98304948193307,68.99384495953355,7.107679854280031,0.9017526666666665,0.9677188,0.8611481,0.057634497676853455,0.9083415385714285,1.0148165,0.79450864,0.07374806178854501,0.9570746985714286,1.2526761,0.79450864,0.10994317247952995,0.94211001,1.2526761,0.77775866,0.1080471852556571,0.9558635957142857,1.2526761,0.77775866,0.11480404466332271,118.71997866666668,151.72186,93.82716,29.787023097674172,167.62049371428571,281.51663,93.82716,76.0532327276831,162.81202185714287,281.51663,93.82716,52.97049256189333,168.8724714761905,281.51663,93.82716,53.02424554813938,166.9976496785714,281.51663,92.41197,48.843479556187376,81.50064466666667,81.77615,81.224144,0.27600434602398544,82.27488557142856,87.42496,80.44758,2.4226298057760998,83.12568164285713,87.42496,80.44758,2.0455649952684465,83.5071541904762,89.47653,80.44758,2.4564079403615864,83.60818542857143,91.714874,80.44758,2.695342485891385,,,,,,,,,,,,,,,,,,,,,7.962763333333328,10.365019999999959,6.5320200000000455,2.093048223914867,9.951074285714283,15.380799999999965,6.5320200000000455,3.3983419338105425,9.826362142857144,15.380799999999965,6.5320200000000455,2.7209013338150605,9.630074761904766,15.380799999999965,5.969730000000027,2.5574911585724336,9.510567499999999,15.380799999999965,5.056620000000009,2.428550265491617,-23.824281057249607,-18.133664881753916,-34.75559120883095,9.469464806362035,-29.04394479402581,-13.626897774702897,-48.188672104686944,12.854662699929312,-27.163767421009066,-11.595646091825188,-48.188672104686944,10.780504152287179,-27.760084751925802,-11.595646091825188,-48.188672104686944,10.28833929205972,-27.39904079554584,-4.0330757488609805,-48.188672104686944,10.050701085608367,3.57237955,1.6960444,1.1907931833333334,3.0,0.0,2.0,2.0,30.887270000000058,14.195370550000002,8.633569,2.027910078571429,5.0,0.0,2.0,2.0,78.40476000000012,48.58031705,21.41458,3.4700226464285713,10.0,0.0,2.0,6.0,153.7976100000003,50.98732769,21.41458,2.4279679852380953,14.0,0.0,4.0,7.0,231.04811000000046,113.41485169,42.55928,4.0505304175,19.0,1.0,6.0,12.0,313.94962000000066,4,70,0,0,0,1,0,3,0,0,1,3,1,0
泸定泸桥镇海子坪村1,未知品种,2025-09-25,泸定泸桥镇海子坪村1_华玉919,8.四川泸定海子坪,8,,,,R5,100.0,62.0,0.0,0.0,0.0,0.0,100.0,0.0,60.00000000000001,1.999999999999993,0.0,0.0,0.0,0.0,0.0,0.0,0.0,0.0,25.0,45925,29.90625,102.21875,1.1406398,3.1055546,0.27999347,0.0,0.0,0.0,0.012263305,0.013263564,0.01119791,293.99548,301.1843,287.98953,0.33007082,294.57327,303.83896,288.79248,84503.695,84689.125,84107.32,239.32776,861.4155,0.0,77.11966,294.34622,1.1406398,3.1055546,0.27999347,0.0,0.0,0.0,20.84548000000001,28.03430000000003,14.839530000000025,21.423270000000002,30.68896000000001,15.642480000000035,84.50369500000001,84.689125,84.10732,67.16420618433906,47.286203411397175,89.17495934074195,77.11966,21.19622000000004,,239.32776,861.4155,0.0,13.194770000000005,-41.888755929344775,15.046479999999974,0.5818050000000028,1,0,0,0,0,0,0,1,0,1400.070116731517,0.0,54.13674959028322,0,0,0,0,10.84548000000001,1460.4416200000028,19.576510000000024,20.84548000000001,18.100270000000023,1.3842922833346867,19.715754285714304,20.84548000000001,18.100270000000023,1.0459016010417943,20.458217142857162,23.76812000000001,18.100270000000023,1.5530917294887794,20.562280476190498,23.76812000000001,18.100270000000023,1.3272959664953858,20.68065678571431,23.76812000000001,18.100270000000023,1.61188679122063,74.7906202346718,87.81600179638345,67.16420618433906,11.335157834900608,80.45157974652238,93.10395331490218,67.16420618433906,9.594399192484419,81.44181497254478,93.10395331490218,67.16420618433906,9.253502830129145,82.15980910080847,93.10395331490218,67.16420618433906,8.115156930895214,82.33037406979554,93.10395331490218,67.16420618433906,7.765628091164252,1.0925742666666665,1.3155831,0.8214999,0.25052399835449546,1.0698362714285714,1.3155831,0.8214999,0.15395906655076277,0.9890889049999999,1.3155831,0.79450864,0.14308011347509386,0.9946618895238095,1.3155831,0.79450864,0.13392075102599596,0.9740415753571429,1.3155831,0.77775866,0.13071778175813517,208.88702533333333,259.84183,127.491486,71.2329427618596,172.12691657142858,259.84183,113.86106,55.87937045270636,169.87370514285712,281.51663,93.82716,64.1576585556823,165.91698676190475,281.51663,93.82716,52.7334278323063,169.68608274999997,281.51663,93.82716,52.71237169061665,79.32946033333333,81.955246,77.11966,2.444484779868577,80.67808214285715,82.86155,77.11966,2.085129082077385,81.47648385714287,87.42496,77.11966,2.3242140930079622,82.30981514285715,87.42496,77.11966,2.3285161778086843,82.79988617857143,89.47653,77.11966,2.644242764522966,,,,,,,,,,,,,,,,,,,,,11.750796666666664,13.948329999999999,8.109289999999987,3.1760653757335295,9.814467142857122,13.948329999999999,4.89137999999997,3.125107975989075,9.882770714285702,15.380799999999965,4.89137999999997,3.1373124443394516,9.822397142857136,15.380799999999965,4.89137999999997,2.782457657805672,9.676172857142856,15.380799999999965,4.89137999999997,2.6498883455259916,-32.98920109486386,-13.440123745711034,-43.638723609535774,16.952593182837795,-26.647452968138705,-3.6814678968487016,-43.638723609535774,14.508043684430332,-27.845698881082257,-3.6814678968487016,-48.188672104686944,13.227172538784762,-26.991662603385613,-3.6814678968487016,-48.188672104686944,11.779207399629547,-27.481926805979025,-3.6814678968487016,-48.188672104686944,11.19920257060309,0.0,0.0,0.0,0.0,0.0,0.0,0.0,28.729530000000068,10.937379900000003,4.0585494,1.5624828428571433,3.0,0.0,1.0,2.0,68.01028000000014,25.13275045,8.633569,1.7951964607142856,8.0,0.0,3.0,4.0,146.41504000000026,59.517696949999994,21.41458,2.834176045238095,13.0,0.0,3.0,8.0,221.80789000000044,61.92470759,21.41458,2.211596699642857,17.0,0.0,5.0,9.0,299.0583900000006,0,77,0,0,0,1,0,0,0,0,0,0,0,3
泸定磨西镇蔡阳坪3,未知品种,2025-07-30,泸定磨西镇蔡阳坪3_华玉919,7.四川泸定蔡阳坪,7,,,,R3,80.0,9.777777777777779,0.0,0.0,0.0,0.0,,,,,,,,,,,,,23.0,45868,29.65625,102.15625,1.3695494,1.3695494,1.3695494,3.2229657,0.0,4.8711376,0.020072797,0.028456505,0.016499484,297.4309,304.7635,292.1934,0.28645176,293.54324,302.48657,287.06992,79918.7,80081.31,79714.63,242.35764,897.1161,0.0,69.96705,293.48724,1.3695494,1.3695494,1.3695494,4.8711376,3.2229657,0.0,24.28090000000003,31.613500000000045,19.04340000000002,20.39324000000005,29.336569999999995,13.919920000000047,79.9187,80.08131,79.71463,83.98122595022609,77.35163354181583,95.07683268149381,69.96705,20.33724000000001,,242.35764,897.1161,0.0,12.570100000000025,-17.725199139677983,15.416649999999947,0.36668000000000234,1,1,0,1,0,0,0,1,0,2039.1397491748473,409.08410742024205,57.147603170214005,0,1,1,1,14.280900000000031,692.9418300000015,24.805246666666694,25.36940000000004,24.28090000000003,0.545340710504311,21.61682714285717,25.36940000000004,16.412260000000003,3.29659854659677,20.44742428571431,25.36940000000004,16.412260000000003,2.8532204411283377,21.71624476190479,27.152300000000025,16.412260000000003,3.2289032488642713,21.765981785714313,27.152300000000025,16.412260000000003,2.9143828586716167,80.46446851181571,83.98122595022609,76.78770418483575,3.59942919093818,73.62331040643302,83.98122595022609,61.26301363641292,9.215832763192209,71.6389994724912,83.98122595022609,54.53048862757682,8.979069905431544,73.20444374287237,84.82024436997135,54.53048862757682,9.51838122809308,77.1387425552245,93.60053641180421,54.53048862757682,10.919983924885157,0.8884156299999999,1.3695494,0.24089599,0.5824326770347797,1.0265634985714285,1.3695494,0.24089599,0.3680227163364666,1.078131547142857,1.3695494,0.24089599,0.2849278414211026,0.9545871230000001,1.3695494,0.24089599,0.3531664632304244,0.8300790625925926,1.3695494,0.24089599,0.3748796816458278,319.88709666666665,368.79315,242.35764,67.90404230255403,271.20698285714286,368.79315,156.78119,82.0403264207265,253.50410642857145,368.79315,152.76845,73.21476351455381,271.747498,368.79315,152.76845,73.50589092797297,252.16985844444443,368.79315,109.815384,84.47509131796649,69.06626333333332,69.96705,67.557,1.315206501289072,71.12189928571429,76.17116,67.557,2.7101221199736294,72.20020864285715,78.36048,64.43221,3.922334900307499,70.62002755,78.36048,62.95547,4.297671264614535,72.62824507407407,82.95688,62.95547,5.334817401931095,,,,,,,,,,,,,,,,,,,,,14.16562000000001,15.205600000000004,12.570100000000025,1.4028305604027653,13.396232857142877,15.205600000000004,9.426060000000007,2.0769746294367426,13.023184285714304,15.205600000000004,9.17592000000002,2.0205870514310984,12.966819523809539,16.201170000000047,8.879700000000014,2.085285785573477,11.885057142857153,16.201170000000047,3.7484000000000037,3.127497574039222,-29.66598870718919,-17.725199139677983,-41.75421218822296,12.015184958664964,-33.01453789019662,-17.725199139677983,-43.58779731245959,9.76644222739601,-30.419348216115786,-17.11922295243741,-43.58779731245959,8.977944724623896,-28.320628545769416,-13.291629033339035,-43.58779731245959,8.596029019019745,-25.071417841105934,-5.313561519766651,-43.58779731245959,10.350142966967695,5.908168100000007,4.8711376,1.969389366666669,2.0,0.0,0.0,2.0,44.415740000000085,36.0445763,19.97694,5.149225185714286,5.0,0.0,0.0,2.0,81.31779000000017,92.50442385000001,41.280243,6.607458846428572,9.0,1.0,0.0,2.0,146.26394000000033,95.39666555,41.280243,4.7698332775,12.0,1.0,0.0,5.0,246.0411400000006,184.73890925,41.280243,6.842181824074074,18.0,2.0,4.0,11.0,329.44749000000076,2,20,0,0,0,3,0,2,0,0,2,2,2,0
泸定磨西镇蔡阳坪3,未知品种,2025-08-08,泸定磨西镇蔡阳坪3_华玉919,7.四川泸定蔡阳坪,7,,,,R4,97.0,17.88888888888889,0.0,0.0,0.0,0.0,80.0,17.0,9.777777777777779,8.11111111111111,0.0,0.0,0.0,0.0,0.0,0.0,0.0,0.0,24.0,45877,29.65625,102.15625,0.6457918,1.2713468,0.112742715,3.098499,0.0,12.479847,0.022745239,0.026235575,0.019821705,300.08417,307.31693,295.54205,0.2845015,295.80615,305.02377,289.53204,80210.78,80413.49,80113.76,271.42746,1000.2135,0.0,69.490685,295.43173,0.6457918,1.2713468,0.112742715,12.479847,3.098499,0.0,26.934169999999995,34.166930000000036,22.39205000000004,22.656150000000025,31.873770000000036,16.382040000000018,80.21078,80.41349000000001,80.11376,81.44964904591384,62.100059709917524,93.19895429774532,69.490685,22.28173000000004,,271.42746,1000.2135,0.0,11.774879999999996,-31.098894587827793,15.491730000000018,0.29973000000001093,1,1,0,1,0,0,0,1,0,2193.778693842981,1016.4791582967007,109.21231508031309,0,1,1,1,16.934169999999995,841.1305800000016,25.968703333333355,26.934169999999995,25.14477000000005,0.903056949108576,26.512261428571442,27.500969999999995,25.14477000000005,0.9071662631960674,24.904359285714303,27.500969999999995,16.412260000000003,3.129850678100642,22.969501428571448,27.500969999999995,16.412260000000003,3.8331602592199103,23.225035714285735,27.500969999999995,16.412260000000003,3.5736114767996634,84.95378734805423,88.38357864485008,81.44964904591384,3.467562620725516,83.98703214152506,88.38357864485008,80.78383262626696,2.8706708702264376,80.93342626314431,88.38357864485008,62.41511582375551,6.156808062722831,77.18782657039382,88.38357864485008,61.26301363641292,8.26311517801008,76.05465740776675,88.38357864485008,54.53048862757682,9.364621823236904,0.4775108599999999,0.6457918,0.34513783,0.1535097258144132,0.4187562685714286,1.1692158,0.1098485,0.38879049942189847,0.7605072121428572,1.3695494,0.1098485,0.5216464408647811,0.8858528652380953,1.3695494,0.1098485,0.465927398082586,0.8689648407142857,1.3695494,0.1098485,0.43680879534178774,242.28532333333328,271.42746,220.52147,26.2427943096808,256.9254328571429,332.5113,184.88249,48.90725541763981,274.81665357142856,368.79315,156.78119,64.71262168967837,262.3444847619047,368.79315,156.78119,63.53475221565414,270.1637510714286,368.79315,152.76845,68.2960479077838,68.69867366666666,69.490685,67.59425,0.9860616242508184,66.88182142857144,69.490685,64.225975,1.9049084647728542,68.71189178571429,76.17116,64.225975,3.0302594547011332,70.42164904761906,78.36048,64.225975,3.9512263308827187,69.57721378571428,78.36048,62.95547,4.062335220257728,,,,,,,,,,,,,,,,,,,,,11.235473333333346,12.347590000000025,9.583950000000016,1.4586453223567846,11.061204285714293,13.060209999999984,8.389279999999985,1.7226611477000704,12.059060714285717,15.205600000000004,8.389279999999985,2.1632271004982906,12.312329047619057,15.205600000000004,8.389279999999985,2.054295277582816,12.435973571428582,16.201170000000047,8.389279999999985,2.1046849763329476,-22.901352085138296,-16.723195836942892,-31.098894587827793,7.397541434671267,-23.47757288597789,-16.723195836942892,-31.098894587827793,5.745798710294771,-25.949772044960703,-16.723195836942892,-41.75421218822296,7.777965873931965,-26.855365008685993,-16.723195836942892,-43.58779731245959,8.179574888102733,-27.003238060134077,-13.291629033339035,-43.58779731245959,7.995783937028395,26.081977640000005,13.303025,8.693992546666669,3.0,0.0,0.0,3.0,47.90611000000007,27.9806828,13.303025,3.9972404,5.0,0.0,0.0,7.0,115.5858300000001,40.9663167,13.303025,2.9261654785714284,9.0,0.0,0.0,10.0,208.66103000000027,80.57389485,19.97694,3.836852135714286,14.0,0.0,0.0,10.0,272.3595300000004,124.49560025000001,41.280243,4.4462714375,17.0,1.0,0.0,12.0,370.30100000000067,4,29,0,0,0,12,0,8,0,0,8,8,8,0
泸定磨西镇蔡阳坪3,未知品种,2025-08-15,泸定磨西镇蔡阳坪3_华玉919,7.四川泸定蔡阳坪,7,,,,R4,97.0,24.333333333333332,0.0,0.0,0.0,0.0,97.0,0.0,17.88888888888889,6.444444444444443,0.0,0.0,0.0,0.0,0.0,0.0,0.0,0.0,24.0,45884,29.65625,102.15625,0.20468341,0.20468341,0.20468341,0.0,0.0,0.0,0.018777672,0.025290327,0.015863108,296.55405,303.54114,291.96948,0.29656345,291.67163,301.55627,285.4876,80330.53,80459.85,80158.01,278.4282,1046.1301,0.0,72.43687,291.58627,0.20468341,0.20468341,0.20468341,0.0,0.0,0.0,23.40405000000004,30.391140000000007,18.81948,18.521630000000016,28.406270000000006,12.337600000000009,80.33053,80.45985,80.15800999999999,83.31269321789183,74.20371541085925,93.2488157287859,72.43687,18.436270000000036,,278.4282,1046.1301,0.0,11.571660000000008,-19.045100317926654,16.068669999999997,0.30184000000001276,1,0,0,1,0,0,0,1,0,1949.8544377062049,0.0,273.44020213601993,0,1,1,1,13.40405000000004,930.8776500000017,23.075573333333352,23.40405000000004,22.67297000000002,0.37113415853749704,22.821010000000026,24.37480000000005,20.33862000000005,1.300079418727968,24.666635714285736,27.500969999999995,20.33862000000005,2.1973344450762555,24.209909523809547,27.500969999999995,16.412260000000003,2.8084134957275686,22.93237857142859,27.500969999999995,16.412260000000003,3.3561405930861765,83.6882112719578,85.5418097596459,82.21013083833569,1.6972865006745466,86.5824011793275,93.9505977981915,81.77232857568694,4.604437625615687,85.28471666042628,93.9505977981915,80.78383262626696,3.924532055480883,82.81641790187207,93.9505977981915,62.41511582375551,6.200420962921033,79.53647022262724,93.9505977981915,61.26301363641292,8.511737413332476,0.20468341,0.20468341,0.20468341,0.0,0.22821863714285714,0.36943,0.20468341,0.06226835806941625,0.3234874528571429,1.1692158,0.1098485,0.2851825955702993,0.5830776871428571,1.3695494,0.1098485,0.49411391082027156,0.7214443082142857,1.3695494,0.1098485,0.4957435672425085,218.06686666666664,278.4282,177.86707,53.2259418638149,194.36495857142856,323.0322,112.15651,79.53329753098248,225.64519571428573,332.5113,112.15651,71.25422286639233,247.9994219047619,368.79315,112.15651,78.2938570940765,245.3496032142857,368.79315,112.15651,72.76241173992516,73.62056533333333,74.773766,72.43687,1.1687464105719974,78.15204014285715,85.910095,72.43687,5.279657925950303,72.51693078571428,85.910095,64.225975,6.981201070251783,71.85860790476191,85.910095,64.225975,5.926623851863214,72.35424682142857,85.910095,64.225975,5.42021930093282,,,,,,,,,,,,,,,,,,,,,9.590296666666669,11.571660000000008,7.711089999999956,1.9323113542163517,9.281531428571432,13.68610000000001,5.6700799999999845,2.637289545603161,10.171367857142863,13.68610000000001,5.6700799999999845,2.3307719031295586,11.133217619047622,15.205600000000004,5.6700799999999845,2.6321828829545746,11.55462964285715,15.205600000000004,5.6700799999999845,2.5412118953737006,-15.451926410719892,-9.370178938283516,-19.045100317926654,5.295826160075365,-16.05232546380103,-6.8560368771761375,-25.38941613091751,7.083529241883168,-19.764949174889463,-6.8560368771761375,-31.098894587827793,7.2965407163043645,-22.650623184574147,-6.8560368771761375,-41.75421218822296,8.788231347711301,-24.15460512246475,-6.8560368771761375,-43.58779731245959,9.132505962158278,2.536863300000007,2.5368633,0.8456211000000023,1.0,0.0,0.0,3.0,39.22672000000006,84.0814643,53.222652,12.011637757142855,4.0,2.0,1.0,7.0,89.74707000000018,112.06214709999999,53.222652,8.004439078571428,9.0,2.0,1.0,14.0,205.33290000000028,125.04778099999999,53.222652,5.954656238095238,13.0,2.0,1.0,17.0,298.40810000000045,164.65535915,53.222652,5.880548541071429,18.0,2.0,1.0,17.0,362.1066000000006,0,36,0,0,0,19,0,15,0,0,15,15,15,1
泸定磨西镇蔡阳坪3,未知品种,2025-08-21,泸定磨西镇蔡阳坪3_华玉919,7.四川泸定蔡阳坪,7,,,,R4,98.0,37.55555555555555,0.0,0.0,0.0,0.0,97.0,1.0,24.333333333333332,13.222222222222218,0.0,0.0,0.0,0.0,0.0,0.0,0.0,0.0,24.0,45890,29.65625,102.15625,0.8278188,1.5451137,0.1805721,3.0236356,0.0,11.764869,0.013472668,0.017952403,0.011885377,289.59518,292.92807,286.8702,0.31861016,290.2622,294.70053,286.4144,76066.195,76330.42,75823.02,115.195946,393.62372,0.0,77.82188,290.5136,0.8278188,1.5451137,0.1805721,11.764869,3.0236356,0.0,16.44518000000005,19.778070000000014,13.720200000000034,17.11220000000003,21.550530000000037,13.264400000000023,76.06619500000001,76.33042,75.82302,87.42650141663374,94.5466779815864,91.70271535943611,77.82188,17.36360000000002,,115.195946,393.62372,0.0,6.05786999999998,2.8439626221502863,8.286130000000014,0.5074000000000041,1,1,0,1,0,0,1,0,0,1437.7445525668013,1028.5613362950103,94.22799087131425,0,0,1,0,6.44518000000005,998.470630000002,19.571160000000038,23.37620000000004,16.44518000000005,3.515053544798424,21.571004285714316,23.40405000000004,16.44518000000005,2.7951661839316855,22.448158571428596,26.934169999999995,16.44518000000005,2.5205075474834127,23.772289523809548,27.500969999999995,16.44518000000005,2.8370518454523723,23.430287142857168,27.500969999999995,16.412260000000003,3.0612889248434696,81.40081841431264,87.42650141663374,70.5156858139824,9.444819155675322,84.0794943226656,90.11208052919474,70.5156858139824,6.3356398470371404,85.19787316728384,93.9505977981915,70.5156858139824,5.551965505970356,84.83641419295768,93.9505977981915,70.5156858139824,4.753037827680828,82.644512253215,93.9505977981915,62.41511582375551,6.647164307231277,0.6397686933333333,0.88680387,0.20468341,0.3779473673021965,0.39114853142857137,0.88680387,0.20468341,0.3189047260168938,0.3411913264285714,0.88680387,0.20468341,0.25029556826321825,0.4015109547619048,1.3695494,0.1098485,0.36413020720357414,0.5675888121428572,1.3695494,0.1098485,0.4668070869883502,183.35716199999993,224.97455,115.195946,59.50854205672787,235.6780437142857,303.2313,115.195946,62.9780806820941,214.52144828571429,323.0322,112.15651,71.72711368254868,228.25311361904758,332.5113,112.15651,66.69671495204543,241.2928345,368.79315,112.15651,74.61741197374286,75.69647866666666,77.82188,73.421646,2.203919714105976,75.59399371428572,78.80739,72.43687,2.414391711768497,76.66257514285714,85.910095,69.490685,4.466339759151105,73.37797795238096,85.910095,64.225975,6.04886457534169,72.75664239285715,85.910095,64.225975,5.4853664704341405,,,,,,,,,,,,,,,,,,,,,8.804913333333332,10.406040000000019,6.05786999999998,2.389872243956448,10.784520000000002,15.218720000000019,6.05786999999998,2.779847610259742,10.047541428571432,15.218720000000019,5.6700799999999845,2.7268919411917167,10.350411904761907,15.218720000000019,5.6700799999999845,2.4263053473761724,11.079281428571432,15.218720000000019,5.6700799999999845,2.634422862137642,-14.740030646184138,2.8439626221502863,-26.47523538176374,15.50999962520445,-17.277244770569364,2.8439626221502863,-30.45106870194835,10.83726278524846,-17.525770422178134,2.8439626221502863,-31.098894587827793,9.620838276210726,-19.047198641321774,2.8439626221502863,-31.098894587827793,8.459916962544312,-22.183803473734844,2.8439626221502863,-43.58779731245959,10.311291633122645,12.18684800000001,11.764869,4.06228266666667,2.0,0.0,0.0,1.0,28.713480000000118,42.560449399999996,17.824865,6.0800642,5.0,0.0,1.0,5.0,80.99703000000022,139.1217607,53.222652,9.937268621428572,10.0,2.0,2.0,12.0,174.27422000000035,154.6225965,53.222652,7.362980785714285,14.0,2.0,2.0,19.0,289.2180800000005,187.58517039999998,53.222652,6.69947037142857,19.0,2.0,2.0,21.0,376.04804000000064,1,42,0,0,1,0,0,1,0,0,0,1,0,0
泸定磨西镇蔡阳坪3,未知品种,2025-08-29,泸定磨西镇蔡阳坪3_华玉919,7.四川泸定蔡阳坪,7,,,,R5,99.0,47.111111111111114,0.0,0.0,0.0,0.0,98.0,1.0,37.55555555555555,9.555555555555564,0.0,0.0,0.0,0.0,0.0,0.0,0.0,0.0,25.0,45898,29.65625,102.15625,0.9052361,1.8719661,0.22054859,0.0,0.0,0.0,0.011170857,0.01236825,0.010537299,286.74826,289.6891,284.7014,0.32002172,287.75696,292.81433,284.23013,76563.23,76755.836,76381.766,109.47177,422.61398,0.0,78.16665,288.35043,0.9052361,1.8719661,0.22054859,0.0,0.0,0.0,13.598260000000039,16.53910000000002,11.551400000000001,14.606960000000015,19.664330000000007,11.080129999999997,76.56322999999999,76.755836,76.381766,87.76224827737946,80.55831263278655,94.49626852741054,78.16665,15.20043000000004,,109.47177,422.61398,0.0,4.987700000000018,-13.937955894623983,8.58420000000001,0.37407000000000323,1,0,0,1,0,0,1,0,0,1193.4138702603614,0.0,87.3051099909558,0,0,1,0,3.598260000000039,1056.739140000002,16.182853333333355,18.92900000000003,13.598260000000039,2.669039498870953,17.134118571428587,18.92900000000003,13.598260000000039,1.794899337385626,18.990106428571448,23.37650000000002,13.598260000000039,3.0115296867299226,20.26707428571431,24.37480000000005,13.598260000000039,3.1347205044159367,21.82837107142859,27.500969999999995,13.598260000000039,3.87885798127093,84.14400109947456,91.73951108804955,72.93024393299467,9.912916685207643,79.94468238215141,91.73951108804955,72.93024393299467,7.149568629651197,81.18375282392198,91.73951108804955,70.5156858139824,7.348941940489442,82.98330227572382,93.9505977981915,70.5156858139824,6.947327832009209,83.23423474217414,93.9505977981915,70.5156858139824,6.146486573065374,0.8780051599999998,0.95951045,0.76926893,0.09800052067688389,0.8799902528571428,0.95951045,0.73861957,0.0881899480219929,0.6967525271428572,1.0612473,0.20468341,0.3324014758475267,0.5405745638095238,1.0612473,0.20468341,0.3524265233415875,0.51011999,1.1692158,0.1098485,0.3584403360276922,133.00045999999995,195.57338,93.95623,54.74222075663021,150.09350857142857,195.57338,93.95623,36.529450364283996,186.83756114285714,303.2313,93.95623,61.77592517030083,189.3466936190476,323.0322,93.95623,66.26806844861491,206.2413784285714,332.5113,93.95623,68.3554997103048,76.83126333333333,79.20784,73.1193,3.2565354281863823,75.28164,79.20784,73.1193,2.5052332337861323,75.62339114285714,79.20784,73.1193,2.2127060493346766,76.46627414285715,85.910095,72.43687,3.610654963099801,74.07016096428572,85.910095,64.225975,5.322150586711494,,,,,,,,,,,,,,,,,,,,,7.748610000000004,10.893010000000004,4.987700000000018,2.9712741347946987,8.766337142857155,10.893010000000004,4.987700000000018,2.015290750964701,9.82014571428572,15.218720000000019,4.987700000000018,2.5958898170398177,9.640607619047625,15.218720000000019,4.987700000000018,2.5562469862454686,9.995756785714292,15.218720000000019,4.987700000000018,2.427377336730845,-17.045066795262525,-11.345749166305481,-25.851495324858114,7.735940247684266,-21.490933097433526,-11.345749166305481,-32.599640100621116,7.442448872577156,-19.909358249750035,2.8439626221502863,-32.599640100621116,9.382432407738724,-18.6236806544337,2.8439626221502863,-32.599640100621116,8.70308399523132,-19.837153712319747,2.8439626221502863,-32.599640100621116,8.247670948241192,25.70785040000001,23.915386,8.56928346666667,2.0,0.0,1.0,0.0,18.548560000000066,39.2315301,23.915386,5.6045043,5.0,0.0,1.0,0.0,49.93883000000011,81.7919795,23.915386,5.84228425,10.0,0.0,2.0,4.0,125.86149000000029,165.87344380000002,53.222652,7.89873541904762,14.0,2.0,3.0,11.0,215.60856000000047,193.8541266,53.222652,6.923361664285714,19.0,2.0,3.0,18.0,331.19439000000057,0,50,0,0,2,0,0,2,0,0,0,2,0,1
泸定磨西镇蔡阳坪3,未知品种,2025-09-05,泸定磨西镇蔡阳坪3_华玉919,7.四川泸定蔡阳坪,7,,,,R5,100.0,77.0,0.0,0.0,0.0,0.0,99.0,1.0,47.111111111111114,29.888888888888886,0.0,0.0,0.0,0.0,0.0,0.0,0.0,0.0,25.0,45905,29.65625,102.15625,1.1145697,3.5815482,0.38639668,7.0240846,0.0,26.265362,0.012072232,0.01525832,0.0103410585,288.4284,296.6601,284.50452,0.3222541,290.00757,299.4041,284.40213,76307.58,76809.86,75946.46,150.87794,601.4224,0.0,78.71192,290.4173,1.1145697,3.5815482,0.38639668,26.265362,7.0240846,0.0,15.278400000000033,23.510100000000023,11.354520000000036,16.85757000000001,26.25410000000005,11.252130000000022,76.30758,76.80986,75.94646,84.74836169778757,64.45419299800584,93.42851835864795,78.71192,17.267300000000034,,150.87794,601.4224,0.0,12.155579999999986,-28.974325360642112,15.001970000000028,0.8633999999999986,1,1,0,1,1,0,1,0,0,1294.8193693634805,2225.9463988993252,69.77644979764237,0,0,1,0,5.278400000000033,1100.7540700000022,17.368913333333353,18.76600000000002,15.278400000000033,1.8443071453890985,16.287847142857167,18.76600000000002,13.126980000000003,2.376040156455736,16.710982857142877,18.92900000000003,13.126980000000003,2.070116986595535,18.089353333333356,23.37650000000002,13.126980000000003,3.0483717167831275,19.272267500000023,24.37480000000005,13.126980000000003,3.4076855358446316,78.9692429695748,84.74836169778757,74.90222390869567,5.141504769384984,78.07566955774531,85.97186784209426,65.29786444629562,7.574373047110471,79.01017596994836,91.73951108804955,65.29786444629562,7.142241531165619,80.14772506852975,91.73951108804955,65.29786444629562,7.387143998661718,81.7563940962292,93.9505977981915,65.29786444629562,7.292765445201196,0.9892806133333333,1.1145697,0.88517994,0.11615346375766264,1.0151078542857144,1.2231487,0.88517994,0.11720350483558772,0.9475490535714286,1.2231487,0.73861957,0.12183957062861119,0.8028709695238095,1.2231487,0.20468341,0.31557620350151266,0.6592078864285714,1.2231487,0.20468341,0.3726140758042151,170.9517066666666,187.99242,150.87794,18.742217473119037,190.78619714285716,294.51492,123.97752,59.24060383818453,170.43985285714285,294.51492,93.95623,51.782631097008945,188.15377314285715,303.2313,93.95623,59.4730612741174,189.70656949999997,323.0322,93.95623,63.507570756463736,74.42971666666666,78.71192,72.10559,3.713010529426628,74.46814857142859,78.71192,72.10559,2.7448841024678607,74.87489428571429,79.20784,72.10559,2.559742817837748,75.23831028571428,79.20784,72.10559,2.3987838835583295,75.96674275,85.910095,72.10559,3.4795890195421895,,,,,,,,,,,,,,,,,,,,,10.668986666666646,12.155579999999986,9.582099999999969,1.3324878581560704,10.179762857142853,13.694450000000018,5.643059999999991,2.846287953216245,9.473050000000004,13.694450000000018,4.987700000000018,2.4802095819568932,9.940018095238099,15.218720000000019,4.987700000000018,2.6154733434745965,9.775396428571431,15.218720000000019,4.987700000000018,2.587879281316715,-28.610946781103795,-23.116663489181377,-33.7418514934879,5.321906427753617,-24.92603862719104,-8.273113084653488,-37.209030332079344,10.147236411864338,-23.20848586231228,-8.273113084653488,-37.209030332079344,8.73295498987395,-21.58158504223037,2.8439626221502863,-37.209030332079344,9.694419312200571,-20.199270147623036,2.8439626221502863,-37.209030332079344,9.311880842829938,29.834396200000008,26.265362,9.944798733333336,3.0,1.0,0.0,0.0,22.10674000000006,39.694635700000006,26.265362,5.670662242857143,6.0,1.0,0.0,0.0,44.01493000000016,78.9261658,26.265362,5.637583271428572,11.0,1.0,1.0,0.0,93.95376000000027,121.4866152,26.265362,5.785076914285715,16.0,1.0,2.0,4.0,169.87642000000045,205.56807949999998,53.222652,7.341717125,20.0,3.0,3.0,11.0,259.62349000000063,4,57,0,0,1,0,0,1,1,0,0,1,0,0
蒙顶山茶南部加工园,未知品种,2025-05-21,蒙顶山茶南部加工园_同玉609,2.四川雅安蒙顶山加工园,2,5.0,7.0,7.0,V14,0.0,0.0,0.0,0.0,0.0,0.0,,,,,,,,,,,,,14.0,45798,30.03125,103.15625,0.7083575,1.6147909,0.090154216,1.0913851,0.0,1.4713242,0.015735636,0.016264245,0.015151979,297.482,302.00275,294.33704,0.28553218,298.50232,305.4779,294.0813,93508.67,93717.32,93246.51,123.75966,542.2412,0.0,77.46799,298.4673,0.7083575,1.6147909,0.090154216,1.4713242,1.0913851,0.0,24.33200000000005,28.852750000000015,21.187040000000025,25.35232000000002,32.3279,20.93130000000002,93.50867,93.71732,93.24651,76.99510160058577,61.07101982396345,89.51146456258364,77.46799,25.317300000000046,,123.75966,542.2412,0.0,7.66570999999999,-28.440444738620194,11.396599999999978,0.4708100000000002,1,1,0,0,0,0,0,1,0,1873.4448121454568,113.28475626640058,95.2488244379322,0,0,0,0,14.33200000000005,573.8934400000011,25.853266666666684,27.669759999999997,24.33200000000005,1.688351131409941,23.636452857142874,27.669759999999997,21.048550000000034,2.3545927678171865,22.6025192857143,27.669759999999997,18.761250000000018,2.4216739929626687,22.497212857142877,27.669759999999997,18.761250000000018,2.2604748658946443,21.48505678571431,27.669759999999997,15.66778000000005,2.81858305266112,65.44943146971092,76.99510160058577,58.6412674820077,10.052302226630113,68.62230307282498,77.05490083723474,58.6412674820077,7.216928602024863,65.21315776258616,77.05490083723474,52.63643271100039,8.08214288692656,67.72624751466586,81.35592468709547,52.63643271100039,8.241196507523515,70.13419753060674,88.57549483705894,52.63643271100039,9.50750390232066,0.6011333433333333,0.7083575,0.52602583,0.09531431453615745,0.46403105142857143,0.7083575,0.27968085,0.14758220506243758,0.5447240064285714,0.83112645,0.27968085,0.15465841595278473,0.6018512633333334,1.1015483,0.27968085,0.1879976129917707,0.5935296499999999,1.1015483,0.27968085,0.17446726800897053,263.3232866666666,347.29562,123.75966,121.69583096447859,203.71543428571428,347.29562,104.03627,97.67681230883667,228.27449285714286,362.226,104.03627,96.75175925079913,234.84210476190475,362.226,104.03627,86.7478580042695,218.3550640714286,362.226,88.19326,88.4731109498889,75.65172333333334,77.46799,74.08362,1.7057780788352486,77.53502085714285,79.59824,74.08362,2.063772791321095,79.47176607142858,86.021904,74.08362,3.3560416580246413,80.94888861904762,91.3386,74.08362,4.552525458190331,81.57736985714287,91.3386,74.08362,4.120330627901055,,,,,,,,,,,,,,,,,,,,,11.519780000000006,14.076300000000003,7.66570999999999,3.3965634159986027,9.792822857142848,14.076300000000003,5.905609999999967,3.3761084529366925,10.616902857142852,15.50024000000002,5.890359999999987,3.253309179443727,11.020299523809522,16.54919000000001,5.890359999999987,3.092883267959658,10.3958225,16.54919000000001,4.080420000000004,3.3375184656486003,-22.87533614186295,-19.613735360504954,-28.440444738620194,4.843274801529529,-22.006082565145743,-12.796835246552185,-39.47503149927359,9.18931508122663,-21.51520298706708,-3.439746915894027,-39.47503149927359,10.246723451337761,-21.85190292121984,-3.439746915894027,-39.47503149927359,8.859900716066315,-21.305112282959474,-3.439746915894027,-39.47503149927359,8.999362124394182,3.9741780999999996,2.5028539,1.3247260333333333,2.0,0.0,0.0,0.0,47.55980000000005,3.9741780999999996,2.5028539,0.5677397285714285,2.0,0.0,0.0,0.0,95.45517000000012,3.9741780999999996,2.5028539,0.28386986428571426,2.0,0.0,0.0,0.0,176.43527000000023,67.140328,56.350723,3.197158476190476,5.0,1.0,0.0,1.0,262.4414700000004,73.42677277,56.350723,2.6223847417857145,10.0,1.0,0.0,1.0,321.5815900000006,2,61,0,0,0,11,0,0,0,0,0,0,0,0
蒙顶山茶南部加工园,未知品种,2025-05-28,蒙顶山茶南部加工园_同玉609,2.四川雅安蒙顶山加工园,2,5.0,7.0,7.0,VT,0.0,0.0,0.0,0.0,0.0,0.0,0.0,0.0,0.0,0.0,0.0,0.0,0.0,0.0,0.0,0.0,0.0,0.0,10.0,45805,30.03125,103.15625,0.39439312,1.303154,0.050471857,0.0,0.0,0.0,0.0138736535,0.014853585,0.013179877,295.2386,300.13943,291.5095,0.3160192,296.64218,304.34854,291.80078,94152.625,94409.17,93990.25,216.00752,755.6877,0.0,85.73944,296.1863,0.39439312,1.303154,0.050471857,0.0,0.0,0.0,22.088600000000042,26.989430000000027,18.359500000000025,23.49218000000002,31.198540000000037,18.650779999999997,94.152625,94.40917,93.99025,78.37358451617042,62.698784524070085,93.65203523848952,85.73944,23.03630000000004,,216.00752,755.6877,0.0,8.629930000000002,-30.953250714419433,12.54776000000004,0.41891999999999996,1,0,0,0,0,0,0,1,0,1731.1627589438854,0.0,158.5248284121964,0,0,0,0,12.088600000000042,658.0293900000013,21.027126666666693,22.660240000000044,18.332539999999995,2.3510191514603727,22.01942142857146,24.853570000000047,18.332539999999995,2.1741053989586137,22.827937142857166,27.669759999999997,18.332539999999995,2.333317472739454,22.408153333333352,27.669759999999997,18.332539999999995,2.3041880453412076,22.377765000000018,27.669759999999997,18.332539999999995,2.2090205011363473,83.68047175842818,94.00712349338475,78.37358451617042,8.944294936418375,77.55421196730539,94.00712349338475,65.00098944313213,9.281264327513764,73.08825752006518,94.00712349338475,58.6412674820077,9.234475719285577,69.32684249749256,94.00712349338475,52.63643271100039,10.19010679681185,70.18323862782573,94.00712349338475,52.63643271100039,9.393238802354867,0.58577025,0.6934053,0.39439312,0.16616745445222664,0.6826016442857143,0.901956,0.39439312,0.1768563065118047,0.5733163478571429,0.901956,0.27968085,0.193263038497608,0.5906832190476191,0.901956,0.27968085,0.1713670504319517,0.6220388585714286,1.1015483,0.27968085,0.18546879989745088,144.14161999999996,216.00752,59.93365,78.7655269969544,187.65973428571428,275.71738,59.93365,77.29793710228995,195.6875842857143,347.29562,59.93365,85.03240726887897,214.73624,362.226,59.93365,90.89540819399028,223.04651214285715,362.226,59.93365,85.64376440251323,85.75336866666667,92.41432,79.106346,6.653997933722664,81.171968,92.41432,75.468666,5.931409341827572,79.35349442857144,92.41432,74.08362,4.665260280535813,80.03850004761905,92.41432,74.08362,4.306963979460332,81.00465846428571,92.41432,74.08362,4.8145640346646275,,,,,,,,,,,,,,,,,,,,,6.3540766666666855,8.76275000000004,1.6695500000000152,4.057462613029642,8.869762857142875,12.927070000000015,1.6695500000000152,3.7532925173226905,9.331292857142861,14.076300000000003,1.6695500000000152,3.4629246999975005,10.03452285714286,15.50024000000002,1.6695500000000152,3.437735358124802,10.48266535714286,16.54919000000001,1.6695500000000152,3.3340110881533556,-16.043699998762985,-0.17284122282575254,-30.953250714419433,15.412705376007748,-20.116630245442565,-0.17284122282575254,-35.120198866978626,11.33660792570119,-21.061356405294156,-0.17284122282575254,-39.47503149927359,9.96249988235998,-21.049012073192245,-0.17284122282575254,-39.47503149927359,10.356590996984727,-21.418084752275522,-0.17284122282575254,-39.47503149927359,9.343005977237524,29.245849999999997,17.720352,9.748616666666665,2.0,0.0,1.0,0.0,33.08138000000008,35.7514622,17.720352,5.107351742857142,4.0,0.0,1.0,1.0,84.13595000000021,39.725640299999995,17.720352,2.8375457357142855,6.0,0.0,1.0,1.0,179.59112000000033,39.7256403,17.720352,1.8916971571428571,6.0,0.0,1.0,1.0,260.57122000000044,102.8917902,56.350723,3.674706792857143,9.0,1.0,1.0,2.0,346.5774200000006,0,68,0,0,0,1,0,0,0,0,0,0,0,1
蒙顶山茶南部加工园,未知品种,2025-06-05,蒙顶山茶南部加工园_同玉609,2.四川雅安蒙顶山加工园,2,5.0,7.0,7.0,VT,0.0,0.0,0.0,0.0,0.0,0.0,0.0,0.0,0.0,0.0,0.0,0.0,0.0,0.0,0.0,0.0,0.0,0.0,10.0,45813,30.03125,103.15625,0.47568867,0.9720599,0.10671587,0.0,0.0,0.0,0.014078097,0.015113075,0.0134273395,297.09448,301.06805,293.39545,0.30211744,297.68628,303.3928,292.97125,93637.45,93896.83,93472.836,171.97969,614.3645,0.0,81.96774,297.23535,0.47568867,0.9720599,0.10671587,0.0,0.0,0.0,23.94448,27.91805000000005,20.245450000000005,24.536280000000033,30.242800000000045,19.82125000000002,93.63745,93.89683000000001,93.472836,70.67457658883175,60.077774412562434,84.35426618942434,81.96774,24.085350000000005,,171.97969,614.3645,0.0,7.672600000000045,-24.276491776861903,10.421550000000025,0.42399400000000753,1,0,0,0,0,0,0,1,0,1692.2659856397502,0.0,122.76527274513107,0,0,0,0,13.944479999999999,748.8547800000015,23.323946666666682,23.94448,22.373100000000022,0.836145292238916,21.29053000000002,23.94448,18.883970000000033,2.1246901434483623,21.43626928571431,24.036770000000047,18.332539999999995,1.8897246865104849,22.289203809523833,27.669759999999997,18.332539999999995,2.3361505947230277,22.09781464285717,27.669759999999997,18.332539999999995,2.2741388817185837,69.06886280833817,70.67457658883175,67.14435477135794,1.7865718159699098,79.21014745338591,95.21901711776992,67.14435477135794,12.490205966672313,78.89061424028662,95.21901711776992,65.00098944313213,10.716582055396032,75.94061231408082,95.21901711776992,58.6412674820077,10.557155561957126,72.27334398727871,95.21901711776992,52.63643271100039,11.668162815139354,0.4915528833333333,0.6331901,0.36577988,0.13440911943996273,0.5492866857142856,0.6756486,0.36577988,0.11184121912721091,0.5749103171428571,0.84459895,0.32748213,0.15260795543737732,0.5643238,0.901956,0.27968085,0.16921473511354568,0.5720685999999999,0.901956,0.27968085,0.1647605790214023,188.4600366666666,215.52092,171.97969,23.62034069598227,132.83412614285717,215.52092,62.550613,57.00534713620271,152.41893664285712,275.71738,59.93365,66.80947947864182,172.71624966666667,347.29562,59.93365,81.61485939414968,188.02677117857144,362.226,59.93365,87.82919558883228,82.82269933333333,83.998634,81.96774,1.0528064794946597,85.799054,90.34359,81.96774,3.222292692890173,83.99177142857143,92.41432,75.468666,4.855970447094172,81.76214761904762,92.41432,74.08362,5.190418357994109,81.41840089285714,92.41432,74.08362,4.6940903278719555,,,,,,,,,,,,,,,,,,,,,9.064043333333359,9.816900000000032,7.672600000000045,1.2063790120162408,6.218880000000005,9.816900000000032,2.779139999999984,2.990914944232518,7.127025714285728,11.965020000000038,1.6695500000000152,3.181568911360261,8.180643809523819,14.076300000000003,1.6695500000000152,3.5679303316285225,8.900132857142863,15.50024000000002,1.6695500000000152,3.652448719551656,-21.20987770462276,-16.91634402860771,-24.276491776861903,3.8303971732223716,-12.988924885132802,2.1276631954180516,-24.276491776861903,10.069576900049368,-16.135962080248763,2.1276631954180516,-35.120198866978626,10.849511035841592,-18.429026897177515,2.1276631954180516,-39.47503149927359,10.475484711784349,-18.820324566763087,2.1276631954180516,-39.47503149927359,10.7098331421484,0.71683097,0.71683097,0.23894365666666664,1.0,0.0,0.0,0.0,39.97184000000004,15.69853935,13.891814,2.2426484785714287,4.0,0.0,3.0,0.0,79.03371000000016,47.454735649999996,17.720352,3.3896239749999997,8.0,0.0,4.0,2.0,160.10777000000036,57.081297750000004,17.720352,2.718157035714286,11.0,0.0,4.0,2.0,258.0732800000005,57.081297750000004,17.720352,2.0386177767857143,11.0,0.0,4.0,2.0,338.7388100000006,0,76,0,0,0,4,0,0,0,0,0,0,0,1
蒙顶山茶南部加工园,未知品种,2025-06-11,蒙顶山茶南部加工园_同玉609,2.四川雅安蒙顶山加工园,2,5.0,7.0,7.0,R1,0.0,0.0,0.0,0.0,0.0,0.0,0.0,0.0,0.0,0.0,0.0,0.0,0.0,0.0,0.0,0.0,0.0,0.0,21.0,45819,30.03125,103.15625,0.45914155,1.2913845,0.051152244,0.0,0.0,0.0,0.01310395,0.01707882,0.011788653,300.76642,309.0627,293.4521,0.2642634,303.55716,315.54373,294.02933,93840.58,94151.18,93649.31,356.9956,1082.0883,0.0,71.69753,302.7135,0.45914155,1.2913845,0.051152244,0.0,0.0,0.0,27.616420000000005,35.91270000000003,20.302099999999996,30.407160000000033,42.393730000000005,20.87933000000004,93.84058,94.15118,93.64931,53.0503464623657,43.20105339650302,74.01303095847885,71.69753,29.563500000000033,,356.9956,1082.0883,0.0,15.610600000000034,-30.81197756197583,21.514399999999966,0.5018699999999967,1,0,0,0,0,0,0,1,0,1465.0606490502057,0.0,94.87820474505195,0,0,0,0,17.616420000000005,847.3230000000016,26.905430000000006,27.616420000000005,25.806939999999997,0.9649723597595888,26.058957142857157,27.616420000000005,23.94448,1.462165687153932,23.520972142857165,27.616420000000005,18.883970000000033,3.0714340513642204,23.020455238095263,27.616420000000005,18.332539999999995,2.8418332080817423,23.174454642857167,27.669759999999997,18.332539999999995,2.6996370871648723,54.846505998996584,62.46697732619515,49.02219420842891,6.900013774023628,62.07785394768752,73.55473704300546,49.02219420842891,9.048344260330458,71.61998328905248,95.21901711776992,49.02219420842891,14.220161920774423,73.59805951513678,95.21901711776992,49.02219420842891,12.86459728120749,72.35412040455883,95.21901711776992,49.02219420842891,11.78894949258071,0.5254404399999999,0.6187229,0.45914155,0.08314226725567579,0.5403470671428572,0.68425524,0.45914155,0.081628114738496,0.534230695,0.68425524,0.32748213,0.10961333964308706,0.5836876780952381,0.901956,0.32748213,0.14943171137802289,0.5537735214285714,0.901956,0.27968085,0.15545009195718007,299.2656266666666,356.9956,205.54402,81.88982551956596,238.35984228571428,356.9956,115.619156,85.6674912969794,183.12106564285713,356.9956,62.550613,89.6856736951405,184.6339551904762,356.9956,59.93365,83.81876830474229,189.4043249642857,356.9956,59.93365,85.99479233000993,74.54761333333333,77.42432,71.69753,2.863487825613276,77.75489657142857,81.96774,71.69753,3.577360919829143,81.94608314285715,90.34359,71.69753,5.346974287933369,81.68804476190476,92.41432,71.69753,5.410905483380154,80.64978878571428,92.41432,71.69753,5.097794917131892,,,,,,,,,,,,,,,,,,,,,14.423923333333335,16.17237,11.48879999999997,2.5573635094826637,11.585938571428576,16.17237,6.252499999999998,3.7621703205615655,8.860432857142863,16.17237,2.779139999999984,4.307254436201308,8.863542857142866,16.17237,1.6695500000000152,4.035500989146386,9.095862857142862,16.17237,1.6695500000000152,3.8423936950309745,-19.719326722709418,-12.205320909448062,-30.81197756197583,9.805964670182986,-18.123492483834397,-6.174755288503121,-30.81197756197583,10.53968473188798,-14.946776524185742,2.1276631954180516,-30.81197756197583,9.945828786416264,-16.670061097938017,2.1276631954180516,-35.120198866978626,10.444600320570379,-18.004066464739946,2.1276631954180516,-39.47503149927359,10.252259902394535,0.0,0.0,0.0,0.0,0.0,0.0,0.0,50.716290000000015,0.0,0.0,0.0,0.0,0.0,0.0,0.0,112.41270000000009,17.35565745,13.891814,1.2396898178571427,5.0,0.0,3.0,1.0,189.29361000000029,53.10711965,17.720352,2.5289104595238094,9.0,0.0,4.0,2.0,273.4295600000005,57.081297750000004,17.720352,2.0386177767857143,11.0,0.0,4.0,2.0,368.8847300000006,0,82,0,0,0,10,0,0,0,0,0,0,0,7
蒙顶山茶南部加工园,未知品种,2025-06-18,蒙顶山茶南部加工园_同玉609,2.四川雅安蒙顶山加工园,2,5.0,7.0,7.0,R1,0.0,0.0,0.0,0.0,0.0,0.0,0.0,0.0,0.0,0.0,0.0,0.0,0.0,0.0,0.0,0.0,0.0,0.0,21.0,45826,30.03125,103.15625,0.68360823,1.1676074,0.14595741,0.0,0.0,0.0,0.018564226,0.01990736,0.016773859,298.19324,299.92685,297.06042,0.24572745,299.78445,304.2094,296.64023,93150.484,93271.19,93065.305,89.01438,337.3661,0.0,66.668526,300.13544,0.68360823,1.1676074,0.14595741,0.0,0.0,0.0,25.043240000000026,26.776850000000024,23.910420000000045,26.634450000000015,31.05940000000004,23.490229999999997,93.15048399999999,93.27119,93.065305,86.57088335160205,83.80858218695107,83.72892598454426,66.668526,26.98544000000004,,89.01438,337.3661,0.0,2.86642999999998,0.07965620240680948,7.569170000000042,0.2058850000000092,1,0,0,1,0,0,0,1,1,2168.0154087861765,0.0,110.47725130656431,0,1,1,1,15.043240000000026,970.7778600000017,28.23210000000002,30.29140000000001,25.043240000000026,2.8004865990752292,27.636408571428596,30.29140000000001,22.924900000000036,2.656815414002399,26.847682857142875,30.29140000000001,22.924900000000036,2.216872630494892,24.892784285714306,30.29140000000001,18.883970000000033,3.4930551162350185,24.17444357142859,30.29140000000001,18.332539999999995,3.4196285843751344,68.08399341766032,86.57088335160205,51.215104133547705,17.733336561574806,63.26383870437889,86.57088335160205,51.09128854952106,15.088498459800588,62.67084632603321,86.57088335160205,49.02219420842891,11.968339249870949,68.83460176082795,95.21901711776992,49.02219420842891,14.697953073718288,71.0145043124473,95.21901711776992,49.02219420842891,13.926544874142111,0.5245128433333333,0.68360823,0.3866636,0.14960807891409,0.52546655,0.68360823,0.3866636,0.11008047452611451,0.5329068085714286,0.68425524,0.3866636,0.09342218653982728,0.5313093133333333,0.68425524,0.32748213,0.10706558923552015,0.5691323960714285,0.901956,0.32748213,0.14104096019993667,217.25732666666661,285.77487,89.01438,111.1486187892457,254.50976,358.3153,89.01438,113.39062507704743,246.43480114285714,358.3153,89.01438,96.91034197827979,206.9172970952381,358.3153,62.550613,101.36402480866391,202.10290639285714,358.3153,59.93365,94.9249448244557,66.143672,66.668526,65.13759,0.8715655741342968,67.91178085714286,71.72905,65.13759,2.1775189387634155,72.83333871428572,81.96774,65.13759,5.846358785624553,77.26798238095238,90.34359,65.13759,8.121808905213701,78.24397878571428,92.41432,65.13759,7.722936241254914,,,,,,,,,,,,,,,,,,,,,9.747053333333346,13.882550000000037,2.86642999999998,5.999209554235763,11.014815714285712,14.479319999999973,2.86642999999998,4.490629719845771,11.300377142857144,16.17237,2.86642999999998,3.9909485996235823,9.578560476190479,16.17237,2.779139999999984,4.380844481631917,9.401361071428578,16.17237,1.6695500000000152,4.176640350225104,-3.7174365404628205,4.654345314615469,-15.88631113841074,10.783926782660222,-14.229883321160324,4.654345314615469,-25.33058222971323,11.862545435958644,-16.17668790249736,4.654345314615469,-30.81197756197583,10.96810166555539,-14.707812123177266,4.654345314615469,-30.81197756197583,10.326354404924702,-16.06001665374359,4.654345314615469,-35.120198866978626,10.641244666229817,0.29444855,0.29444855,0.09814951666666666,1.0,0.0,0.0,1.0,54.696300000000065,2.6672360499999996,2.3727875,0.3810337214285714,2.0,0.0,0.0,2.0,123.45486000000017,2.6672360499999996,2.3727875,0.1905168607142857,2.0,0.0,0.0,2.0,235.86756000000025,20.0228935,13.891814,0.9534711190476189,7.0,0.0,3.0,3.0,312.74847000000045,55.7743557,17.720352,1.991941275,11.0,0.0,4.0,4.0,396.88442000000066,0,89,1,0,0,1,0,1,0,0,1,1,1,1
蒙顶山茶南部加工园,未知品种,2025-06-25,蒙顶山茶南部加工园_同玉609,2.四川雅安蒙顶山加工园,2,5.0,7.0,7.0,R2,0.0,0.0,0.0,0.0,0.0,0.0,0.0,0.0,0.0,0.0,0.0,0.0,0.0,0.0,0.0,0.0,0.0,0.0,22.0,45833,30.03125,103.15625,0.38442805,0.7287277,0.07540627,0.0,0.0,0.0,0.015553286,0.017932545,0.014548055,296.77652,301.38608,292.9096,0.34753284,297.82983,303.66492,293.73163,93821.77,93966.82,93690.555,211.29428,702.61926,0.0,94.28944,297.54984,0.38442805,0.7287277,0.07540627,0.0,0.0,0.0,23.626520000000028,28.236080000000015,19.759600000000034,24.679830000000038,30.514920000000018,20.58163000000002,93.82177,93.96682000000001,93.69055499999999,79.67574166806332,69.90886605463761,94.34403540547937,94.28944,24.39984000000004,,211.29428,702.61926,0.0,8.476479999999981,-24.43516935084176,9.93329,0.2762650000000235,1,0,0,0,0,0,0,1,0,1882.4605040353338,0.0,164.47384016690057,0,0,0,0,13.626520000000028,1068.9068700000018,21.59570666666669,23.626520000000028,19.760500000000036,1.940418546637115,24.018430000000023,26.746550000000013,19.760500000000036,2.606876930677748,25.82741928571431,30.29140000000001,19.760500000000036,3.1493716608517874,25.904598571428593,30.29140000000001,19.760500000000036,2.6647588456223934,24.674195714285734,30.29140000000001,18.883970000000033,3.270616239534481,89.78468429517984,95.09136646255845,79.67574166806332,8.758233331758905,81.25632663668277,95.09136646255845,69.0131529176177,10.119727766479297,72.26008267053082,95.09136646255845,51.09128854952106,15.475747110121652,68.86600642958307,95.09136646255845,49.02219420842891,14.297812041301626,71.94003297979165,95.21901711776992,49.02219420842891,14.58705779517054,0.38083617333333325,0.39341187,0.3646686,0.014704423690323227,0.5217059357142857,0.7876787,0.3646686,0.17928499449878466,0.5235862428571428,0.7876787,0.3646686,0.14294012154510005,0.5291731842857142,0.7876787,0.3646686,0.12387580425973653,0.5289084689285714,0.7876787,0.32748213,0.1251079006898316,122.6900533333333,211.29428,77.69814,76.73661161035564,153.9969942857143,265.87643,77.69814,73.909753902923,204.25337714285712,358.3153,77.69814,105.71382622420452,215.62219885714288,358.3153,77.69814,98.67684343512312,193.68722139285714,358.3153,62.550613,96.79534590506546,93.20697,102.6482,82.68327,10.026385861909416,78.95190142857143,102.6482,67.26568,14.544405366346364,73.43184114285714,102.6482,65.13759,11.516819856682396,74.87285961904762,102.6482,65.13759,9.716692647957101,77.68896214285714,102.6482,65.13759,9.819483231583106,,,,,,,,,,,,,,,,,,,,,4.481666666666665,8.476479999999981,1.7338199999999802,3.540065023376437,7.552508571428567,11.803380000000004,1.7338199999999802,3.7795778165443585,9.283662142857139,14.479319999999973,1.7338199999999802,4.373541780214261,10.051087619047617,16.17237,1.7338199999999802,4.232737834141052,9.0720475,16.17237,1.7338199999999802,4.2648341179886735,-7.69615204763257,2.3006407609690456,-24.43516935084176,14.58746307400522,-14.814137830379533,2.3006407609690456,-26.17220211796434,11.24289350483862,-14.522010575769928,4.654345314615469,-26.17220211796434,11.10762235912576,-15.72250454512475,4.654345314615469,-30.81197756197583,10.79576328008613,-14.734393549977835,4.654345314615469,-30.81197756197583,10.34792372117169,73.05887000000001,43.01581,24.35295666666667,2.0,2.0,2.0,1.0,34.78712000000007,120.9479379,46.540985,17.278276842857142,4.0,3.0,2.0,1.0,98.12901000000016,123.61517395,46.540985,8.829655282142857,6.0,3.0,2.0,3.0,221.58387000000033,123.61517395,46.540985,5.886436854761905,6.0,3.0,2.0,3.0,333.9965700000004,140.9708314,46.540985,5.034672550000001,11.0,3.0,5.0,4.0,410.8774800000006,0,96,0,0,0,1,0,0,0,0,0,0,0,1
蒙顶山茶南部加工园,未知品种,2025-07-02,蒙顶山茶南部加工园_同玉609,2.四川雅安蒙顶山加工园,2,5.0,7.0,7.0,R2,0.0,0.0,0.0,0.0,0.0,0.0,0.0,0.0,0.0,0.0,0.0,0.0,0.0,0.0,0.0,0.0,0.0,0.0,22.0,45840,30.03125,103.15625,0.24928385,0.63439864,0.08278957,3.323521,0.0,6.449553,0.018823737,0.020218318,0.017382985,297.40268,299.65027,296.00287,0.3768171,298.3181,300.80286,296.24387,93506.86,93651.98,93332.945,106.23856,329.06763,0.0,102.16561,298.5109,0.24928385,0.63439864,0.08278957,6.449553,3.323521,0.0,24.252679999999998,26.50027,22.852869999999996,25.168100000000038,27.652860000000032,23.093870000000038,93.50686,93.65198,93.33294500000001,92.37118292885819,86.85411512777085,92.72566518903285,102.16561,25.360900000000015,,106.23856,329.06763,0.0,3.6474000000000046,-5.871550061261999,4.558989999999994,0.3190349999999853,1,1,1,1,0,0,0,1,0,2240.2487407950603,595.7528399723661,264.4587859669383,0,1,1,1,14.252679999999998,1177.731390000002,25.981826666666677,27.290700000000015,24.252679999999998,1.5620062855614063,25.546360000000018,27.6524,22.31158000000005,1.8491188061343629,24.78239500000002,27.6524,19.760500000000036,2.3115309852088783,25.733732857142876,30.29140000000001,19.760500000000036,2.737015952467459,25.815038928571447,30.29140000000001,19.760500000000036,2.458605403780476,81.55087064042547,92.37118292885819,73.81276729221968,9.655501369632082,82.63628309545791,93.76859199142383,73.81276729221968,7.536195707440152,81.94630486607035,95.09136646255845,69.0131529176177,8.601805688116047,75.71881614550652,95.09136646255845,51.09128854952106,14.065362368238604,72.30857559605178,95.09136646255845,49.02219420842891,14.174601418330123,0.48649296999999997,0.69625443,0.24928385,0.2247458684291899,0.4865106742857143,0.69625443,0.24928385,0.15738524908426896,0.504108305,0.7876787,0.24928385,0.16309856099564918,0.5112277199999999,0.7876787,0.24928385,0.14502584389583925,0.5185075567857143,0.7876787,0.24928385,0.13124481910525387,239.44096,317.78806,106.23856,115.95311850541157,202.63542928571428,317.78806,103.255135,83.30339714277721,178.3162117857143,317.78806,77.69814,79.75567833292246,203.7140611904762,358.3153,77.69814,96.67712287788491,212.3755064642857,358.3153,77.69814,93.74207510702936,99.34175666666665,102.16561,97.68222,2.458032027502602,95.49601142857144,105.19932,86.6059,7.169057324489543,87.22395642857143,105.19932,67.26568,13.965857205278217,80.78656457142857,105.19932,65.13759,14.670578199802009,80.02864757142856,105.19932,65.13759,12.80849713371896,,,,,,,,,,,,,,,,,,,,,8.328610000000007,11.89443,3.6474000000000046,4.23514428258353,7.923572857142866,11.89443,3.6474000000000046,3.112764485874856,7.738040714285717,11.89443,1.7338199999999802,3.332000759066914,8.830299047619048,14.479319999999973,1.7338199999999802,3.9713391736729173,9.51920892857143,16.17237,1.7338199999999802,4.0378779859515515,-13.502916256350963,-5.871550061261999,-24.21557489755888,9.552307791971073,-13.9316983608951,-4.347563947456408,-29.85101952457334,9.96357629910452,-14.372918095637315,2.3006407609690456,-29.85101952457334,10.216045035349971,-14.325239837478318,4.654345314615469,-29.85101952457334,10.490933872972489,-15.274802999067337,4.654345314615469,-30.81197756197583,10.441093834861478,44.930975000000004,38.481422,14.976991666666668,2.0,1.0,1.0,1.0,47.94548000000003,164.423865,92.766945,23.48912357142857,4.0,3.0,2.0,4.0,108.82452000000012,285.37180290000003,92.766945,20.38370020714286,8.0,6.0,4.0,5.0,206.95353000000028,288.03903895,92.766945,13.716144711904763,10.0,6.0,4.0,7.0,330.40839000000045,288.03903895,92.766945,10.287108533928572,10.0,6.0,4.0,7.0,442.82109000000054,2,103,0,0,0,8,1,1,0,0,1,1,1,0
蒙顶山茶南部加工园,未知品种,2025-07-09,蒙顶山茶南部加工园_同玉609,2.四川雅安蒙顶山加工园,2,5.0,7.0,7.0,R3,0.0,0.0,0.0,0.0,0.0,0.0,0.0,0.0,0.0,0.0,0.0,0.0,0.0,0.0,0.0,0.0,0.0,0.0,23.0,45847,30.03125,103.15625,0.55861795,1.3164015,0.078189775,0.0,0.0,0.0,0.02037207,0.026304834,0.018209193,301.35144,307.08786,296.4633,0.35249776,302.3388,309.85324,297.09866,93563.02,93753.1,93428.586,312.3927,1047.0161,0.0,95.636475,301.5119,0.55861795,1.3164015,0.078189775,0.0,0.0,0.0,28.201440000000048,33.93786,23.313300000000027,29.188800000000015,36.70324000000005,23.948660000000018,93.56302000000001,93.7531,93.428586,79.1216714486245,73.52451853524163,94.51241961401914,95.636475,28.36190000000005,,312.3927,1047.0161,0.0,10.624559999999974,-20.98790107877751,12.754580000000033,0.32451400000000774,1,0,0,0,0,1,0,1,0,2231.3450700581006,0.0,120.13288044855823,0,0,0,0,18.201440000000048,1281.2697500000022,25.752130000000022,28.201440000000048,23.76272,2.254814807717051,24.791194285714305,28.201440000000048,23.066640000000007,1.7270890029743973,25.16877714285716,28.201440000000048,22.31158000000005,1.7630485855796103,24.785328095238118,28.201440000000048,19.760500000000036,2.0899600632036326,25.498098214285733,30.29140000000001,19.760500000000036,2.526790780880149,85.58152448839512,92.24102706976055,79.1216714486245,6.561956105693717,87.320103812558,94.75413975208966,79.1216714486245,5.36021909970208,84.97819345400795,94.75413975208966,73.81276729221968,6.736472399218951,83.73757118156622,95.09136646255845,69.0131529176177,7.965670585636454,78.61913806226939,95.09136646255845,51.09128854952106,13.382792863488392,0.5736230133333332,0.70204157,0.46020952,0.12161228986425945,0.50466312,0.70204157,0.35773498,0.12085175461307401,0.4955868971428572,0.70204157,0.24928385,0.1351366456116498,0.5042932433333334,0.7876787,0.24928385,0.14721534292241373,0.50958657,0.7876787,0.24928385,0.13723554108167318,209.9828866666666,312.3927,101.36881,105.6486639778992,166.12655928571425,312.3927,94.833595,75.94466215857281,184.38099428571428,317.78806,94.833595,78.89010256524396,174.2529942857143,317.78806,77.69814,76.80870593095392,194.31718571428573,358.3153,77.69814,92.08534258104646,98.34981966666668,99.928734,95.636475,2.3603116249037392,100.06135128571428,103.71298,95.636475,2.393712106154093,97.77868135714287,105.19932,86.6059,5.654811371764227,91.50308804761906,105.19932,67.26568,12.92096543306902,85.60526125000001,105.19932,65.13759,15.262351167520503,,,,,,,,,,,,,,,,,,,,,8.165266666666676,10.624559999999974,3.7960500000000366,3.7938097684824843,6.997458571428589,10.624559999999974,2.334350000000029,3.1623890445169516,7.4605157142857275,11.89443,2.334350000000029,3.0526400947646564,7.491180000000007,11.89443,1.7338199999999802,3.216307615011351,8.372088928571433,14.479319999999973,1.7338199999999802,3.815520306099073,-15.019396523790434,-6.595444426242821,-20.98790107877751,7.503840290109611,-13.578719961761516,-1.416405642556569,-20.98790107877751,7.2329549419113475,-13.755209161328308,-1.416405642556569,-29.85101952457334,8.36644864133236,-14.108185384345383,2.3006407609690456,-29.85101952457334,9.14772052601133,-14.138609868549116,4.654345314615469,-29.85101952457334,9.657109214531207,7.4400217,5.695168,2.480007233333333,2.0,0.0,1.0,2.0,47.25639000000007,78.4577789,55.23029,11.208254128571427,6.0,1.0,3.0,6.0,103.53836000000013,242.88164390000003,92.766945,17.348688850000002,10.0,4.0,5.0,10.0,212.36288000000025,363.8295818,92.766945,17.325218180952383,14.0,7.0,7.0,11.0,310.4918900000004,366.49681785,92.766945,13.089172066071429,16.0,7.0,7.0,13.0,433.9467500000006,0,110,0,1,0,15,0,0,0,0,0,0,0,1
蒙顶山茶南部加工园,未知品种,2025-07-16,蒙顶山茶南部加工园_同玉609,2.四川雅安蒙顶山加工园,2,5.0,7.0,7.0,R4,0.0,0.0,0.0,0.0,0.0,0.0,0.0,0.0,0.0,0.0,0.0,0.0,0.0,0.0,0.0,0.0,0.0,0.0,24.0,45854,30.03125,103.15625,0.784489,2.0917017,0.14953643,0.0,0.0,0.0,0.02222211,0.024392664,0.020574784,305.0754,311.33017,299.74847,0.31540477,305.92163,314.52332,299.99875,93469.79,93696.82,93238.1,258.12268,838.8137,0.0,85.57275,305.04382,0.784489,2.0917017,0.14953643,0.0,0.0,0.0,31.925400000000025,38.18017000000003,26.59847000000002,32.771630000000016,41.373320000000035,26.848749999999995,93.46978999999999,93.69682,93.2381,69.5251853521061,54.00751518393028,87.46775589890298,85.57275,31.893820000000005,,258.12268,838.8137,0.0,11.581700000000012,-33.4602407149727,14.52457000000004,0.4587199999999996,1,0,0,0,0,1,0,0,0,2219.61935244013,0.0,78.60491803980163,0,0,0,0,21.925400000000025,1413.8315800000023,30.587443333333358,31.925400000000025,29.28710000000001,1.3195521189529917,28.937404285714308,31.925400000000025,25.846460000000036,1.973223817376446,26.864299285714306,31.925400000000025,23.066640000000007,2.793225220480837,26.424986190476208,31.925400000000025,22.31158000000005,2.5499869283262444,25.823347142857163,31.925400000000025,19.760500000000036,2.730004425087753,76.35895608959497,81.54225600759813,69.5251853521061,6.176207349923739,78.7639333626682,87.55720393478794,69.5251853521061,5.917513815577051,83.37110206645501,94.75413975208966,69.5251853521061,6.976119180787435,83.11391542660603,94.75413975208966,69.5251853521061,6.985764296904594,82.63231833292222,95.09136646255845,69.0131529176177,7.744880892667872,0.61611226,0.784489,0.52730703,0.1458916047140147,0.5522639183333333,0.784489,0.41742897,0.12237489380265734,0.5266327192307692,0.784489,0.35773498,0.11896405127934878,0.5125900035,0.784489,0.24928385,0.13094284367205386,0.5149533933333333,0.7876787,0.24928385,0.14129403104253405,266.81851333333327,274.17392,258.12268,8.109138925985318,271.392815,309.40338,215.53221,33.93037009527998,214.710985,312.3927,94.833595,79.66701764380174,210.4845405,317.78806,94.833595,78.96108865653795,195.83962111111111,317.78806,77.69814,80.33182108803425,90.89289333333333,94.95437,85.57275,4.815794824266639,93.59670249999999,100.05793,85.57275,4.728497192823596,97.07766723076924,103.71298,85.57275,4.840728775322917,96.5240877,105.19932,85.57275,5.623945973968994,91.96833570370372,105.19932,67.26568,11.554678400668859,,,,,,,,,,,,,,,,,,,,,10.117173333333332,11.581700000000012,8.858900000000006,1.373067838139595,10.209182857142862,12.052740000000028,8.824529999999982,1.2466889293205925,8.603320714285726,12.052740000000028,2.334350000000029,2.847843065553733,8.376738095238105,12.052740000000028,2.334350000000029,2.8785831132878874,8.170680714285721,12.052740000000028,1.7338199999999802,3.0731976093589926,-22.70224376825978,-14.347339957528845,-33.4602407149727,9.78043385060843,-20.587927104053957,-14.347339957528845,-33.4602407149727,6.609849604742469,-16.813738642819565,-1.416405642556569,-33.4602407149727,7.588746023168906,-15.805024544146002,-1.416405642556569,-33.4602407149727,8.349279581615345,-15.548127988725067,2.3006407609690456,-33.4602407149727,8.961468704630843,1.1027482,1.1027482,0.3675827333333333,1.0,0.0,0.0,1.0,61.76233000000008,26.072316199999996,13.649925,4.345386033333333,3.0,0.0,0.0,2.0,132.56183000000016,104.5300951,55.23029,8.040776546153847,9.0,1.0,3.0,8.0,236.10019000000028,268.9539601,92.766945,13.447698005000001,13.0,4.0,5.0,12.0,344.9247100000004,389.90189799999996,92.766945,14.440811037037035,17.0,7.0,7.0,13.0,443.05372000000057,0,6,0,4,0,0,0,0,0,0,0,0,0,2
